1144,311.93160520362,255.268019567121,0.06536697788154,0.997861292065503
1145,311.597126826553,255.24021029962,0.07290173481499,0.997339128411678
1146,311.25440021731,255.190309320979,0.080880959134973,0.996723768377883
1147,310.896785503395,255.145143840259,0.091586266122201,0.995797145937762
1148,310.530174139177,255.110943355571,0.103466080677803,0.994632982636899
1149,310.162962511403,255.061953536637,0.115424375051571,0.993316270703322
1150,309.824144868982,254.976004926332,0.127291314215111,0.991865374597475
1151,309.48997534948,254.886224647263,0.1391844495014,0.990266473741787
1152,309.170540424399,254.801239235791,0.151842038103354,0.988404773088748
1153,308.858604676043,254.721332617078,0.165812409735855,0.986157312388642
1163,306.062063089935,253.468903936261,0.307747287667741,0.951468132379192
1164,305.780018359353,253.291368088665,0.321016872932226,0.947073475128944
1165,305.514975665332,253.096990731975,0.332119317916232,0.943237381928249
1166,305.246982344843,252.892196426633,0.341213906973177,0.939985675256863
1167,304.913624974949,252.614908644774,0.350933236793165,0.936400482333212
1169,304.362692532599,252.154033754245,0.364222178365668,0.931312087748552
1171,303.889709496102,251.755881003416,0.378890229200487,0.925441621182235
1173,303.425122180643,251.303465930229,0.393278701685275,0.919419307389585
1174,303.19137032043,251.065188486353,0.400973709245563,0.916089561393347
1175,302.962893907707,250.818240352212,0.408455909140811,0.912778050945548
1176,302.715892573823,250.573285541227,0.415111523346729,0.909770533258117
1177,302.477977798315,250.299183502751,0.42169782039033,0.906736427126453
1178,302.230132094464,250.024760426451,0.426661959721625,0.904411174260083
1179,301.975046021203,249.731735075796,0.429756051208927,0.902945035120804
1180,301.725605803526,249.434714161332,0.43025189890949,0.902708869727543
1181,301.468998117023,249.126073015158,0.429752132874915,0.90294690003868
1182,301.210205739417,248.808059810693,0.428998220090514,0.903305334402034
1183,300.947119255064,248.50036270716,0.429578418227282,0.903029557984314
1184,300.686194291161,248.189495334296,0.430702590103093,0.902493921795869
1185,300.417248731998,247.869346305177,0.432144192069258,0.901804522754687
1186,300.159382250394,247.556644490753,0.433131199259675,0.901330884985018
1187,299.894226319753,247.240459540899,0.434745346065174,0.90055343210421
1188,299.630306271132,246.928931697595,0.436965222312787,0.899478401346656
1189,299.376523974138,246.613727769118,0.440865387900525,0.897573233642425
1190,299.127769556214,246.293053827855,0.444762508029878,0.895648542370819
1191,298.885184598533,245.967627093826,0.448300674417706,0.893882825272211
1192,298.633204579788,245.646431783211,0.451017705949012,0.892515002070268
1193,298.374601852752,245.314241396564,0.453439710266895,0.891286951073039
1194,298.116263968375,244.963048320256,0.455749600286474,0.890108028184624
1195,297.852193419641,244.619205238253,0.457958675466217,0.888973481924645
1196,297.589130799653,244.258819346513,0.460165414849432,0.887833199974213
1197,297.33177435108,243.878538886025,0.461402714766942,0.887190810821266
1198,297.060339325607,243.512704394666,0.461132894490165,0.887331084555885
1199,296.780591491581,243.138012604778,0.460467284882143,0.887676675120659
1200,296.508775398924,242.750323455955,0.459456373615002,0.888200338180836
1201,296.228787950777,242.354842401061,0.458468559762249,0.888710627656455
1202,295.934138635309,241.953574793247,0.458104715025102,0.888898233810693
1203,295.634705393309,241.541782637745,0.458468205105489,0.888710810616902
1204,295.3202260369,241.12670191049,0.458937254192891,0.888468680772648
1205,294.997631790995,240.700671411808,0.459221822168461,0.888321629841511
1206,294.679528854567,240.258982333316,0.459594063226749,0.888129099313117
1207,294.353059414043,239.799428596526,0.459900773441913,0.887970314023803
1208,294.034334167196,239.368804811027,0.459874613463373,0.887983862405119
1209,293.657591205925,238.845552562438,0.460230529578575,0.887799447873124
1210,293.318721794318,238.374747888585,0.460558040915274,0.887629591072923
1211,292.971487707181,237.87945933847,0.460896205881991,0.887454048051833
1212,292.61824936255,237.385403544396,0.462315958014204,0.886715261493457
1213,292.27556311219,236.892001941184,0.463501245148854,0.886096267764097
1214,291.921283721935,236.394578526464,0.464781952656123,0.88542517271939
1215,291.564215671724,235.899898908683,0.465778635719121,0.884901272746081
1216,291.206033871338,235.386189252154,0.466966553807622,0.88427497851349
1217,290.854655697126,234.874899725178,0.468238243629528,0.883602256223203
1218,290.462183642005,234.301861677579,0.469426936264981,0.882971319754427
1219,290.156537158528,233.860149728003,0.469875552886371,0.882732668931952
1220,289.811232466159,233.356970791893,0.468938820866248,0.883230650670918
1221,289.443245456103,232.858235662313,0.467775450633751,0.883847344163228
1222,289.094128088621,232.334164391037,0.46665732419531,0.884438206871952
1223,288.749979992987,231.827490453559,0.465524808857634,0.885034831143986
1224,288.392991275054,231.334936660385,0.464289339399691,0.885683583070048
1225,288.036229501196,230.815259103586,0.463153738714709,0.886277955448846
1226,287.679301058208,230.310697356456,0.462177335141193,0.886787522962398
1227,287.315568039422,229.803806457088,0.461346976310487,0.88721979658322
1228,286.961956795983,229.282677037125,0.461440196690987,0.887171316532372
1229,286.603114549043,228.779248036169,0.461528920484057,0.887125163410903
1230,286.235328331085,228.293804955554,0.460996417081073,0.887401996526047
1231,285.886504879031,227.784487380782,0.460363590433348,0.887730457179045
1232,285.524553937796,227.282812555705,0.459643924563486,0.888103295012397
1233,285.169854781509,226.774556562486,0.461330676733678,0.887228272038514
1234,284.811561145735,226.276825488176,0.463471499469412,0.886111826565685
1235,284.47857607497,225.778799411121,0.46506132073176,0.885278469160541
1236,284.137553402024,225.274004343851,0.464639369180554,0.885500003730941
1237,283.791181915513,224.771451873824,0.463969886365787,0.885850971973119
1238,283.353986952545,224.142732069114,0.462784302248407,0.886470918638877
1239,282.985144397264,223.648306291839,0.464408022958046,0.885621357134187
1240,282.607109028443,223.12601520939,0.465384556170898,0.885108589314111
1241,282.277564533959,222.617937377647,0.467106402775363,0.884201113144662
1242,281.920511306531,222.073719973754,0.467103173742617,0.884202818972873
1243,281.558061093024,221.530854666465,0.466007371950499,0.884780836867407
1244,281.164885869164,220.985679884436,0.464725653726396,0.885454723161254
1245,280.756484295348,220.409821491357,0.463277680481044,0.886213174562477
1246,280.295163763024,219.743270418965,0.461716446729435,0.887027577259887
1247,279.889630533395,219.18108231066,0.460572853785485,0.887621905067633
1248,279.471157169039,218.606165796172,0.459450093425758,0.888203586826276
1249,279.042854982523,218.007803044464,0.458346902705058,0.888773377628223
1250,278.610802785965,217.406374408568,0.457351507553933,0.889286004915261
1251,278.167687410863,216.782129344494,0.45758035902351,0.889168271496411
1252,277.707115320986,216.160650733324,0.45829758214135,0.8887988108697
1253,277.260778248602,215.537426093469,0.45879351264948,0.888542915536864
1254,276.795576096273,214.896093214608,0.459511172977656,0.88817198892371
1255,276.335132416993,214.246699310622,0.459925352949555,0.887957583285501
1256,275.876215848242,213.58577604263,0.460445122483593,0.887688171139544
1257,275.407683796398,212.920421809301,0.460992981123468,0.887403781463038
1258,274.785831082686,212.045061749993,0.461677943191955,0.887047618096146
1259,274.345567429593,211.4203099011,0.462111362154054,0.886821903748506
1260,273.878761509498,210.751987059575,0.46303619862364,0.886339369973019
1261,273.411003565678,210.103247606111,0.463627867536888,0.886030022314819
1262,272.960768605208,209.425622514486,0.464094612731755,0.885785634582862
1263,272.499345205694,208.75395147567,0.464198678845397,0.885731102851305
1264,272.022625538137,208.100594737915,0.463086688983992,0.886312991265413
1265,271.565980683371,207.437640398016,0.46174394330192,0.887013264175905
1266,271.110381297921,206.781221771425,0.460282103685463,0.887772710228741
1267,270.666323401324,206.167751177227,0.459003927039269,0.888434237837855
1268,270.022809419242,205.24602820195,0.457244489611812,0.889341035103876
1269,269.577911384202,204.626788144842,0.455947887400164,0.890006474119895
1270,269.113023617095,203.976244702804,0.454835256076209,0.890575594674641
1271,268.638074494241,203.322069766179,0.454996899897443,0.890493021355988
1272,268.16215015665,202.671706425053,0.456912417148717,0.889511687981286
1273,267.683355020485,202.018060951643,0.458232925294464,0.888832147357463
1274,267.213820707682,201.364322653436,0.458976967601109,0.888448165742769
1275,266.751383450985,200.702842319587,0.458790399332482,0.88854452307149
1276,266.28627692344,200.050609247605,0.458696143176664,0.888593184891069
1277,265.838076709152,199.415747956522,0.458870453590004,0.888503183349449
1278,265.338841772506,198.702447684764,0.459266398748927,0.888298584362371
1279,264.873473303132,198.051218358926,0.460392403398528,0.887715514617677
1280,264.428882472684,197.387179976735,0.461448623811928,0.887166933323192
1281,263.972929538328,196.73599623033,0.462676894637237,0.886526982764114
1282,263.519468988366,196.075183278839,0.463586138038819,0.886051856619156
1283,263.058884524669,195.41952136609,0.463555936648677,0.88606765746063
1284,262.59940218641,194.761645210242,0.46338039517609,0.886159471746734
1285,262.146226638343,194.108046258329,0.463090583991385,0.886310956165227
1286,261.684296180905,193.448672226026,0.46264308865625,0.886544625226844
1287,261.227024423786,192.801241488247,0.461426725505821,0.887178323105888
1288,260.778752826987,192.155341661709,0.459954077629411,0.887942704498482
1289,260.308021369512,191.503178766634,0.458617952746212,0.888633542816651
1290,259.855597459168,190.852286807909,0.457230015802486,0.889348476497969
1291,259.394435380011,190.197776836323,0.456093384482837,0.889931921346229
1292,258.925206641264,189.551743646205,0.455002272006842,0.890490276459328
1293,258.459591474079,188.916114210218,0.455322083410474,0.890326794137268
1294,257.985827998451,188.265093472354,0.456633543925962,0.889654880592253
1295,257.519135201576,187.6091255509,0.457517625428726,0.889200552418891
1296,257.053932181784,186.961209801013,0.45769295551944,0.889110318502648
1297,256.476901600754,186.15185296545,0.456949997268057,0.889492383326986
1298,256.029391275641,185.520341965243,0.455714312063115,0.890126095438642
1299,255.53869730556,184.844091968914,0.45443238637627,0.890781233644024
1300,255.077179328207,184.218373490549,0.45300517617089,0.891507885754456
1301,254.618125322677,183.578405791501,0.451369829577761,0.892336974997082
1302,254.146091147951,182.936117606412,0.44987237150433,0.893092855954559
1303,253.672463861034,182.3013803348,0.448261981631675,0.893902229454454
1304,253.186360845297,181.625157680038,0.446982313199934,0.894542794776436
1305,252.723883519006,181.010567780522,0.445762195067556,0.895151420402467
1306,252.232359264221,180.366472887063,0.444768646217266,0.89564549423422
1307,251.64714914744,179.57526873381,0.445010294347999,0.895525453532342
1308,251.183668191415,178.97007832572,0.445413881549832,0.89532478694757
1309,250.688472090944,178.332049249135,0.445656689623602,0.895203951618698
1310,250.207991494072,177.690023550901,0.44605176031086,0.895007165962141
1311,249.740738067753,177.046150226737,0.446893775894954,0.894587029341668
1312,249.252834729619,176.41194065408,0.447772615298015,0.894147462664395
1313,248.775721507068,175.780329956715,0.447873826597033,0.894096770740914
1314,248.30762283701,175.127730360863,0.448053629850766,0.894006680499398
1315,247.839847657358,174.482475412817,0.446956694838685,0.894555595219704
1316,247.358757888018,173.845028320345,0.44560511157041,0.895229626711674
1317,246.707521801084,172.977433785057,0.443677132314579,0.896186700560275
1318,246.256483769282,172.385409991967,0.442197314825537,0.89691779710355
1319,245.771632775775,171.750679666347,0.440826776237745,0.897592197688815
1320,245.286520469686,171.121439144528,0.439221545671612,0.898378780814551
1321,244.798868063463,170.493560627606,0.437824081288527,0.899060661937701
1322,244.30874821318,169.854151926695,0.436364686618733,0.899769892957158
1323,243.814777582166,169.228694257737,0.434764863298691,0.900544009830097
1324,243.308849268572,168.589482202032,0.433218399723107,0.901288975934661
1325,242.817963134433,167.965200608306,0.431748348451167,0.901994103977232
1326,242.351253300458,167.382299635349,0.430472397458049,0.902603741974694
1327,241.652781485891,166.521773362151,0.428409270014576,0.90358480363803
1328,241.179401841715,165.941030758266,0.426839479028014,0.904327407050728
1329,240.67685415602,165.321010643571,0.425303389075331,0.905050842351433
1330,240.164623075258,164.702468538813,0.423787926324841,0.905761444035509
1331,239.649789858485,164.07953226824,0.422528195972486,0.906349779946041
1332,239.129621377887,163.456600230915,0.420950761530103,0.907083489193375
1333,238.602818049158,162.843402218396,0.419509363809621,0.907751008634002
1334,238.081893751361,162.232790705345,0.417932337658681,0.908478156665943
1335,237.568961565648,161.616799636409,0.416484529997429,0.909142803014368
1336,237.076827285759,161.037027351191,0.41507707024858,0.909786252783507
1337,236.503813531974,160.366583884781,0.413352851264722,0.910570930983042
1338,235.973506833921,159.757803320469,0.411805629272139,0.911271706846963
1339,235.433491149718,159.155701171611,0.410397794969171,0.911906601513797
1340,234.899324387966,158.560172419178,0.411163187950907,0.911561754832906
1341,234.367597933214,157.959487030606,0.411625589024062,0.911353046003904
1342,233.838330438066,157.355257344429,0.411227987580874,0.911532523956323
1343,233.310997426908,156.754864011904,0.409969344124013,0.912099302092994
1344,232.670389900768,156.032780436851,0.409032157982185,0.912519968952152
1345,232.133864681223,155.441882597073,0.409867802094153,0.912144936293848
1346,231.536482355627,154.766896537382,0.410486019037485,0.911866891697882
1347,231.074931072145,154.229643137735,0.409940129898126,0.912112432707234
1348,230.535746809208,153.619170628199,0.408999767407201,0.912534487162461
1349,229.899188298072,152.914735921466,0.409035801485081,0.912518335762881
1350,229.361750162545,152.310083776633,0.409807708718642,0.912171936574886
1351,228.830869619033,151.716601971554,0.410600712799792,0.911815252476236
1352,228.304531917739,151.108807875241,0.410792067088489,0.911729059324735
1353,227.772110085782,150.50868476343,0.410613145747018,0.91180965367764
1354,227.239598286291,149.916501168798,0.410074684620367,0.912051946455632
1355,226.716470801847,149.306670016684,0.40898604737502,0.912540636384243
1356,225.980140761295,148.510380022324,0.407690165386774,0.913120325612624
1357,225.498045337381,147.935820693718,0.406422229044513,0.91368537896723
1358,224.964165105978,147.33740482693,0.405500239810663,0.914094937910442
1359,224.285839152323,146.594122622873,0.404152737874187,0.91469151328128
1360,223.747975093791,145.995890540731,0.403287357584327,0.915073388976344
1361,223.22015193147,145.393620020354,0.4024475236318,0.915443057061788
1362,222.696812987393,144.798054384758,0.401428001883289,0.915890582604708
1363,222.150721905172,144.219875872204,0.400688376192248,0.916214399136152
1364,221.5834917449,143.648293931874,0.399169474233879,0.916877162350469
1365,221.071421643846,143.090762670053,0.398462707259241,0.917184534825809
1366,220.469752751296,142.452810179803,0.397351241799832,0.917666601026828
1367,219.944430007906,141.861551451572,0.396983339141967,0.917825815960575
1368,219.393672762293,141.279062246648,0.396406948176314,0.918074905134402
1369,218.844240025007,140.684733075418,0.39574692481159,0.918359609032415
1370,218.311880512727,140.096072373105,0.394884216014482,0.918730894191889
1371,217.770742168397,139.516841344084,0.393987118777022,0.919115961257218
1372,217.226539201345,138.931130099861,0.393431505834176,0.919353930875946
1373,216.672821079266,138.356503552398,0.392567786376953,0.919723074136503
1374,216.120007889545,137.78147067499,0.392006555554568,0.919962423364261
1375,215.439291475898,137.057965256223,0.391370760076684,0.920233083602735
1376,214.91275892029,136.508512431628,0.390912458417831,0.920427862384515
1377,214.348300940559,135.922705217869,0.390748916416451,0.920497302722484
1378,213.810752741836,135.366951964188,0.390291294889382,0.920691427750671
1379,213.258565167304,134.788262476296,0.390087075924713,0.920777971715498
1380,212.712670969482,134.209938713709,0.389683897112562,0.920948674102507
1381,212.161792481091,133.630742973588,0.389313539705683,0.921105296804785
1382,211.585076006708,133.045930638583,0.387637516515547,0.921811887420454
1383,211.051780010099,132.484489617166,0.386194968351895,0.922417175913198
1384,210.505586480147,131.90071899278,0.384857134222313,0.922976156917495
1385,209.810080248279,131.18962557877,0.383043589770188,0.923730268171379
1386,209.269096053075,130.658886858475,0.38149578214681,0.924370579477838
1387,208.710814359841,130.094046872194,0.379876604165781,0.925037169851825
1388,208.148470329421,129.529277340455,0.378354471806548,0.925660787580412
1389,207.577187381505,128.966869529601,0.376816105154699,0.926288088499492
1390,207.008789651426,128.414381837391,0.375296007798859,0.92690501483714
1391,206.433587260197,127.855953087757,0.374042701340955,0.927411482338644
1392,205.858900331818,127.291075672496,0.372645126197888,0.927973927392877
1393,205.289754432452,126.743202311469,0.3714113427385,0.928468424064699
1394,204.721089583698,126.190744773342,0.37026654813014,0.928925553171938
1395,203.941491430697,125.448236840699,0.369270905314258,0.92932179490658
1396,203.39464146221,124.926208871704,0.368310297821321,0.929702922722506
1397,202.814827138486,124.37172498243,0.367451222362466,0.930042794275796
1398,202.239157297254,123.819149013019,0.36684499191871,0.93028208189998
1399,201.651550016938,123.274932622328,0.366062541142713,0.930590251384647
1400,201.070366158417,122.717411684238,0.365579886690245,0.930779966720141
1401,200.487516079496,122.169193601882,0.364876167039626,0.931056057778731
1402,199.908052382585,121.623572824966,0.364489173661663,0.931207625765295
1403,199.324236050015,121.088496531805,0.363999460368082,0.931399158713248
1404,198.768848492587,120.576517501732,0.363486008964688,0.93159965719558
1405,197.966336148927,119.83324567663,0.362908160297458,0.931824912303548
1406,197.412831484156,119.317091113343,0.362317426327471,0.932054763723376
1407,196.821319281612,118.773814544936,0.36218860973735,0.932104828319501
1408,196.232355547841,118.232549000653,0.362064067887996,0.932153212054969
1409,195.640024348003,117.694057518639,0.362598338572536,0.931945516038591
1410,195.058638227431,117.140553653542,0.363402182219185,0.931632359870746
1411,194.466511113988,116.601157725227,0.363853293651842,0.931456268806382
1412,193.879405015402,116.059696586549,0.363825899792924,0.931466969162014
1413,193.290185853291,115.517066340798,0.363376763909346,0.931642274400841
1414,192.729703229691,114.998252450377,0.362343419730967,0.932044658896594
1415,192.077566857188,114.392632477682,0.360776000031544,0.932652495735276
1416,191.500821970284,113.858379489492,0.359343403421911,0.933205399907843
1417,190.794314446867,113.210485750758,0.357886291359852,0.933765175221635
1418,190.195897494779,112.677138718355,0.356258592189985,0.93438740118369
1419,189.601723810024,112.140310165956,0.354757647824491,0.93495829388804
1420,189.011561709119,111.606494225792,0.353275451214836,0.935519350718602
1421,188.393909681091,111.057547191579,0.351845489828031,0.936058091833874
1422,187.804480618737,110.54914935474,0.350179812297556,0.936682496398459
1423,187.199641533507,110.024665905701,0.348735126286494,0.937221324818179
1424,186.524519051475,109.430326037385,0.347133624824819,0.937815678327027
1425,185.986364081175,108.967540748424,0.345790527897926,0.938311734348491
1426,185.371162330774,108.434622806104,0.345502377642789,0.938417874426516
1427,184.778364450289,107.923235452827,0.347419412184475,0.937709844268148
1428,184.167196983741,107.40285841036,0.349137078099158,0.937071662519139
1429,183.560737576547,106.876049666556,0.350749474851469,0.936469329925662
1430,182.962571422856,106.34452036516,0.350550913016112,0.9365436761751
1431,182.346347670011,105.788844276632,0.34927924594404,0.937018680898499
1432,181.674582080077,105.198688190485,0.347980173279954,0.937501892800251
1433,181.157107080672,104.7614114692,0.346234431157856,0.938148025996322
1434,180.396162115217,104.103485098488,0.344299024563372,0.938860043715095
1435,179.816686851077,103.602797532918,0.343024759293801,0.939326362086911
1436,179.199323233882,103.089154735991,0.341315191580461,0.939948902864615
1437,178.588187264727,102.57062905793,0.339784624413626,0.940503274322897
1438,177.981561340866,102.045327741984,0.338181840506449,0.941080784391898
1439,177.360067210003,101.526496765321,0.336535231035265,0.941670875769258
1440,176.744915642724,101.009760293712,0.334760351697632,0.942303298801017
1441,176.115500253675,100.508734718619,0.333279111343711,0.942828210196294
1442,175.312245696607,99.8413207986297,0.332039846056905,0.943265360665018
1443,174.861830050108,99.4986531085883,0.330522665927524,0.943798054304078
1444,174.153197061684,98.9333270902727,0.329194697497152,0.94426206698128
1445,173.613293210141,98.4871311636233,0.327670959882271,0.944791904098374
1446,172.993397457949,97.9801586714421,0.326212956673436,0.945296306402588
1447,172.352384784212,97.4780325663595,0.324803943067001,0.945781369328096
1448,171.734320565779,96.9745909179511,0.323553168359808,0.94620999109306
1449,171.094392226412,96.4849287048525,0.322514874831523,0.946564395861373
1450,170.446947229292,96.0030294265615,0.320850300488749,0.947129919639476
1451,169.816884750641,95.5034426271952,0.320693591013921,0.947182992183979
1452,169.181634914024,95.0090838215266,0.321411294015619,0.946939691891308
1453,168.528336028512,94.5185138335629,0.322057712110635,0.946720037851774
1454,167.684063473056,93.8483146742194,0.325323445114653,0.945602800365319
1455,167.084489395556,93.3855959600919,0.327827347482873,0.944737651542662
1456,166.441295194335,92.883444160425,0.328988308993294,0.944333994170353
1457,165.813706881665,92.3891935899162,0.328057635899008,0.944657709188018
1458,165.189232564879,91.8732898245441,0.326948125791751,0.945042286377314
1459,164.544242393259,91.3740397014618,0.325925292173258,0.945395527766964
1460,163.908914273416,90.8808007832145,0.327178729227007,0.944962474991151
1461,163.271929617286,90.378573446389,0.326441705070789,0.945217336484301
1462,162.645085531439,89.874629110907,0.325435499039465,0.945564242114164
1463,162.050990959114,89.4031281421074,0.324336082307234,0.945941914555854
1464,161.165054899528,88.7210852244421,0.322718954862811,0.94649483684395
1465,160.557274225218,88.2503972309562,0.321555163870014,0.946890847240868
1466,159.928701661091,87.7546163678829,0.32039097650634,0.947285396368652
1467,159.285648983968,87.2649678971811,0.319752900907608,0.947500966944715
1468,158.63618630095,86.7696875387951,0.319589897047297,0.947555960197232
1469,157.992198792921,86.2804469446247,0.319765681524827,0.947496653777185
1470,157.348078864143,85.7862480357541,0.322585551354355,0.946540311902989
1471,156.708286695321,85.302365760718,0.325850481733283,0.945421315369073
1472,156.066867973413,84.7954268293396,0.329332618941118,0.944213972625583
1473,155.466813713862,84.3033245637322,0.332087314585325,0.943248649875264
1474,154.757271344957,83.7516118972056,0.334937884059737,0.942240210255106
1475,154.146243089048,83.2440535026284,0.338171636588017,0.94108445115589
1476,153.549238802995,82.7410780176145,0.342378043996245,0.93956227839846
1477,152.967215242903,82.2604944410736,0.346493800552973,0.938052261965375
1478,152.428197053721,81.8047003067922,0.349883554244246,0.936793199414585
1479,151.924705053554,81.3632974036043,0.353870904738207,0.935294276032823
1480,151.440196378706,80.9388524772262,0.358281831325651,0.933613479627377
1481,150.973110162563,80.5234812585148,0.36256301781794,0.931959257752584
1482,150.515412824631,80.0952199297542,0.366854651819754,0.930278272582031
1483,149.943559559549,79.5674567988283,0.371789394381895,0.928317104348048
1484,149.528098606402,79.1667122425676,0.375428958657137,0.926851173059417
1485,149.077763476081,78.7357919545752,0.378775761553119,0.925488477756398
1486,148.651917431407,78.3262624488303,0.381819539166995,0.924236895774186
1487,148.227476413638,77.8978688973956,0.383102814494408,0.923705707206826
1488,147.807880601393,77.4369783613209,0.382816414446735,0.923824438316147
1489,147.369268136021,76.9970035507552,0.382129161655543,0.924108924214258
1490,146.910286150923,76.5547753539614,0.382181014656812,0.924087480726738
1491,146.46685661182,76.1156214539478,0.385154867465079,0.922851953494144
1492,146.002164250728,75.6635352620584,0.389261089863479,0.921127463448082
1493,145.492075590741,75.1340253597456,0.393194218592851,0.919455440173779
1494,145.078422291273,74.6841567309705,0.397394536608199,0.917647853086332
1495,144.589371401623,74.1707546549006,0.401813207193822,0.915721653410366
1496,144.036172323492,73.5710088193625,0.40694293211184,0.913453583935286
1497,143.55225188862,73.0285001219706,0.411301064227961,0.911499552695967
1498,143.063299782675,72.4732331294048,0.415610311405224,0.909542780221828
1499,142.570906157818,71.910881750818,0.419634240300983,0.907693287607117
1500,142.079541595933,71.3249361661078,0.422579214263061,0.906325994150457
1501,141.600986569258,70.7418516828976,0.424866416193714,0.905256056809735
1502,141.109162332153,70.152976293731,0.425741189376455,0.904844981015158
1503,140.615422223159,69.5772251407394,0.425765351160365,0.904833612191375
1504,140.124583867034,68.9786676539626,0.426320921686235,0.904571982615314
1505,139.633700664203,68.3959596858642,0.426416209556799,0.904527067713959
1506,139.14610447961,67.8062694265067,0.425286539292047,0.905058760245429
1507,138.660576930848,67.214446184843,0.424427498367672,0.905461925554775
1508,138.162472285321,66.6327400996314,0.421179502884065,0.906977302003932
1509,137.665703876382,66.0363438859769,0.413369496464124,0.910563374726327
1510,137.183607644401,65.4435532688366,0.401985866060308,0.915645872315135
1511,136.517582602923,64.7056398864366,0.38030202634983,0.924862351247045
1512,136.018556597489,64.1911583181087,0.367426332818664,0.930052627517082
1513,135.240259654876,63.4702227128114,0.348487155534565,0.937313556088584
1514,134.696167172946,62.9907551118718,0.33312642486996,0.94288216923079
1515,134.118552974074,62.4782010035452,0.316632317335432,0.948548351755879
1516,133.514936498506,61.9903915103949,0.299977527682704,0.953946268342915
1517,132.889255338598,61.546790589277,0.282330332195878,0.959317248631633
1518,132.237390809367,61.1230966139927,0.264431825708008,0.964404380720416
1519,131.64149279449,60.7484156019292,0.247536040714537,0.968878686186961
1520,130.973127231849,60.3513453170859,0.231160218264519,0.972915697011771
1521,130.295436782427,60.0019023217173,0.216956845644581,0.97618119584837
1522,129.64144425715,59.7099231095041,0.204633607783537,0.978838641741065
1523,128.890261747511,59.3823283170738,0.191117603467516,0.981567145764788
1524,128.206403778356,59.0917282611026,0.179881401180992,0.983688305058652
1525,127.471818115486,58.8195320960369,0.171940906661399,0.985107265538356
1526,126.739674946604,58.5590598523516,0.165610843115449,0.986191182602334
1527,126.00766061997,58.2879004842626,0.160454228823936,0.987043281955009
1528,125.265317239151,58.0335336854404,0.157532374748594,0.98751382314683
1529,124.512258658977,57.7886741135097,0.156544444306935,0.987670915313716
1530,123.764277959319,57.5544396898425,0.155532227998338,0.987830818538212
1531,123.011761950293,57.2971200718378,0.154699151661739,0.987961625001264
1532,122.208052529302,57.0189656453964,0.154235505109466,0.988034113259065
1533,121.580033817387,56.8215191135968,0.153600085156119,0.988133095205314
1534,120.879368375791,56.608875470823,0.152928278646258,0.988237290123325
1535,120.04718507227,56.338572021252,0.152282120310706,0.988337065900938
1536,119.378474006728,56.1094858342704,0.151963138272284,0.988386161682993
1537,118.680998576035,55.8868106948938,0.151384818748758,0.988474904412047
1538,117.996564565176,55.6700994156399,0.150682707320539,0.988582177522209
1539,117.297262011385,55.4475510612883,0.150267040559448,0.988645445304587
1540,116.630800307531,55.2304984615494,0.149483869512789,0.988764164376664
1541,115.954363412561,55.0114481539487,0.150234721448903,0.988650357037902
1542,115.203522293909,54.7759363008458,0.151379299933515,0.988475749602204
1543,114.600770419404,54.5795462756877,0.15262600734992,0.988284018832857
1544,113.901902210628,54.3481623727037,0.152746497586781,0.988265403358314
1545,113.237133199802,54.1303272250295,0.152346499254472,0.988327144302385
1546,112.562452340335,53.9119739293605,0.151727407928366,0.988422376154718
1547,111.878148095247,53.6945767565518,0.151740173690039,0.988420416466858
1548,111.19211577222,53.4703146289766,0.153673574520949,0.988121668871781
1549,110.489131075617,53.2336866767104,0.156637421465871,0.987656174079079
1550,109.824781728354,53.0217377284108,0.160604924499886,0.987018772985796
1551,109.128987152397,52.792056865661,0.16393803146107,0.986470639117389
1552,108.36862611575,52.5118623185517,0.167067169083976,0.985945516250399
1553,107.767349920745,52.2970899198239,0.168421027342714,0.985715150309066
1554,107.068081141103,52.0513784030477,0.170521880009128,0.985353889949267
1555,106.405653144367,51.8152325132007,0.172068409471212,0.98508500265817
1556,105.720052955519,51.5608903531854,0.175455666733106,0.984487333088263
1557,105.033401127925,51.3073877268105,0.180369325549769,0.98359895607952
1558,104.341487721358,51.038815830857,0.18559523324653,0.982626281653491
1559,103.628889130615,50.7526346758246,0.190726978630299,0.981643122332428
1560,102.954591721147,50.4810839417855,0.195589768406875,0.980685802127544
1561,102.263198311758,50.1791976856546,0.200110994324789,0.979773233942602
1562,101.489832706461,49.8317143776675,0.204806468035053,0.978802488069481
1563,100.881586537457,49.5701501619569,0.206569096010648,0.978432015304765
1564,100.166359582124,49.2579051200611,0.206277450272813,0.978493542906108
1565,99.4913425167878,48.9532238727281,0.205985402983942,0.978555064243982
1566,98.7923835177663,48.6275269347933,0.205585550123395,0.978639147786589
1567,98.1020364623562,48.3091565504393,0.205215014231138,0.978716914094221
1568,97.3907688669492,48.000772366192,0.20546976185778,0.978663464609826
1569,96.6647413681158,47.67621116155,0.205807672180375,0.978592459643796
1570,95.8444849197906,47.2872010192005,0.206679932951991,0.97840860856544
1571,95.1423907956936,46.976348445382,0.207283381882786,0.978280941036487
1572,94.3567632444724,46.6267359669464,0.207807019482081,0.9781698434597
1573,93.630095175867,46.3000246851259,0.208211363241034,0.978083855411851
1574,93.0394967749688,46.0266327709357,0.21100516239112,0.977484946914425
1575,92.3382628489165,45.7066802359446,0.214063498090112,0.976819747335927
1576,91.6531356514821,45.3739563174502,0.216808124201883,0.976214237388526
1577,90.9647793085029,45.0404274437646,0.217982092186367,0.975952769085705
1578,90.2793871832565,44.710070280313,0.217967850373313,0.975955949929933
1579,89.5757283452795,44.3743715313798,0.217975511610352,0.975954238854571
1580,88.874139674165,44.0417123387054,0.217931669897032,0.975964029693662
1581,88.1780224469176,43.6961857248325,0.217362981743145,0.976090843194285
1582,87.4702607674921,43.3513708383721,0.217000550983058,0.976171481284436
1583,86.7613864335454,43.0253384621533,0.216309913927967,0.976324751881502
1584,86.0435254215519,42.6883221793437,0.215625070015854,0.976476230729995
1585,85.3536925299609,42.3524066062486,0.215203397602927,0.976569248778681
1586,84.6335427257211,42.0246057965697,0.214408067131783,0.976744173644672
1587,83.9184055062382,41.7005851625852,0.214294018170798,0.976769201897876
1588,83.2108823541576,41.3624374154656,0.21380019639492,0.976877410948525
1589,82.4951985399633,41.0354779035084,0.213440963888767,0.976955963661738
1590,81.7836039586842,40.6900404701881,0.213100675643871,0.97703024622584
1591,81.0694016193618,40.3730130389974,0.212504209174343,0.977160151194873
1592,80.3535901159926,40.0496171838749,0.212286949401928,0.977207373648819
1593,79.6459819959963,39.708790636442,0.211553364069198,0.977366448242933
1594,78.9351283315241,39.3893333474123,0.211164757558467,0.977450482206272
1595,78.2337902683175,39.0525604042479,0.210740289609587,0.977542086222004
1596,77.5155796469733,38.7172058424456,0.210228689358529,0.977652237848712
1597,76.7980101242384,38.3996368371184,0.209657250147638,0.977774942131639
1598,76.0893287792356,38.0730786567077,0.208956191090744,0.977925002341615
1599,75.3806777213402,37.7411086691769,0.208635743067057,0.977993418543733
1600,74.6647919053577,37.4198170101197,0.207974940970803,0.978134154361349
1601,73.9378267488832,37.0895627764308,0.207387617386482,0.978258849259621
1602,73.1338011761173,36.729944565826,0.2068000870246,0.978383219401589
1603,72.5213807080307,36.449203931005,0.206068651385734,0.978537536794611
1604,71.8026891541108,36.1292174925248,0.20557976910816,0.978640362203315
1605,71.0939451005257,35.8078765709821,0.204381117354001,0.978891392785293
1606,70.3812947274411,35.4805956679904,0.202576853350517,0.979266367484661
1607,69.6736371983782,35.1655125599556,0.199947297798157,0.979806653428734
1608,68.9686775010398,34.8620397698791,0.196577222086702,0.980488345548623
1609,68.2410396362486,34.5516470058725,0.195372977430734,0.980729014401965
1610,67.5251558557154,34.2533983673447,0.194299448007137,0.980942263593593
1611,66.8090305907356,33.9458799012838,0.193707989001215,0.981059231135972
1612,65.9942955091174,33.6066983299397,0.193046299802594,0.981189648402656
1613,65.3744191531856,33.3479760447478,0.192382523578149,0.981320011322353
1614,64.6443842822728,33.0489973521506,0.191325434602323,0.981526656833238
1615,63.9239022165524,32.7638902479073,0.187877807386961,0.982192409607949
1616,63.2091788489655,32.456812676391,0.185510658311926,0.982642252120616
1617,62.469668813314,32.1862233813518,0.184322613861796,0.982865796545569
1618,61.7546638837001,31.8979433325327,0.183762251094096,0.982970719336456
1619,61.0356157780606,31.6028507730236,0.183108308267312,0.9830927461046
1620,59.9224495430253,31.1614455552978,0.182159603828699,0.983268975780774
1621,59.3571488736973,30.9494585533292,0.181471037401702,0.983396289694216
1622,58.6374054745306,30.665003068141,0.180959384111751,0.983490570011678
1623,57.9077150237125,30.3820114477749,0.18042921701349,0.983587971483944
1624,57.1858633378716,30.1040598718428,0.179707229519112,0.983720138890409
1625,56.4762027654536,29.8254237122417,0.179179547326139,0.983816390298515
1626,55.7666509283453,29.5501589497186,0.178434726327503,0.98395175107341
1627,55.0570844713669,29.2763739861441,0.177849726892227,0.984057658191003
1628,54.3414272611993,28.9996077688191,0.177463973753512,0.984127297670181
1629,53.63291721488,28.7266078238642,0.176859351913606,0.98423613510209
1630,52.9147439571688,28.4605636317673,0.176498617322401,0.984300887982572
1631,52.20452054309,28.1891580335046,0.176013250587508,0.984387797373382
1632,51.4866292729729,27.9203631734767,0.175500693165084,0.984479307399894
1633,50.7743742329454,27.6450791679283,0.17487391951553,0.984590834952914
1634,50.0739958899553,27.3846801428697,0.171799208955261,0.985131986995827
1635,49.3691809075006,27.113255815616,0.169463282392888,0.985536501566851
1636,48.6538410343919,26.8559475988537,0.166447367904909,0.986050340356682
1637,47.9400496655787,26.6044221111566,0.163825342445508,0.986489359888191
1638,47.2268186684576,26.3493981792575,0.162965234314686,0.986631811976869
1639,46.5011888949305,26.1001100209112,0.161946405785986,0.986799554951765
1640,45.7653554290287,25.8502350029729,0.161353245813728,0.986896717020264
1641,45.0805588870974,25.6029118856837,0.160810143141191,0.986985358484567
1642,44.078152655846,25.2551580126783,0.159893155214375,0.987134326682844
1643,43.3637650627279,25.0174528805232,0.159200694436722,0.987246240251572
1644,42.608534899139,24.7662679716723,0.158783570762456,0.987313414097025
1645,41.8576148739808,24.5143734006464,0.158220595307134,0.987403789348945
1646,41.101755821707,24.2612437780655,0.157653143031758,0.987494550107598
1647,40.3478738053338,24.0092032612017,0.157125677878171,0.987578615276437
1648,39.5962308217775,23.7580856667949,0.156506924515783,0.987676861417038
1649,38.8336259292025,23.5102648392791,0.155931718456365,0.987767836679877
1650,38.0794994923669,23.2663869775082,0.155322205221209,0.987863863376539
1651,37.32861526253,23.0070627737357,0.155059111452018,0.987905193809462
1652,36.5816816908388,22.7496924583092,0.154644131654409,0.987970238693886
1653,35.8183861989277,22.5066612784929,0.153876711992555,0.988090055362546
1654,35.0639432855606,22.2625652372247,0.153314122341696,0.988177504242328
1655,34.303272806825,22.0027281464003,0.152872717485762,0.988245886532556
1656,33.537566524819,21.7507637673121,0.152497027973916,0.988303929193405
1657,32.7879053307459,21.5098821796755,0.152026770930073,0.988376376144521
1658,32.0363662357701,21.2693102524487,0.151586875793914,0.988443938262075
1659,31.2784049288966,21.0204278818601,0.151260406152281,0.988493950174025
1660,30.5223860094397,20.7723040935263,0.151172295197205,0.988507428988174
1661,29.8515499219024,20.5532264849822,0.1510372983965,0.988528064595582
1662,29.0052885672252,20.2745459189888,0.150554414396881,0.988601723802671
1663,28.1368283844178,20.0024175540138,0.149889419094004,0.988702767288361
1664,27.5049460625685,19.7865195841544,0.149662967538581,0.988737071292235
1665,26.757329729838,19.538889727,0.149553894163054,0.988753575336477
1666,25.9987764599124,19.3014191585578,0.148904978319559,0.988851509293307
1667,25.2311460164492,19.0749117644836,0.148427521222106,0.988923288705379
1668,24.4683976616154,18.8338242377034,0.147918390882402,0.988999570090281
1669,23.7028941500737,18.5862220817067,0.147662437085195,0.989037817615717
1670,22.9465235084516,18.3575549715123,0.146905299937573,0.98915056126469
1671,22.1802166142099,18.1135985525894,0.146349933985177,0.989232883007098
1672,21.4128309626304,17.8816273348172,0.14569791487478,0.989329125014088
1673,20.6429753362923,17.6573516854487,0.144896504022125,0.989446816722438
1674,19.8842603380235,17.4064789521527,0.144403228544897,0.989518927350968
1675,19.1150195350131,17.1750452440299,0.143805604887259,0.989605955925392
1676,18.346891543357,16.9457186816052,0.143232864192471,0.989689015102836
1677,17.593295181826,16.7129608925134,0.142708111589699,0.989764817967633
1678,16.8511679990607,16.4908164525492,0.142090275429857,0.989853703144191
1679,16.1319253700579,16.2708060106845,0.141365273546352,0.989957503853153
1680,15.418802685564,16.0540756615575,0.140914772190636,0.990021730558709
1681,14.7990922729775,15.862648501837,0.140570537016565,0.990070666226848
1682,13.894719207084,15.5923908206726,0.139790235984183,0.990181139955456
1683,13.2788616092041,15.412960139907,0.138894147233115,0.990307233066782
1684,12.5549052438744,15.2044556971324,0.138380405296499,0.990379151350621
1685,11.8265630433143,14.9820773056362,0.137679590305855,0.990476819725334
1686,11.0974038163307,14.7675789531914,0.137553619864807,0.990494321872714
1687,10.3649928825754,14.5438502509809,0.136997470764449,0.990571397226946
1688,9.62733451534298,14.336556702163,0.13635740352505,0.990659708731463
1689,8.8982330345979,14.1372693415979,0.135678178141281,0.990752962133479
1690,8.17125427082186,13.9257956972992,0.134997022110365,0.990846004191032
1691,7.4415986078321,13.7071475555216,0.134800838902196,0.990872713233776
1692,6.71254441714898,13.4955752474193,0.134057238222419,0.990973590405
1693,5.97931396806557,13.2971297098236,0.133569418429407,0.991039459587977
1694,5.24492487358983,13.0896369204754,0.13299084773665,0.991117265725044
1695,4.51248863521994,12.8712539872835,0.13263674879049,0.991164715307344
1696,3.77769262330916,12.6633716881776,0.131760257460264,0.991281612133507
1697,3.03338062436215,12.4697177270613,0.130823786475097,0.991405636907678
1698,2.29400113934058,12.2631840946244,0.130264483617284,0.991479280826343
1699,1.56179101295708,12.0532002447453,0.129671191954628,0.991557049280104
1700,0.819983236277765,11.8621518421996,0.129160866549432,0.991623653687325
1701,0.072914585772935,11.6599220587729,0.128582981814558,0.991698753043321
1702,-0.659386420341167,11.4577196936667,0.128252309046973,0.991741571793842
1703,-1.40058989869754,11.2550358032857,0.127740236529232,0.991807658758217
1704,-2.14900971717416,11.0466483428305,0.125866018899204,0.992047249523159
1705,-2.88771827308767,10.8494781365082,0.122333992845757,0.992488989457523
1706,-3.63072907472952,10.6514183268754,0.119749517668597,0.992804136281743
1707,-4.27491148514101,10.4913638052574,0.118698116951075,0.992930388814981
1708,-5.2495937512826,10.2592401563535,0.117890291774059,0.993026625577294
1709,-5.87310986388391,10.1008397731012,0.117235819945456,0.993104104573995
1710,-6.61866144283825,9.91362108804262,0.116646436676809,0.993173503880668
1711,-7.36503033181233,9.73784085828069,0.115979518097169,0.993251605275294
1712,-8.11745939685865,9.55088480908034,0.115392430800517,0.993319982137653
1713,-8.87452134664301,9.36498814750166,0.115090126715422,0.99335505371072
1714,-9.63541053520355,9.17959816714654,0.114225204797295,0.993454882009755
1715,-10.3941890297431,8.98905127535823,0.113691414384332,0.993516110737662
1716,-11.1662964889566,8.7993054804327,0.113052609468224,0.993589003306913
1717,-11.9354548322309,8.61613857564949,0.112481064190186,0.993653868406219
1718,-12.7124247393661,8.43550508445358,0.111861501555203,0.993723806935214
1719,-13.4862866907777,8.25289553702752,0.111310911837256,0.993785631263583
1720,-14.2651212650286,8.05826940500839,0.111090010776945,0.993810348862185
1721,-14.9635204581418,7.90207369048741,0.110810291906743,0.993841576513854
1722,-15.932651281461,7.6812165645296,0.110199333041435,0.993909506442726
1723,-16.6049300727418,7.52119230122623,0.109617311741981,0.993973865333723
1724,-17.3836855498046,7.33606823321845,0.108946823156455,0.9940475792054
1725,-18.1658791068895,7.15815583604307,0.108345468358943,0.994113303143098
1726,-18.9510214917419,6.97202203162342,0.110570910735604,0.993868237594451
1727,-19.7408085670152,6.80194313510374,0.111696029659748,0.993742419824297
1728,-20.5218965416272,6.62093917066056,0.111451615530744,0.993769861384208
1729,-21.2995492349237,6.42649976774565,0.111221194806074,0.993795676095398
1730,-22.0725770063313,6.24564698179617,0.111435252739046,0.993771696340253
1731,-22.7673275240788,6.09368946887194,0.111937382902177,0.993715262189834
1732,-23.7354256803686,5.86140640911433,0.111885266386156,0.993721131487954
1733,-24.3999383855768,5.6869547700549,0.111419099291225,0.993773507552466
1734,-25.1806394938331,5.51405957466171,0.110773141481696,0.993845717969483
1735,-25.9567365567303,5.33893734137686,0.110251798925511,0.993903687906272
1736,-26.733892643058,5.1626184010923,0.109581550671194,0.993977808480902
1737,-27.5133743593083,4.97285604757952,0.108946074292923,0.994047661279961
1738,-28.2893770292382,4.79408365530028,0.108581815875041,0.994087515896502
1739,-29.0708749020142,4.62290548790443,0.108476340440612,0.994099031065121
1740,-29.8451363009511,4.43510874149005,0.108454122196612,0.994101455274341
1741,-30.5422215379488,4.275627980578,0.109394655163699,0.99399839508
1742,-31.510801600321,4.04705641140296,0.110567717273428,0.993868592871786
1743,-32.1828570782994,3.89222230539896,0.11213496298975,0.993692985823734
1744,-32.9627381488798,3.70670218499674,0.113741935206285,0.993510328167518
1745,-33.735291130146,3.51633569546415,0.114490745278723,0.993424314804869
1746,-34.5142057919739,3.3313567263511,0.115209243789369,0.993341245567444
1747,-35.2944741433009,3.15250053571226,0.115442761944639,0.99331413395491
1748,-36.0762096155626,2.95897052309765,0.116073242591771,0.993240656816983
1749,-36.8585373260877,2.76605499034964,0.117063840531259,0.993124391624771
1750,-37.6365262142783,2.58156916392761,0.117767183419592,0.993041233035878
1751,-38.3755001615375,2.40448537611445,0.119304339817688,0.992857731248876
1752,-39.2322389616678,2.17355256885195,0.120634552335085,0.992696985380188
1753,-40.0062649652311,1.97295735173529,0.121984094551285,0.992532055238773
1754,-40.782168880435,1.78596134736001,0.121824808935992,0.992551618772399
1755,-41.5530898874872,1.5846996854437,0.121390111636978,0.992604876472387
1756,-42.332121663722,1.37563546003954,0.121015757819737,0.992650586238337
1757,-43.1116112549521,1.17715423282481,0.120636375791882,0.992696763788318
1758,-43.8845320409018,0.980077415767444,0.120152289873871,0.992755472026252
1759,-44.6628608654897,0.783830149396785,0.119688823093915,0.992811455225207
1760,-45.4469130272857,0.588850156609809,0.119154343989068,0.992875743639925
1761,-46.2200111196539,0.388489795715232,0.118796186636915,0.992918660334535
1762,-46.9922258441125,0.186385367463452,0.118297975704441,0.992978141221765
1763,-47.769897957597,-0.004680000312275,0.117807858483842,0.993036408435991
1764,-48.5429348303811,-0.193585929175922,0.117131376741523,0.99311642851311
1765,-49.324635593835,-0.388117451919564,0.116550499171683,0.993184766870108
1766,-50.0939929716677,-0.587986219969861,0.115883754804574,0.993262782637301
1767,-50.8734156170875,-0.773692831426669,0.115340751137424,0.993325984320885
1768,-51.6435368794341,-0.965446905339983,0.114797566486102,0.993388906083045
1769,-52.4216395202635,-1.15462857054472,0.114227924343495,0.993454569318686
1770,-53.2053391488956,-1.34403054270356,0.113614269475894,0.993524935656604
1771,-54.0649469697808,-1.56393297204826,0.11289538765909,0.993606879729254
1772,-54.755980264081,-1.72591835815069,0.112310161417885,0.993673199619618
1773,-55.5264569351584,-1.90444896935553,0.111839267841697,0.993726309487996
1774,-56.2991896941009,-2.08329501309771,0.114334935822166,0.993442259243355
1775,-57.0759180584407,-2.25930270059099,0.117255843265419,0.993101740618813
1776,-57.8389901157257,-2.44746156662909,0.120068196100491,0.992765646205173
1777,-58.6197105533183,-2.63643133350495,0.121346038117103,0.99261026542812
1778,-59.3848342837662,-2.83435371172744,0.12113297604072,0.992636288937453
1779,-60.1477278277391,-3.028700670593,0.120794200650617,0.9926775715655
1780,-60.9202120398653,-3.22061572566693,0.120295967502153,0.992738072304433
1781,-61.7590385058452,-3.44353126851482,0.119643289772868,0.992816943455502
1782,-62.4470494692051,-3.61523739970087,0.119139464284163,0.992877529230107
1783,-63.2234949885114,-3.8083943084666,0.118489751769034,0.992955275289735
1784,-63.9883564579806,-3.99619750884138,0.117900631034335,0.993025398064775
1785,-64.7607246976325,-4.18130959860219,0.11722336155504,0.99310557520625
1786,-65.843802058344,-4.45404937958089,0.116451290496849,0.993196404011623
1787,-66.4537626454109,-4.6149051881037,0.115984281376001,0.993251049067502
1788,-67.2624185590961,-4.80169203705444,0.115284329200448,0.993332534170105
1789,-68.0177477121237,-4.97175727940034,0.114333367416811,0.993442439749346
1790,-68.7849719752085,-5.15431923764413,0.113451556294867,0.993543529179408
1791,-69.6486873125049,-5.36396892382205,0.112616827219878,0.993638490713261
1792,-70.32673610721,-5.52153859014988,0.111965271951987,0.993712120222309
1793,-71.1245367961516,-5.69849586292144,0.111998558119664,0.993708369180373
1794,-71.8838811857445,-5.87050884769062,0.112863640940354,0.993610486334402
1795,-72.6554284415061,-6.05108590508653,0.113240276253626,0.993567632239498
1796,-73.4273539467938,-6.23257127209628,0.113691651057765,0.993516083654291
1797,-74.3174249206996,-6.42915671901071,0.114426368942622,0.993431731972865
1798,-74.9941043677202,-6.59651982560523,0.115362196669354,0.993323493923113
1799,-75.745152908677,-6.78747380273565,0.116215535993502,0.993224017628321
1800,-76.5139432599765,-6.97734789240901,0.116951824449499,0.993137589036853
1801,-77.3706780944753,-7.18816208049475,0.117900413558729,0.993025423885351
1802,-78.0551489753988,-7.35455058934402,0.118490382862148,0.992955199980937
1803,-78.8436210627383,-7.55146513760273,0.118713358834087,0.992928566632227
1804,-79.591997410111,-7.74920321093622,0.118638648967338,0.992937496004257
1805,-80.3595605859275,-7.94599185768313,0.118122968627219,0.99299897496558
1806,-81.4617318611539,-8.21594324105704,0.11681120293216,0.993154138525104
1807,-82.0605816621776,-8.36780940654802,0.115783963402323,0.993274420197585
1808,-82.8301488890017,-8.55954388667487,0.114908718994479,0.993376054824681
1809,-83.828856319925,-8.80095179452657,0.113888123022761,0.993493580972898
1810,-84.5577870631239,-8.97328976282297,0.113347101958455,0.993555451133765
1811,-85.4905738877318,-9.17729281986533,0.112898907274816,0.993606479817917
1812,-86.1682625077894,-9.34467500193163,0.112758789703863,0.99362239072221
1813,-86.9599727038014,-9.52575700496814,0.113371999168029,0.993552610486553
1814,-87.7440712296803,-9.70696911232824,0.115325309991124,0.993327777158905
1815,-88.5346166801615,-9.89729444486451,0.117157112222199,0.99311339284885
1816,-89.3145402124713,-10.0899819078894,0.118925577988758,0.9929031709588
1817,-90.1031689913058,-10.2803313278239,0.120662275568238,0.992693616003797
1818,-90.8871500473253,-10.4834980506168,0.122415691910922,0.992478915833465
1819,-91.6788397168986,-10.6870164091987,0.123848758855355,0.992301105980432
1820,-92.4206444359319,-10.8713723886258,0.124507548737303,0.992218660531754
1821,-93.4867760785377,-11.1562616073583,0.124617297166201,0.992204882696609
1822,-94.242299602947,-11.3625133562639,0.123928215445351,0.992291185800081
1823,-95.0306452256694,-11.5641157960016,0.12267996421218,0.992446283876814
1824,-95.8166508263282,-11.7636828212327,0.121448928709114,0.992597681699594
1825,-96.6058122306538,-11.9682412878982,0.120304933045187,0.992736985855263
1826,-97.392095666658,-12.1937567280037,0.119216184648359,0.992868320230779
1827,-98.1938112123404,-12.3923011634042,0.117903730799372,0.993025030028745
1828,-98.9816814398541,-12.5784754116949,0.116440994911807,0.993197611104632
1829,-99.7717826899449,-12.7792538291917,0.115349568261544,0.993324960474605
1830,-100.531720905809,-12.9697188786527,0.114332721635346,0.993442514070872
1831,-101.394354934534,-13.1726932890387,0.113167327258328,0.993575943771389
1832,-102.179900368419,-13.37620473335,0.112225608361602,0.99368275260662
1833,-102.976956804547,-13.547906452025,0.110850505201471,0.993837092030972
1834,-103.768514205742,-13.7388942914359,0.109550959074356,0.993981180589396
1835,-104.556707186722,-13.9394897575264,0.108531232969364,0.994093039644756
1836,-105.343831077529,-14.1098124598015,0.107814187590256,0.994171062219301
1837,-106.148138171337,-14.2976511724788,0.107367220252561,0.994219432527467
1838,-106.926640584673,-14.4861364865763,0.107692702788925,0.994184229288524
1839,-107.723864617358,-14.6704256605789,0.108376075441969,0.994109966890885
1840,-108.614969219889,-14.8714528793897,0.111996738934928,0.993708574214765
1841,-109.316782350215,-15.0383688999274,0.116404835177906,0.993201849750193
1842,-110.111137161453,-15.2359885054095,0.120507405293395,0.992712428283969
1843,-110.90485865822,-15.4406132005038,0.12064725955975,0.992695441089926
1844,-111.690660693618,-15.6506452547341,0.119955644324091,0.992779252097259
1845,-112.48088990362,-15.8444712729924,0.118977254806068,0.992896979972652
1846,-113.271495325874,-16.0372732778724,0.118094684692376,0.993002339094631
1847,-114.058276265825,-16.2424408494035,0.11832580008637,0.992974825981968
1848,-114.854414368688,-16.4388485729344,0.120556639211054,0.992706450438465
1849,-115.645412019717,-16.629438518012,0.122993292756952,0.992407501955121
1850,-116.460490570576,-16.8418403705288,0.124792323101786,0.992182884399272
1851,-117.224255195666,-17.0506782946887,0.125226038736496,0.992128237287079
1852,-118.014700305683,-17.2670072327261,0.124998745445343,0.992156899707446
1853,-118.804997507205,-17.4704587244281,0.12380707077302,0.992306308166286
1854,-119.592480443617,-17.6860494696109,0.122751977632531,0.992437379378318
1855,-120.382311840477,-17.8908076418628,0.121483254881992,0.992593481130758
1856,-121.170000713063,-18.0934295068292,0.120273818721951,0.992740755952952
1857,-121.95907743472,-18.3053747865574,0.119096851965993,0.992882641530101
1858,-122.757441794648,-18.5045615797689,0.117896177175949,0.993025926855536
1859,-123.548207185553,-18.7029632745387,0.117405499047689,0.993084059278651
1860,-124.340247380428,-18.9002694225134,0.116750424190242,0.993161285215749
1861,-125.137928968342,-19.0969905709847,0.116254336249825,0.993219476904834
1862,-125.918978271261,-19.2983926778964,0.116011396492599,0.993247882395848
1863,-126.713319254192,-19.4913244041245,0.117625331015992,0.993058045384749
1864,-127.5112303573,-19.6902282629011,0.118957151451617,0.992899388718977
1865,-128.310135085293,-19.8889451081035,0.12050130996058,0.992713168189978
1866,-129.101044509279,-20.0954877148511,0.122007998298986,0.992529117130109
1867,-129.90272214627,-20.2995358355405,0.123274399830093,0.992372622731265
1868,-130.687890269456,-20.5062804524161,0.124500614676565,0.992219530620698
1869,-131.484188067092,-20.7122791864779,0.125378258790109,0.992109012267684
1870,-132.268891498029,-20.9199500323351,0.126218141706599,0.992002510432374
1871,-133.065447494121,-21.1321648868079,0.126717055848414,0.991938903238052
1872,-133.853042732748,-21.3529238560142,0.126884699381417,0.991917472909358
1873,-134.647910026184,-21.5724233621084,0.126985706869791,0.991904546945309
1874,-135.44007951172,-21.7891868192444,0.126874287645594,0.991918804708542
1875,-136.224942174617,-21.9951326695372,0.126973781799653,0.991906073545018
1876,-137.019055212598,-22.2063690217106,0.126942401958526,0.991910089970356
1877,-137.807209362052,-22.4283215324396,0.126979896278564,0.991905290812124
1878,-138.603140220171,-22.6357012197667,0.127004217550118,0.991902176993519
1879,-139.409960023565,-22.8422351428637,0.126990237606425,0.991903966900357
1880,-140.382058562192,-23.1057407029242,0.127112572291483,0.991888297120922
1881,-141.142418894572,-23.310606414346,0.127075501405608,0.991893047128829
1882,-141.954289014531,-23.5352433095227,0.127710517588075,0.991811485967664
1883,-142.864592358615,-23.7742721875704,0.128293571912809,0.991736234795247
1884,-143.64349033076,-23.9828605850097,0.129077442566847,0.991634516251024
1885,-144.375361383814,-24.2040808965507,0.130088893936854,0.991502334679191
1886,-145.090239072087,-24.3934691215626,0.131225797461811,0.991352505459341
1887,-145.796442922191,-24.5896789955763,0.132358590121525,0.991201898515657
1888,-146.491020443559,-24.7872477471306,0.133215304980821,0.991087121558376
1889,-147.190244958228,-24.9879141789304,0.134202570132997,0.990953919296805
1890,-147.873186260511,-25.1854592131598,0.135092799447011,0.990832950369319
1891,-148.547666318943,-25.386069987828,0.136550437471608,0.990633119790729
1892,-149.213214304416,-25.5852768873627,0.139064516100604,0.990283323277588
1893,-149.878404786125,-25.7763537333265,0.143744902868114,0.989614775000574
1894,-150.536328552632,-25.9787430677396,0.149797998998539,0.988716622443475
1895,-151.189796757625,-26.1879945458345,0.156036767312427,0.987751247656356
1896,-151.838030157859,-26.3929883307772,0.162747135543567,0.986667811308529
1897,-152.47152514839,-26.5978281282801,0.170200371058794,0.985409475137848
1898,-153.089577806765,-26.8155700446618,0.178176068698169,0.983998622226305
1899,-153.672023908866,-27.0559066312902,0.186422313232151,0.98246970494218
1900,-154.255121334974,-27.2782042351451,0.194509056318456,0.980900722300735
1901,-154.832448147388,-27.510645440079,0.202403992792378,0.979302110536735
1902,-155.395403698966,-27.7587513245887,0.210370188364713,0.977621800006217
1903,-155.941472864324,-28.0204371230018,0.217946910924795,0.975960626264369
1904,-156.51101729236,-28.2848670813014,0.225531398096737,0.974235899806885
1905,-157.052438069589,-28.5400866527461,0.231489490598672,0.972837404576102
1906,-157.586806273511,-28.8038095750148,0.235631874944402,0.971842384088174
1907,-158.113971630114,-29.1077643965411,0.239375153801207,0.970927152644651
1908,-158.655862042305,-29.4005340656159,0.243420104046715,0.969920951905817
1909,-159.212836481054,-29.6761049284433,0.246875420134804,0.969047226368903
1910,-159.768102206749,-29.9700779253931,0.250778843240469,0.968044405894158
1911,-160.337550141699,-30.2919743547445,0.255197375369944,0.966888979978721
1912,-160.896065763319,-30.6268865802953,0.260460900914566,0.965484396090777
1913,-161.479778020551,-30.9654975496425,0.266340398653054,0.963879033927667
1914,-162.072813524081,-31.3106120978128,0.271286867181011,0.962498538022325
1915,-162.676689928958,-31.6606108628436,0.274743594812767,0.961517528238231
1916,-163.255360411768,-32.0432071943822,0.27469576318004,0.961531194341055
1917,-163.853499491934,-32.434945260268,0.274029322032227,0.961721337325193
1918,-164.457556426702,-32.8331603244753,0.273093980487488,0.961987358452022
1919,-165.082431761199,-33.2251637546624,0.271910539195485,0.962322533600051
1920,-165.725103359755,-33.6134405523771,0.26968150097444,0.962949577097458
1921,-166.373771219856,-34.0141583289358,0.26368123964629,0.964609871325499
1922,-167.005146313939,-34.430223203,0.254753914283889,0.96700591681594
1923,-167.651308345866,-34.8202895270242,0.244954215913183,0.969534647192331
1924,-168.321607770672,-35.1811159374554,0.234304059281744,0.97216336477163
1925,-169.003559212723,-35.520153141999,0.223793777636403,0.974636519473403
1926,-169.678246093157,-35.8711736106978,0.212560072072767,0.977148000949918
1927,-170.367444669446,-36.2001570716853,0.198124243241867,0.980176914765818
1928,-171.036686402547,-36.5104454698721,0.18193278638308,0.983310968737199
1929,-171.73502983828,-36.7844147652088,0.165666675635632,0.986181805035886
1930,-172.445339380226,-37.0364638831862,0.14844400665369,0.988920814266036
1931,-173.154830699828,-37.2850957428648,0.131545205818279,0.991310172865298
1932,-173.888496840644,-37.5149953556694,0.113901635377573,0.993492031904793
1933,-174.624706012805,-37.6871388485181,0.096105321155296,0.995371170591974
1934,-175.35196502954,-37.851343772149,0.07699030677496,0.997031841348458
1935,-176.101992841361,-37.9959002286813,0.057642228598852,0.998337304462854
1936,-176.855889751495,-38.095792530223,0.037511607566145,0.999296191976035
1937,-177.606349176713,-38.1715693927427,0.018160086017822,0.999835092040595
1938,-178.335868359875,-38.2239525463968,-0.000968958203782,0.999999530559889
1939,-179.05446689149,-38.2391406521101,-0.017401972836939,0.999848574205806
1940,-179.77837820302,-38.2287928176196,-0.029400335262229,0.999567716708812
1941,-180.712829276655,-38.1884062952385,-0.03749948794365,0.999296646849155
1942,-181.233133207267,-38.1478344259678,-0.042857336826974,0.999081202245393
1943,-181.981654119574,-38.1010227718253,-0.050133571467916,0.998742521880325
1944,-182.745229870942,-38.0490710480519,-0.059803942506622,0.998210142435281
1945,-183.507756377099,-37.9779288895679,-0.069121786441499,0.997608229035394
1946,-184.277482590513,-37.8778227680357,-0.078903389052438,0.996882267469955
1947,-185.054153552469,-37.7667182273716,-0.087859680247237,0.99613286091106
1948,-185.816611054563,-37.6535795851667,-0.095084689048899,0.995469186820202
1949,-186.599702759503,-37.5089540324226,-0.098121117751308,0.995174480305456
1950,-187.645491608752,-37.302657747337,-0.099959914897377,0.994991464995409
1951,-188.39145067528,-37.1713544049094,-0.100650333644097,0.994921861422962
1952,-189.188266539272,-37.0335872459638,-0.101453317056224,0.994840300982167
1953,-189.974356281043,-36.876779307698,-0.101645923048308,0.994820640280276
1954,-190.774222335001,-36.7130538735236,-0.097511685002101,0.995234380077402
1955,-191.572533570133,-36.5694556939399,-0.091679693709417,0.995788548719731
1956,-192.37559994011,-36.4236232800589,-0.087676115961475,0.99614903437684
1957,-193.174225561302,-36.2781103422433,-0.084581697268265,0.996416547678339
1958,-193.969195149498,-36.1610480248545,-0.080082224560641,0.996788261021075
1959,-194.720396037264,-36.0334338059401,-0.075136456111243,0.997173261255557
1960,-195.831359610061,-35.8650931581889,-0.06915378343613,0.997606011527832
1961,-196.596143810614,-35.7674920726368,-0.065355662616956,0.997862033230997
1962,-197.407890644903,-35.6558918565949,-0.063485640004732,0.997982752112074
1963,-198.210607155036,-35.5764881399167,-0.060086622247279,0.998193166589971
1964,-199.019444491645,-35.4937103829391,-0.056239021703032,0.998417333802797
1965,-199.83880583518,-35.3876249755824,-0.052883764773096,0.998600674656003
1966,-200.633422268687,-35.2894660302484,-0.048356378081294,0.998830146070321
1967,-201.431819754834,-35.2296728762183,-0.039788934543278,0.999208106796533
1968,-202.222611004343,-35.1719038049908,-0.030930087003273,0.999521550401976
1969,-203.043131215008,-35.1115182512788,-0.022606032181497,0.999744451001859
1970,-203.843907599716,-35.0736077147778,-0.01566285018764,0.99987733003804
1971,-204.653472368668,-35.0542727271021,-0.012820946971503,0.999917808281638
1972,-205.441638835573,-35.0566420242203,-0.010044150456028,0.999949556248522
1973,-206.237081857303,-35.0646310174786,-0.007276064487134,0.999973529092435
1974,-207.043583919719,-35.0509658489086,-0.002677844345404,0.999996414568403
1975,-207.842948634909,-35.0583678216504,0.002157940863394,0.999997671642904
1976,-208.628006437494,-35.0890965909775,0.007035992013521,0.99997524710184
1977,-209.439683719203,-35.1130120081542,0.011168732434428,0.999937627762756
1978,-210.245633246957,-35.1250663762735,0.016801870362414,0.999858838612894
1979,-210.957149731288,-35.1530577297451,0.021903891253245,0.999760080993418
1980,-211.946933199194,-35.2200175040257,0.028718280385616,0.999587545126335
1981,-212.644819877018,-35.266459271539,0.032656352353553,0.999466639088549
1982,-213.442353544265,-35.332998954463,0.032561974403428,0.999469718312141
1983,-214.255184742937,-35.401975999731,0.031708042103021,0.99949717361581
1984,-215.046415594258,-35.4631232872647,0.030283995877533,0.999541334609875
1985,-215.842410383356,-35.5203149283954,0.029080709408309,0.999577066733881
1986,-216.638992537074,-35.5866173895658,0.02767264756204,0.999617038958874
1987,-217.435139733412,-35.6451650035497,0.026343804231553,0.999652941764595
1988,-218.231008175783,-35.6975514578866,0.02582210723938,0.999666553795673
1989,-218.995176965858,-35.7621540662094,0.028231858517984,0.999601401641985
1990,-219.883636519113,-35.8191346636528,0.029930635736963,0.999551978160406
1991,-220.683980229078,-35.8776373135224,0.030093608930182,0.999547084784683
1992,-221.471218444215,-35.9343210504011,0.029031834570824,0.999578487454313
1993,-222.269236768399,-36.0036808591322,0.02766712007243,0.999617191962452
1994,-223.060329432263,-36.0663668250751,0.026409811438151,0.999651200099215
1995,-223.851655111515,-36.1237688508112,0.025088697684814,0.999685229083875
1996,-224.650744683583,-36.1712620087802,0.02379430761872,0.999716875382698
1997,-225.445055998821,-36.2226963909739,0.02248918290704,0.999747086343428
1998,-226.226161211932,-36.2807606303094,0.02129331413284,0.999773271683755
1999,-227.019622307662,-36.3270992346624,0.020617718419448,0.999787432251064
2000,-227.812468920768,-36.3682629454292,0.020991160945178,0.999779661306517
2001,-228.608113219201,-36.4052718353197,0.022925489648372,0.999737176424075
2002,-229.405138324476,-36.4500049981921,0.024440795377673,0.999701279143578
2003,-230.193515669176,-36.5038420881398,0.025623073655606,0.999671675149616
2004,-230.976097620904,-36.5615838604953,0.026444132944666,0.999650292768829
2005,-231.755702687036,-36.6154701803375,0.027111824532141,0.999632406922934
2006,-232.546333652436,-36.6732437453386,0.027117501064928,0.99963225294905
2007,-233.321094945884,-36.736909418663,0.025947203209762,0.999663314644281
2008,-234.097980139056,-36.7872939719095,0.024664907755277,0.999695774886252
2009,-235.063469801944,-36.852970901617,0.022983672092616,0.999735840518454
2010,-235.82822202111,-36.906735940111,0.02175586916787,0.999763313068023
2011,-236.627722386471,-36.9590773791616,0.020425670972296,0.999791374220308
2012,-237.398414426336,-36.9965234701086,0.019145979388522,0.999816698936987
2013,-238.171492669213,-37.0403728873921,0.017572073042168,0.999845599204698
2014,-238.950251449135,-37.0858761397107,0.016365179632968,0.999866081480706
2015,-239.725387156887,-37.1354173518426,0.014929784103252,0.999888544562158
2016,-240.536104676656,-37.1757046357151,0.013726217640818,0.999905791036974
2017,-241.301343951917,-37.2037867090158,0.012305466168903,0.999924284884794
2018,-242.22603425015,-37.2448619809044,0.010725080416524,0.999942484671023
2019,-243.12154372086,-37.2872169595805,0.009387692348311,0.999955934645309
2020,-243.823407738033,-37.3152026368959,0.008007349787483,0.99996794066079
2021,-244.604461575757,-37.3438295091717,0.006571579557349,0.99997840693793
2022,-245.387457583825,-37.3785051620767,0.005349426140125,0.999985691717622
2023,-246.186300976586,-37.4044504928037,0.006401439925274,0.999979510573533
2024,-246.980134755719,-37.4133468762918,0.00637565760381,0.999979675288513
2025,-247.776373742622,-37.4379825811417,0.005361236591759,0.999985628467833
2026,-248.554693473531,-37.4674569200033,0.004021615499464,0.99999191327169
2027,-249.344348095215,-37.4904851775274,0.002744749685916,0.999996233167486
2028,-250.128881368255,-37.5126847506932,0.001276791601661,0.999999184901271
2029,-251.005178228591,-37.535328167036,-0.000311883741832,0.999999951364265
2030,-251.705748412774,-37.5403046198515,-0.001691303858383,0.999998569744607
2031,-252.491888390967,-37.5556769513302,-0.003172600694676,0.999994967289752
2032,-253.277684867328,-37.5744368099866,-0.004399012071683,0.999990324299587
2033,-254.069010956711,-37.5834723479148,-0.003099968392964,0.999995195086438
2034,-254.866571341961,-37.5865120631894,-0.001973358754813,0.999998052925717
2035,-255.649502651077,-37.6082520313691,-0.000209728648088,0.999999978006947
2036,-256.439808824534,-37.6120906495806,0.000725124124193,0.999999737097468
2037,-257.232463130074,-37.6230458337013,-6.80813980572541E-05,0.999999997682462
2038,-258.011970247557,-37.6542257441697,-0.000995317116683,0.999999504671796
2039,-259.063912564875,-37.6712017336224,-0.002786199139617,0.999996118539644
2040,-259.819504430884,-37.6694701068404,-0.003963640222728,0.99999214474724
2041,-260.605520676961,-37.6822266149235,-0.005317036044413,0.999985864463945
2042,-261.395744778672,-37.6884639559879,-0.006540309079834,0.999978611949846
2043,-262.189890588041,-37.6907301145406,-0.007825043894371,0.999969383875352
2044,-262.986889549676,-37.6983350196009,-0.009166291388355,0.999957988668616
2045,-263.771400147025,-37.6865675743808,-0.010688015751336,0.99994288152839
2046,-264.574868003282,-37.6832315219432,-0.011559153936096,0.999933190748403
2047,-265.361479214991,-37.6837976743227,-0.011192147351176,0.999937365957323
2048,-266.087990945332,-37.6931277041006,-0.010954357269269,0.999939999228362
2049,-267.169996182602,-37.6864943418382,-0.010390141745207,0.999946021020392
2050,-267.927527338115,-37.6844580664773,-0.008199422737716,0.999966384168372
2051,-268.726954407832,-37.6690237868896,-0.005861647044723,0.999982820399392
2052,-269.516402851335,-37.6805039586194,-0.003575945493123,0.999993606286475
2053,-270.315275728747,-37.6962160648793,-0.00279278459449,0.9999961001695
2054,-271.112573601691,-37.6903049442614,-0.003918708866425,0.999992321830933
2055,-271.905429731864,-37.7023904920593,-0.005200637508501,0.999986476593311
2056,-272.702352990855,-37.705794706453,-0.006406563935198,0.999979477758691
2057,-273.529367001456,-37.7168313389724,-0.007880932493657,0.999968944969308
2058,-274.534876083175,-37.7162602393464,-0.009372887415079,0.999956073525985
2059,-275.294991719309,-37.7125650230394,-0.010740033077621,0.999942324181496
2060,-276.111870003976,-37.7153667350186,-0.011897312355481,0.999929224474771
2061,-276.887227911044,-37.7119134713195,-0.013183493957237,0.99991309396721
2062,-277.690419208513,-37.7009507366156,-0.014080661616657,0.999900862570104
2063,-278.491599455681,-37.6922768877033,-0.013004058827229,0.999915443652121
2064,-279.30512619571,-37.6833498151659,-0.011835154903281,0.999929962101554
2065,-280.129058937243,-37.675486906706,-0.010408293285129,0.999945832248373
2066,-280.901558195863,-37.6676706348856,-0.009336471258083,0.999956414202363
2067,-281.706863140329,-37.6677630490832,-0.008273469842705,0.99996577426268
2068,-282.60123092207,-37.6647115288518,-0.007263494647881,0.999973620474811
2069,-283.300547826568,-37.6638327000077,-0.006784381225107,0.99997698582087
2070,-284.134233936187,-37.669531383631,-0.006388283299179,0.999979594710057
2071,-284.914717852247,-37.664367049566,-0.006261109431428,0.999980399062246
2072,-285.714932530957,-37.6617461255072,-0.006055679110131,0.999981664207157
2073,-286.520788231842,-37.6544048864704,-0.00584690525919,0.999982906703355
2074,-287.326453588664,-37.6621709721703,-0.005629791143755,0.999984152600269
2075,-288.156507558319,-37.6769735092022,-0.005508285000384,0.999984829283102
2076,-288.928602489104,-37.670887256063,-0.005448602694549,0.99998515625417
2077,-289.739123536052,-37.6760378009921,-0.005226302609313,0.999986342787258
2078,-290.715306471429,-37.6806842009616,-0.004753655889687,0.999988701314011
2079,-291.492433002698,-37.6785580856011,-0.00420461842339,0.999991160552889
2080,-292.280681985824,-37.696759150834,-0.003709445623015,0.999993119982918
2081,-293.089814860844,-37.7064606951861,-0.003264708346405,0.999994670825507
2082,-293.899590145155,-37.7014166271365,-0.002770992520318,0.999996160792857
2083,-294.686207944035,-37.7175748088266,-0.002315035348952,0.999997320302076
2084,-295.482922881292,-37.7320529290455,-0.001814947907372,0.99999835298069
2085,-296.285628715149,-37.7374406918077,-0.001734427368477,0.999998495879721
2086,-297.073817769165,-37.7569004541197,-0.002196192870985,0.999997588365529
2087,-297.865256992585,-37.7592180257778,-0.003283094521232,0.99999461063066
2088,-298.936607635298,-37.755050775153,-0.005299479721991,0.999985957658744
2089,-299.697816714273,-37.7609982759725,-0.006693568385891,0.999977597820203
2090,-300.483383580761,-37.7650239964046,-0.008222128218511,0.999966197732483
2091,-301.276988486286,-37.7667857836097,-0.009787120261915,0.999952104991524
2092,-302.068827627465,-37.7554639591051,-0.011345620864558,0.999935636372261
2093,-302.862456247502,-37.7598286830797,-0.012772836557832,0.999918423995811
2094,-303.651769948989,-37.7550283934306,-0.014023553476645,0.999901665139072
2095,-304.455906767474,-37.7248414497647,-0.014257985036228,0.999898349764968
2096,-305.256192728686,-37.7209510036369,-0.01238090633158,0.999923353641872
2097,-306.051141514952,-37.6970932527614,-0.01057989717217,0.999944031321667
2098,-306.854037151411,-37.699857863204,-0.009106577169859,0.999958534266421
2099,-307.651880192699,-37.7015140024985,-0.008391938677111,0.999964787062644
2100,-308.454768357971,-37.6993646473715,-0.00945138347237,0.999955334677734
2101,-309.254645575907,-37.7060102319567,-0.009847992339203,0.999951507347675
2102,-310.061678845146,-37.7118164412432,-0.010304920487234,0.999946902897225
2103,-310.869577131808,-37.7111996346437,-0.010304301884366,0.999946909272025
2104,-311.66819644691,-37.7087086079879,-0.010432985370338,0.999945574927087
2105,-312.46997722536,-37.6968498484351,-0.010519255700664,0.999944671099108
2106,-313.26107374774,-37.6982416465985,-0.01065303230796,0.999943254841316
2107,-314.016882672299,-37.6866724209631,-0.010892133991682,0.99994067894906
2108,-315.111618506671,-37.6905206460457,-0.011111673769722,0.999938263447317
2109,-315.863868412607,-37.6894699728485,-0.011423418019105,0.99993475063164
2110,-316.679576960127,-37.6817005705471,-0.011614642072188,0.999932547769866
2111,-317.476607291323,-37.6763676041657,-0.011714875911311,0.999931378486735
2112,-318.269200831916,-37.6617228413518,-0.011530958235263,0.999933516291047
2113,-319.079310344136,-37.6516228476873,-0.011112799716752,0.999938250934754
2114,-319.879905180275,-37.6399378046108,-0.010656845246392,0.999943214212384
2115,-320.682371471286,-37.6310149838017,-0.009537706067849,0.999954515047041
2116,-321.473175311817,-37.6373604826559,-0.007558147253257,0.999971436797121
2117,-322.250273293433,-37.6387545636254,-0.006123870169395,0.999981248931273
2118,-323.134029044075,-37.6386230367523,-0.005073720400406,0.999987128597813
2119,-323.936077409704,-37.6493238817758,-0.003998332575223,0.999992006636362
2120,-324.741124390491,-37.6550923043168,-0.003003192441283,0.999995490407412
2121,-325.542629793867,-37.6606739066854,-0.002944710352794,0.99999566433107
2122,-326.338753020784,-37.6796387043976,-0.003416511587245,0.999994163707256
2123,-327.13311447732,-37.6828776139955,-0.004462356774133,0.999990043636446
2124,-327.933760185837,-37.6875105317878,-0.005720925687746,0.999983635370737
2125,-328.903197673805,-37.6949770569239,-0.007199637309649,0.99997408227544
2126,-329.701164015513,-37.6976849704639,-0.008956519887479,0.999959889571329
2127,-330.700529919058,-37.6901922614223,-0.010743740171248,0.999942284358019
2128,-331.466745726214,-37.6903938195346,-0.012122335747827,0.999926521788485
2129,-332.260658081577,-37.6865784484428,-0.013667186448774,0.999906599645474
2130,-333.068209223549,-37.6750910192915,-0.015117278688496,0.999885727413415
2131,-333.866685141378,-37.6640914702747,-0.016403372351071,0.999865455636663
2132,-334.660430368013,-37.648767304976,-0.01761353881775,0.999844869592436
2133,-335.45967005841,-37.6361157158537,-0.018187851211003,0.999834587353491
2134,-336.687526916008,-37.6162708225175,-0.017484874267781,0.999847127900981
2135,-337.295049898759,-37.5959655572562,-0.016796043645243,0.999858936509479
2136,-338.044821400011,-37.584180919938,-0.016323754825943,0.999866758637561
2137,-339.130926237041,-37.5772801564071,-0.015393762087342,0.999881509024343
2138,-339.897804180241,-37.5689422779425,-0.014807738166625,0.999890359434668
2139,-340.685845634577,-37.5589367512521,-0.014448476321969,0.999895615317906
2140,-341.490571841915,-37.5397939587885,-0.014091411403424,0.99990071113319
2141,-342.285802281468,-37.525905002572,-0.01242557190001,0.999922799601528
2142,-343.078182668387,-37.5208057098353,-0.009305370767774,0.99995670410017
2143,-343.869735591893,-37.5164246629213,-0.006615812023616,0.999978115276164
2144,-344.673823669177,-37.5164205887352,-0.006198516088771,0.999980789014618
2145,-345.475615516426,-37.5203334256416,-0.007152727253942,0.99997441891922
2146,-346.240613459354,-37.5261002468003,-0.009020643283961,0.999959313169663
2147,-347.101725365806,-37.5238460541325,-0.010365373916532,0.999946278068762
2148,-347.909705981313,-37.5203541757802,-0.010907794848813,0.999940508236133
2149,-348.703435350244,-37.5254186656007,-0.011485338380029,0.999934041325875
2150,-349.502112785679,-37.5179171396827,-0.011991785289336,0.999928095957692
2151,-350.300733533758,-37.513158665873,-0.012268084608042,0.999924744218309
2152,-351.091469824481,-37.5012600168009,-0.012202112059376,0.999925551459353
2153,-351.90300835127,-37.4995268628664,-0.01115227970909,0.999937811394934
2154,-353.037357535688,-37.4910784766746,-0.009274395075986,0.999956991873138
2155,-353.670020126333,-37.4847931141713,-0.007572143263783,0.999971330912238
2156,-354.654612854201,-37.4847484542786,-0.005326126889602,0.999985816085586
2157,-355.420150611987,-37.4846985471979,-0.005226748576032,0.99998634045637
2158,-356.219528592798,-37.4899558579061,-0.005514185651787,0.99998479676273
2159,-357.030730502919,-37.4917560257179,-0.006908191276767,0.999976138161948
2160,-357.830765278854,-37.4956469729201,-0.008392831852118,0.999964779566512
2161,-358.628201420312,-37.501432454215,-0.00947336339615,0.999955126686175
2162,-359.420022994017,-37.4979387856497,-0.010124137529498,0.999948749606341
2163,-360.219816258074,-37.4925575145322,-0.010456816643286,0.999945325998221
2164,-361.252268678214,-37.4812254755334,-0.01009909443655,0.999949002845426
2165,-361.999292564231,-37.485500683178,-0.009784848272745,0.999952127226239
2166,-363.089679525426,-37.4820422142396,-0.009578307187694,0.999954126963541
2167,-363.853280078867,-37.4781260807186,-0.009858878703382,0.99995140007438
2168,-364.649951062859,-37.4766309087798,-0.009926033430975,0.999950735716679
2169,-365.449916960633,-37.4599447924255,-0.009925035513456,0.999950745622031
2170,-366.26029615987,-37.4643859592754,-0.009617168224015,0.999953753968328
2171,-367.059543174635,-37.4652592500875,-0.009619776932027,0.999953728875381
2172,-367.858109976878,-37.4607546442496,-0.009754270733084,0.999952425969589
2173,-368.658041135074,-37.4627077134829,-0.009854572588534,0.999951442520634
2174,-369.455971644937,-37.4759082370415,-0.0100199026325,0.999949799515573
2175,-370.262576020357,-37.4707901275687,-0.01015211071993,0.999948465996088
2176,-371.11072879586,-37.4593260568705,-0.010504289978828,0.999944828424069
2177,-371.910154863593,-37.4607613225737,-0.010612174384878,0.999943689291965
2178,-372.714565134553,-37.4498907116619,-0.010785292576556,0.999941837040554
2179,-373.519455255727,-37.4436673283274,-0.011055979657757,0.999938880789125
2180,-374.314785863639,-37.4356267442165,-0.011307553297584,0.999936067575534
2181,-375.114043629285,-37.4341326681772,-0.011421634372034,0.999934771006725
2182,-375.922563831851,-37.4275537324835,-0.01170510388072,0.999931492924961
2183,-376.74045726713,-37.4221782517063,-0.011677109447077,0.99993182023324
2184,-377.540764794967,-37.4119278860456,-0.011625007483575,0.99993242731747
2185,-378.529027640159,-37.4104035451588,-0.011637583737858,0.999932281029443
2186,-379.302928164431,-37.4046432264465,-0.011611389319655,0.999932585546679
2187,-380.132158449426,-37.3961343493514,-0.011598128913612,0.99993273944086
2188,-381.075635097559,-37.3907098164979,-0.011635521969701,0.999932305022941
2189,-381.877983015108,-37.3821529327704,-0.011623728413963,0.99993244218685
2190,-382.643978285694,-37.391169291888,-0.011402652117805,0.999934987649037
2191,-383.442720303318,-37.3859063273759,-0.011293490892147,0.999936226498205
2192,-384.228929196643,-37.3681177881916,-0.010906881742042,0.99994051819629
2193,-385.042537897875,-37.3625488089546,-0.008353295005889,0.999965110622638
2194,-385.848842290683,-37.3560641317396,-0.006971292540859,0.999975700244916
2195,-386.920149024729,-37.3675122156134,-0.006661869053225,0.99997780950415
2196,-387.686948962014,-37.3791417589593,-0.007669556234888,0.999970588521062
2197,-388.479436032526,-37.3665690647593,-0.009072850192114,0.999958840847658
2198,-389.291056133495,-37.3591655450103,-0.010336744710023,0.999946574427254
2199,-390.091471296697,-37.3517448761067,-0.011402106292516,0.999934993873149
2200,-390.892054264515,-37.3516744022653,-0.011430804174346,0.999934666223713
2201,-391.691578696875,-37.3462286124489,-0.011180827020022,0.999937492599987
2202,-392.498429698581,-37.3378145813207,-0.010705234211173,0.999942697338445
2203,-393.50080871448,-37.3331332369657,-0.010325600267491,0.999946689568557
2204,-394.279329297218,-37.322801536767,-0.008797004556066,0.999961305606792
2205,-395.169266477828,-37.3273992441534,-0.006034298249486,0.999981793456579
2206,-395.978792004906,-37.3308044074557,-0.00400419205278,0.999991983190868
2207,-396.779446433825,-37.3278816147786,-0.002589812019487,0.999996646431229
2208,-397.58477889215,-37.3407552567464,-0.00228931658202,0.99999737951136
2209,-398.375578435543,-37.3545028243286,-0.002343055836868,0.999997255040905
2210,-399.188854973081,-37.3616080557796,-0.002476408668558,0.999996933695352
2211,-399.995731821495,-37.3651516027259,-0.002669603272239,0.999996436602835
2212,-400.798893976257,-37.3827050590608,-0.002775106246691,0.999996149385246
2213,-401.594144098509,-37.3901121112484,-0.002760783589271,0.999996189029725
2214,-402.583924173091,-37.3866558822395,-0.00236444837216,0.999997204688041
2215,-403.352764077286,-37.4010715107556,-0.001873165958981,0.999998245623106
2216,-404.177189127459,-37.4119581494148,-0.000946678282863,0.999999551900014
2217,-404.964889137359,-37.4139416134018,0.000158351571851,0.99999998746239
2218,-405.759023199763,-37.4319752020193,0.001357750016352,0.999999078257022
2219,-406.560848177439,-37.4498844955091,0.002520900374921,0.999996822525602
2220,-407.361711215684,-37.4594814201719,0.003667495246547,0.999993274716694
2221,-408.189345425654,-37.47819060635,0.004873598589821,0.999988123947872
2222,-408.963524999819,-37.4954121235851,0.006277258120163,0.999980297821159
2223,-409.758317531479,-37.5282103222957,0.007979339092457,0.999968164567076
2224,-410.72668451589,-37.5499111190361,0.010132122082115,0.999948668733607
2225,-411.508295223715,-37.5886461722309,0.011727719113259,0.999931227937402
2226,-412.283764252637,-37.6179911040683,0.013469387580607,0.999909283684377
2227,-413.056660430586,-37.6371630906708,0.015250950673918,0.999883697488634
2228,-413.827025830117,-37.6772695797788,0.017065888066353,0.999854367127787
2229,-414.605143217695,-37.7150183268784,0.018943705349682,0.999820551913004
2230,-415.37299825571,-37.7555826166746,0.020877908693049,0.999782032709432
2231,-416.139524756492,-37.8111430233897,0.0224839309269,0.999747204472248
2232,-416.89764576945,-37.8467737698756,0.024106970693577,0.999709384753379
2233,-417.657629756601,-37.8906402078239,0.024289951415863,0.99970495560451
2234,-418.653744805409,-37.9650889940217,0.023649019496768,0.999720322828761
2235,-419.389381900358,-37.9968285436475,0.023296068714171,0.999728609764902
2236,-420.140862572155,-38.0565236084186,0.023029751979814,0.999734780091074
2237,-421.112709969484,-38.1150915008203,0.024204542409871,0.999707027146818
2238,-421.90152415308,-38.1761840561411,0.029127285420609,0.999575710611271
2239,-422.662685795497,-38.242463657745,0.033864555683061,0.99942643144375
2240,-423.480571701253,-38.3013098324456,0.035855091042116,0.999356999498358
2241,-424.242402620279,-38.3719757352902,0.035961486430904,0.999353176556556
2242,-424.99576380696,-38.4295136493808,0.036343750518523,0.999339347668372
2243,-425.641421254046,-38.4828053402942,0.038301705205926,0.999266220472962
2244,-426.335109213273,-38.5316333421187,0.041276662532496,0.999147755404664
2245,-426.990926848191,-38.5918274756259,0.044365042662188,0.999015386763178
2246,-427.640579013964,-38.6615860169147,0.046328312200114,0.998926267293382
2247,-428.291591207722,-38.7378068973674,0.048751608465682,0.99881093339631
2248,-428.939205107146,-38.8085091335159,0.051292235284841,0.998683686959732
2249,-429.591174050142,-38.8968072106172,0.053932654407829,0.998544575263681
2250,-430.229155785377,-38.9792199704826,0.056743518539553,0.998388788550709
2251,-430.870015951216,-39.0629138596439,0.059154506337731,0.998248838907384
2252,-431.512895401915,-39.1333383599297,0.061476705942571,0.998108518462021
2253,-432.316970966443,-39.2530931293229,0.063628274137352,0.997973668355184
2254,-432.926902062839,-39.3474551351276,0.065173369233988,0.997873955939672
2255,-433.581316411388,-39.4407538658116,0.066477231786538,0.997787942227204
2256,-434.204995538177,-39.5334183899157,0.067425584247869,0.997724305902604
2257,-434.839196193357,-39.6392844739708,0.068979711028325,0.9976180629211
2258,-435.488105980953,-39.7369165444814,0.072012951200104,0.997403697035183
2259,-436.123925055078,-39.8381698362485,0.076301828866577,0.997084766161642
2260,-436.779837884061,-39.9460982199667,0.080667236145761,0.996741088253416
2261,-437.422192457421,-40.0433690144133,0.084459866902757,0.996426881854744
2262,-438.054290019269,-40.1607852327476,0.089141933044876,0.996018933441038
2263,-438.757677492644,-40.2925070864325,0.092984222770932,0.995667582236002
2264,-439.309758860889,-40.4222382681858,0.09665379256316,0.995318061919484
2265,-439.957066163611,-40.5726153736687,0.099761669854732,0.995011361356138
2266,-440.571433824894,-40.6799440353276,0.102076328192847,0.99477656949823
2267,-441.212149108691,-40.8176263555666,0.103568998152313,0.994622271328029
2268,-441.835451011352,-40.9780718202928,0.103197662879735,0.994660868022946
2269,-442.479509789036,-41.1253166786944,0.102590291643142,0.994723696340132
2270,-443.128726802957,-41.2695980352884,0.101583720422477,0.994826993876387
2271,-443.766259176181,-41.4029529239216,0.100594308860588,0.99492752752392
2272,-444.413604870764,-41.5318849857316,0.099617597827018,0.995025795747615
2273,-445.134962863513,-41.6897343933993,0.098705117221444,0.995116726738276
2274,-445.712516486188,-41.8116849001829,0.097740230971492,0.995211960965924
2275,-446.470105952878,-41.9736404195842,0.096714170122296,0.995312196899825
2276,-447.159718982454,-42.125667498772,0.095280833644955,0.995450432085858
2277,-447.818117557988,-42.2628228395327,0.093822186443063,0.995588970073013
2278,-448.474913506585,-42.4066040954279,0.091536215996791,0.995801747920232
2279,-449.151245319248,-42.534645249083,0.086924399350494,0.996214910949217
2280,-449.820087865788,-42.6864478302152,0.079685078254607,0.996820088232354
2281,-450.494734494892,-42.8204179868327,0.072972003336973,0.997333989558658
2282,-451.172622489414,-42.9314228963991,0.066320682476862,0.997798359928399
2283,-452.064723441489,-43.0593407432235,0.057104274846494,0.998368219543399
2284,-452.726590935407,-43.1453255158779,0.049991235377301,0.998749656513308
2285,-453.407948733073,-43.233485321593,0.043199632977374,0.999066460106944
2286,-454.125981299162,-43.3165075729805,0.036125811937181,0.999347249814537
2287,-454.810027210388,-43.3888228456492,0.029217182191314,0.999573087005047
2288,-455.509210141481,-43.4382821027385,0.022710583239167,0.999742081443478
2289,-456.207828834856,-43.4675728175383,0.01739838175524,0.999848636700725
2290,-456.889112796305,-43.5202662360118,0.013884641896229,0.999903603713585
2291,-457.591008965255,-43.5508508154379,0.012350303189513,0.999923732097167
2292,-458.248715264065,-43.5646337443023,0.011173076574938,0.999937579231749
2293,-459.206266064539,-43.6182586791481,0.009089494070659,0.999958689695499
2294,-459.876059701533,-43.6535943863074,0.007958205927502,0.999968332977808
2295,-460.578075736818,-43.6729271271834,0.006893597372805,0.999976238875335
2296,-461.290322878836,-43.6877728344724,0.005901410415387,0.99998258652594
2297,-461.99164178922,-43.7002864329021,0.004951870399938,0.99998773941461
2298,-462.713723182469,-43.7147238770274,0.005214152168428,0.999986406216187
2299,-463.406664387008,-43.7505604885876,0.008990147476329,0.999959587807604
2300,-464.140979752816,-43.7588141865401,0.013945529875664,0.999902756370082
2301,-464.872049724509,-43.7813669599092,0.022014136367098,0.999757659535555
2302,-465.509621007521,-43.8089803922709,0.028614064135015,0.999590533835569
2303,-466.403894647907,-43.8807996185329,0.035511877519799,0.999369254357477
2304,-467.011407660192,-43.9496376174172,0.041553316860465,0.999136287929677
2305,-467.735546343828,-43.9959164499963,0.047978640306233,0.998848361902028
2306,-468.45346109264,-44.0661559191421,0.055619798295156,0.998452020899155
2307,-469.16150226935,-44.1497338996212,0.064703729974356,0.997904518141593
2308,-469.875013712714,-44.2451280690238,0.074459411181494,0.997224045080395
2309,-470.575942907555,-44.3797548652884,0.084860922322165,0.996392806007064
2310,-471.274662999728,-44.5181424038956,0.09515639908052,0.995462334653617
2311,-471.961490281253,-44.6560567435749,0.104411085048349,0.994534225313049
2312,-472.571633300159,-44.786322689864,0.113299236191369,0.993560910603096
2313,-473.409616913043,-44.9886157404981,0.124363993097828,0.992236663916811
2314,-473.966322356561,-45.1450105917673,0.134301909160516,0.990940460974241
2315,-474.579891650686,-45.3473723739889,0.143945329362006,0.989585641647485
2316,-475.182998735648,-45.5245096769675,0.152563983349653,0.988293595539547
2317,-475.774246069931,-45.6926687992383,0.160560285620434,0.987026035462837
2318,-476.352823768781,-45.8952392797812,0.169487755818582,0.985532293041472
2319,-477.048612991397,-46.1620783770765,0.177769302677562,0.984072189946212
2320,-477.508104397206,-46.3333250120295,0.185777936730739,0.982591755625941
2321,-478.078871307095,-46.5570810707481,0.193849672115414,0.981031245486476
2322,-478.650577385682,-46.8057286686995,0.202260368007752,0.979331784194391
2323,-479.209768199791,-47.0432961627146,0.212240434780679,0.977217477250642
2324,-479.763732431321,-47.313863756855,0.223474177335932,0.974709850193394
2325,-480.315530873576,-47.5884667336676,0.23363134627361,0.972325251157441
2326,-480.860111048242,-47.8731112685507,0.243819698179208,0.969820578653495
2327,-481.407821367245,-48.1486617230964,0.254627349526726,0.967039250947444
2328,-481.945546302347,-48.4465072793789,0.26498188535889,0.964253390158234
2329,-482.472289109349,-48.7578299145388,0.274962640915631,0.961454911111645
2330,-482.975953833703,-49.1030512696282,0.285683645729172,0.958323982045159
2331,-483.49997153557,-49.4325966644825,0.296384529407633,0.955068694245506
2332,-484.020799672728,-49.7890553157565,0.307316185585531,0.951607462180262
2333,-484.529135275649,-50.1702415749297,0.317893603953903,0.948126392716287
2334,-485.04756972161,-50.5605640645045,0.327040243288965,0.94501041225454
2335,-485.551501568905,-50.9884594199713,0.332016792538332,0.943273475442068
2336,-486.059112416659,-51.4235216370145,0.333518943911238,0.942743397777111
2337,-486.574743400018,-51.8694113355242,0.333476446038697,0.94275843137964
2338,-487.113871268386,-52.3123778443056,0.333095574270351,0.942893068381301
2339,-487.665284545017,-52.7580429049802,0.332184276229932,0.943214507217524
2340,-488.219030169065,-53.2117011826192,0.330613275912624,0.943766317363744
2341,-488.77176644082,-53.6837791316467,0.329778722444671,0.944058257854228
2342,-489.469130035199,-54.2725181127153,0.328459561307358,0.944518034018291
2343,-490.017449396255,-54.707658311881,0.327234472509803,0.944943172895191
2344,-490.608530299845,-55.1847324656473,0.325071120439898,0.94568957203511
2345,-491.160451695353,-55.6329341594588,0.319902876841553,0.947450341383916
2346,-491.723882119903,-56.0886627687386,0.313331450976639,0.949643828932129
2347,-492.295317734838,-56.524452255348,0.305313647208976,0.952251845274113
2348,-492.861180856565,-56.9542885923735,0.298646148991588,0.954363912610119
2349,-493.443389112083,-57.3735859248263,0.290556418286271,0.956857861854442
2350,-493.987932842971,-57.7563715166434,0.281776781231748,0.959479987054798
2351,-494.571239004075,-58.1409453247676,0.269576698270322,0.962978921757725
2352,-495.278923351122,-58.5836786493328,0.253186346657664,0.967417528198732
2353,-495.878945130728,-58.9304613822499,0.238795686733197,0.97106983270907
2354,-496.479567259734,-59.2647574701123,0.223594868731695,0.974682171108539
2355,-497.086525076255,-59.5863474104023,0.208168617207647,0.978092954074334
2356,-497.713569264661,-59.885910932357,0.191214772935964,0.981548221235741
2357,-498.350990680116,-60.1512202643822,0.173181259989895,0.984889969076908
2358,-498.987722856334,-60.4007397184086,0.1549764989424,0.987918156921694
2359,-499.633877288354,-60.6275853073305,0.135387940146119,0.990792665325592
2360,-500.291901320405,-60.8386964644268,0.115516512663798,0.993305559886783
2361,-500.9571806902,-61.0168549478053,0.094755262754521,0.995500597779992
2362,-501.6220961287,-61.1717005190406,0.074270385434345,0.997238140991125
2363,-502.279110201388,-61.3000067698791,0.053609180611094,0.998561993946398
2364,-502.941037993974,-61.38178895151,0.032756449741586,0.999463363510803
2365,-503.58450831178,-61.4527088039128,0.011738140415032,0.999931105656583
2366,-504.221443865254,-61.4885712885925,-0.00991693083282,0.999950826032389
2367,-504.863288768113,-61.5009774098393,-0.031238424236835,0.99951196133473
2368,-505.508132606249,-61.4915683182436,-0.053055383027064,0.998591571330267
2369,-506.124945360564,-61.4476430401735,-0.074557337756074,0.997216728392944
2370,-506.929709232635,-61.3552775624072,-0.103721231655955,0.994606407632573
2371,-507.507625788337,-61.2823137976031,-0.122464308806202,0.992472918052991
2372,-508.358865633428,-61.0800972064416,-0.152073967848818,0.988369115413223
2373,-508.915597578038,-60.9274922656021,-0.173835551644066,0.984774695544419
2374,-509.500442292331,-60.7321931531636,-0.196073815658629,0.980589138637108
2375,-510.053066501759,-60.5091744494664,-0.217968427173015,0.97595582110858
2376,-510.609792651733,-60.2668204695493,-0.240099690473346,0.970748236482871
2377,-511.155645719211,-60.0016115263811,-0.262367434884141,0.964968045643127
2378,-511.671443846626,-59.7217053387436,-0.284365928056664,0.958715817622966
2379,-512.177185725467,-59.406355108412,-0.306765265851113,0.951785202483888
2380,-512.668495407687,-59.092936527528,-0.329336129063923,0.944212748321686
2381,-513.112466122798,-58.7764114590118,-0.35211785660613,0.935955669387768
2382,-513.542989847356,-58.4212077800875,-0.375251432426215,0.926923061781329
2383,-513.942777225903,-58.0548326855993,-0.398370294771577,0.917224677079508
2384,-514.328645475844,-57.6758171589118,-0.420939372143156,0.907088774585887
2385,-514.705029158404,-57.2865971034486,-0.444065655351496,0.895994248718844
2386,-515.048003661715,-56.866935555575,-0.467136052192982,0.884185449293052
2387,-515.336554059238,-56.4524828293477,-0.489130481270291,0.872210623813018
2388,-515.628522545112,-56.0150855022537,-0.511962180264479,0.85900798947323
2389,-515.888946876212,-55.5926101242075,-0.533212259596268,0.845981492833172
2390,-516.127523767538,-55.1442175129539,-0.55199004450932,0.833850700522941
2391,-516.319689176638,-54.7316277998922,-0.563295690353439,0.826255387413143
2392,-516.551847865081,-54.1689017437473,-0.580325582410549,0.814384564195477
2393,-516.712671748847,-53.7531037060706,-0.594247402106437,0.804282304349506
2394,-516.900066765379,-53.2682301864091,-0.608734138318249,0.793374280428814
2395,-517.06383453001,-52.7884920962097,-0.625122072366692,0.780526998021191
2396,-517.156359962822,-52.4271262202911,-0.637164048059663,0.770728211408032
2397,-517.316823699976,-51.6579747700067,-0.657409714212117,0.753533322195869
2398,-517.376804438885,-51.3178782649723,-0.672829769273782,0.739797338180525
2399,-517.445810849848,-50.8143418182154,-0.688139927699165,0.725578004012103
2400,-517.48873709233,-50.3025973913487,-0.702476362926419,0.711707074244502
2401,-517.511949145665,-49.8468331072877,-0.713606390305538,0.700546871890169
2402,-517.533943166866,-49.2175378995383,-0.730784947343585,0.682607764925095
2403,-517.525733805373,-48.773920327766,-0.743845302801363,0.668351827632983
2404,-517.483060059057,-48.2600335052612,-0.757427033106998,0.652919818598525
2405,-517.437160361179,-47.7377881250654,-0.769681212268841,0.638428407482286
2406,-517.352676584032,-47.2219795197453,-0.781270560807272,0.624192527042651
2407,-517.260719353133,-46.7069526475027,-0.792768129044872,0.609523333081428
2408,-517.142364007657,-46.187701170814,-0.804116740000719,0.594471419372383
2409,-517.007140291101,-45.6921547026864,-0.815505508627694,0.578749311358455
2410,-516.842565123476,-45.1798400018998,-0.826681018132323,0.562670857837605
2411,-516.670361995543,-44.7039643304302,-0.835654020119494,0.549256186727222
2412,-516.43622451871,-44.081420210698,-0.848966144375966,0.528447240226881
2413,-516.234167527252,-43.6333145717381,-0.859625051372164,0.510925406545226
2414,-516.053832592336,-43.2471781784926,-0.867422194229404,0.49757284588113
2415,-515.645868066164,-42.4925937237017,-0.879768891310746,0.475401617458188
2416,-515.440661443701,-42.1751796761073,-0.889327757787332,0.457270313085112
2417,-515.134873288205,-41.7197419961667,-0.898119989197676,0.439750480390376
2418,-514.812361957414,-41.3019165330267,-0.906637918443819,0.421909569504959
2419,-514.485227359118,-40.8804954190274,-0.914885595064956,0.403713200109485
2420,-514.157276111921,-40.465690099265,-0.922404754851098,0.386224634413816
2421,-513.836483520572,-40.1359473395712,-0.928343909683257,0.371722457424897
2422,-513.388392692216,-39.682021376174,-0.936782773434473,0.349911467940701
2423,-513.048154874122,-39.3752621552427,-0.943445996114647,0.331526246947721
2424,-512.650674889222,-39.0116900661608,-0.949865627289711,0.312658423992579
2425,-512.238371362677,-38.6749220581871,-0.956078689861385,0.293110113767739
2426,-511.791715677986,-38.3597426596849,-0.961954431517009,0.273209940677107
2427,-511.322849026877,-38.0729302885906,-0.967341824210934,0.253475432995511
2428,-510.861288322378,-37.7905803033423,-0.972227437430455,0.234038052263753
2429,-510.397682166818,-37.5241822189183,-0.976767330440655,0.214302548243916
2430,-509.925139229906,-37.2898225625194,-0.980750084143543,0.195267182220752
2431,-509.46431785038,-37.0752820393298,-0.984235048575952,0.176865398409904
2432,-508.924803858897,-36.8757392561944,-0.98769720702167,0.156378474354984
2433,-508.442491903671,-36.7004530488194,-0.99041327891265,0.138135936502756
2434,-507.931039722594,-36.5452549312659,-0.992530732986376,0.121994852668164
2435,-507.420158932641,-36.4030019993755,-0.994276239762007,0.106839875724021
2436,-506.899361681164,-36.2776431626114,-0.995777601759662,0.091798517601186
2437,-506.362842330851,-36.1640082491925,-0.997022956758116,0.077105276715047
2438,-505.810447382555,-36.0563490180271,-0.998066436524457,0.06215616046195
2439,-505.248564820519,-35.9736408291642,-0.99888142719345,0.047285245140278
2440,-504.675624407088,-35.9120042943371,-0.999495204287346,0.031770058334812
2441,-504.018852924383,-35.8595161868218,-0.999865753870596,0.016385183452882
2442,-503.485006424597,-35.8260651448887,-0.999999452872337,0.001046066454223
2443,-502.876823965713,-35.8026895952942,0.999896749741384,0.014369754925398
2444,-502.254709154202,-35.8096330872373,0.999582436311954,0.028895553579392
2445,-501.604186604613,-35.8390328610219,0.999166490007505,0.040820647301111
2446,-500.946872385784,-35.8768686016223,0.998770311383514,0.049576860518574
2447,-500.271441465228,-35.9400881805087,0.998558603295204,0.053672299979899
2448,-499.592948172207,-36.0071901293237,0.998502136909153,0.054712727841479
2449,-498.897582156276,-36.0706502695853,0.998475111178848,0.055203734985839
2450,-498.184739380261,-36.1433549370913,0.998460979994502,0.055458736267775
2451,-497.296580503968,-36.2279085768742,0.998438268365154,0.055866128056211
2452,-496.591518455181,-36.283200260562,0.998446366683505,0.055721206524162
2453,-495.825525850886,-36.3495324721178,0.998443876831481,0.055765803300251
2454,-494.950810242728,-36.4570840025384,0.998441455667826,0.055809135487954
2455,-494.198016969372,-36.5547241690356,0.998420199613758,0.05618812154916
2456,-493.420498316839,-36.6386963503247,0.998422142522591,0.056153586889883
2457,-492.651788814903,-36.7100101807556,0.998477691774182,0.055157039707561
2458,-491.88801487228,-36.7844349273071,0.998530441595029,0.054193700815095
2459,-491.123506621214,-36.8687689238079,0.998700909941698,0.050955789480936
2460,-490.360074308425,-36.9548857748874,0.998849690616718,0.047950970322687
2461,-489.334797758002,-37.0432773178686,0.999105060950477,0.04229748435951
2462,-488.611026085947,-37.0643967026176,0.999240393561075,0.038969678929997
2463,-487.855465893972,-37.1250313820318,0.999340704685073,0.036306417608215
2464,-487.079570878372,-37.1870346961186,0.999476828376008,0.032342998306209
2465,-486.314802050564,-37.2258741213053,0.999597468051412,0.028370792467006
2466,-485.556349313146,-37.2476246527545,0.999682716359986,0.025188620667285
2467,-484.789037737338,-37.2725977850453,0.999762287847084,0.021802930967307
2468,-483.991604192146,-37.3078562244592,0.999828933221362,0.018496061565467
2469,-483.05943580306,-37.31267032411,0.999918254848796,0.012786071333246
2470,-482.206832960718,-37.3192638046665,0.999950406000634,0.00995919370064
2471,-481.529750753285,-37.3314895557147,0.999954855069753,0.009501990445632
2472,-480.771360043715,-37.3410471339247,0.999956359306934,0.009342348827903
2473,-480.019094198162,-37.3465800678261,0.999961928327309,0.008725932381642
2474,-479.258905836304,-37.3583861383215,0.999984593623856,0.00555090217286
2475,-478.503503130661,-37.3666436473701,0.999995309703512,0.003062771780161
2476,-477.755285760289,-37.3676980635769,0.999999912268482,0.000418883072736
2477,-477.003664653609,-37.3598611581449,-0.999997955169563,0.00202228996259
2478,-476.236476797887,-37.3573245280577,-0.999977244321172,0.006746172235732
2479,-475.488546481016,-37.3573048134838,-0.999942564124051,0.010717670130176
2480,-474.538305242571,-37.3416249795567,-0.999886038394459,0.015096695791962
2481,-473.825879576379,-37.3108155837788,-0.999815607747829,0.019202877488533
2482,-473.04719893828,-37.2780952622074,-0.999731183890582,0.023185339262869
2483,-472.301873228019,-37.244456158767,-0.999604598901713,0.028118425534626
2484,-471.542654361294,-37.2016524466999,-0.999469106815709,0.032580738496982
2485,-470.776366914703,-37.1352427190788,-0.999317268950508,0.036945851963361
2486,-470.012170659237,-37.0685685318887,-0.999162496953644,0.040918268308409
2487,-469.238894246707,-37.009181110672,-0.999019186732509,0.044279391824151
2488,-468.499240102671,-36.9416350457149,-0.998890083232216,0.047102034142233
2489,-467.745986308496,-36.8474954977526,-0.998720914093651,0.050562196866267
2490,-466.805548816419,-36.743134650072,-0.998529884097753,0.054203971844585
2491,-466.067001145647,-36.6671981890925,-0.998474544031489,0.055213992077285
2492,-465.302613614493,-36.5758312161665,-0.998428055645619,0.056048351445055
2493,-464.551573103231,-36.4793498021391,-0.998372133309257,0.057035808327084
2494,-463.788033253808,-36.3932665831526,-0.998341727972237,0.057565564267265
2495,-463.027004873645,-36.3023661015004,-0.998313249750267,0.058057345556448
2496,-461.862604575944,-36.1503088910649,-0.998273697708763,0.058733503751048
2497,-461.272759144711,-36.0770003570972,-0.998249076814708,0.059150491448371
2498,-460.510547532445,-35.9835450157507,-0.998217214293569,0.059685786314561
2499,-459.800205589022,-35.8912378384949,-0.998189494112513,0.060147600479201
2500,-458.738249819285,-35.7499778085235,-0.998106860476945,0.061503618339547
2501,-457.991709719977,-35.6570277735219,-0.998076953707179,0.061987050894503
2502,-457.20944151921,-35.552084513737,-0.99804433437553,0.062510052158876
2503,-456.412938683875,-35.4468485574321,-0.998033458427652,0.062683457617937
2504,-455.608926106716,-35.3395947643292,-0.998029677729513,0.062743624147195
2505,-454.819255209393,-35.22825408864,-0.998020263176199,0.062893197483592
2506,-454.022915953456,-35.127489320456,-0.998020235143043,0.062893642325961
2507,-453.233675429085,-35.0286062466148,-0.998009836416689,0.063058436513554
2508,-452.427121325217,-34.9164602576782,-0.998005219012374,0.063131472532037
2509,-451.710044627561,-34.8213425057407,-0.998006759730946,0.063107111574988
2510,-450.726098123216,-34.6916034950474,-0.998022498778624,0.062857711791567
2511,-450.031642580671,-34.5922473968739,-0.998087985157462,0.061809173140543
2512,-449.237598415187,-34.472863100837,-0.998094171954931,0.061709188210506
2513,-448.445929349191,-34.3647401872216,-0.998292510040606,0.058412878689785
2514,-447.637753810848,-34.2703590365921,-0.998442568271662,0.055789227123947
2515,-446.835579950857,-34.1593806779316,-0.998478668768595,0.055139350867547
2516,-446.036957961345,-34.0781612497068,-0.99848797638748,0.054970546746743
2517,-445.234594042492,-33.9862399528109,-0.998683452965694,0.051296791054784
2518,-444.431238087545,-33.8878955747402,-0.998921537267861,0.046430188265975
2519,-443.671079643647,-33.7921435627763,-0.999074275448142,0.043018509246264
2520,-442.780155292405,-33.7249350786567,-0.99910569951671,0.04228239814895
2521,-441.97599980132,-33.6522117662305,-0.999113595142912,0.042095415434522
2522,-441.18849671602,-33.5768076505976,-0.999119947614642,0.041944371237561
2523,-440.397493291223,-33.5093641018917,-0.999133332979365,0.041624306955728
2524,-439.594678481232,-33.4304637114587,-0.999138322545486,0.041504366288284
2525,-438.801487249185,-33.3660082220955,-0.999130853084541,0.041683790789198
2526,-438.010576291223,-33.3010342376865,-0.999127935125943,0.041753673502686
2527,-437.199719361789,-33.2179714894168,-0.999154040912687,0.041124232854229
2528,-436.424087992332,-33.1459741647701,-0.999229637583478,0.039244507574831
2529,-435.549109348724,-33.0676696961186,-0.999337749160538,0.036387677897183
2530,-434.836675047952,-33.0068113188973,-0.999463143270935,0.03276316900091
2531,-434.043318441381,-32.9500328261355,-0.999570686067954,0.029299207389297
2532,-433.242598095375,-32.8892088565615,-0.99964436470614,0.026667285412247
2533,-432.446499225006,-32.8424103660039,-0.999646628527019,0.026582288738274
2534,-431.648122943316,-32.7962041097178,-0.999651956622659,0.026381160332503
2535,-430.84827283085,-32.7396538170296,-0.999648522239655,0.026510978557465
2536,-430.054613123229,-32.6868147407699,-0.999664882625197,0.025886723352918
2537,-429.263961295728,-32.6316800523383,-0.999713903112008,0.023918861272098
2538,-428.466618082518,-32.5793646102188,-0.999767865278788,0.021545662113183
2539,-427.590907327302,-32.5374311293001,-0.999802242490966,0.019886576126506
2540,-426.876844382043,-32.5078115622302,-0.999830705108614,0.018400030489432
2541,-425.967719699036,-32.462940370758,-0.999842325047636,0.01775739404692
2542,-425.258584416194,-32.431555357378,-0.999855117062579,0.01702189424758
2543,-424.452599587779,-32.3872601077146,-0.999867002347147,0.016308820231088
2544,-423.643901538127,-32.3610579746977,-0.99987712137655,0.015676164956487
2545,-422.843873599127,-32.3201897446249,-0.999875335219685,0.015789680785971
2546,-422.057186257091,-32.2911706200958,-0.99987488594776,0.015818105163213
2547,-421.24234107538,-32.261170239463,-0.99987018077171,0.016112777648467
2548,-420.282715107956,-32.2209318028952,-0.999867949434004,0.016250652129675
2549,-419.483468091667,-32.1864606195431,-0.999862173513374,0.01660222807676
2550,-418.684890482787,-32.1488590387464,-0.999860581621924,0.016697823770412
2551,-417.862050411298,-32.1098440029817,-0.99986139924838,0.016648792540978
2552,-416.960514490595,-32.0746149924908,-0.999859279782337,0.016775596357401
2553,-416.206677588597,-32.0428942381873,-0.999858525640716,0.01682048464145
2554,-415.238774523262,-32.0177793541793,-0.999856612102963,0.016933848764688
2555,-414.506564356707,-31.9898695033896,-0.999856516467594,0.01693949459953
2556,-413.784220403554,-31.9150442594767,-0.999857316745815,0.016892191979127
2557,-412.722329673714,-31.9878253170353,-0.999878913683548,0.015561425738268
2558,-411.974797218992,-31.9558876860521,-0.999877906524837,0.015626005359956
2559,-410.885629331923,-31.9173431552847,-0.999891493448778,0.014730964964067
2560,-410.104460282826,-31.8970536422811,-0.999933822026739,0.011504415108904
2561,-409.30067904665,-31.8689106897903,-0.999935716691632,0.011338539782199
2562,-408.49458051164,-31.8503596318889,-0.999963993137354,0.008486013716564
2563,-407.68860784468,-31.8407822992084,-0.999996997516384,0.002450501625478
2564,-406.878076692176,-31.812127484499,0.999978928601582,0.006491714167409
2565,-406.063269991616,-31.7922447754035,0.999939680038086,0.010983455072506
2566,-405.253954816141,-31.804460775965,0.999922713708869,0.012432482016504
2567,-404.409597875704,-31.827986604294,0.999946596253935,0.010334633044821
2568,-403.603844787431,-31.8416120111325,0.999978544075084,0.00655067855082
2569,-402.797125175312,-31.8507441471636,0.999982238443051,0.005960100538101
2570,-401.995490512279,-31.8513595694966,0.999986552597331,0.005186002748338
2571,-401.194073311162,-31.8545261613419,0.99998715715631,0.00506808863787
2572,-400.395067824154,-31.8528163406,0.999988309833911,0.004835307179277
2573,-399.595533723461,-31.8485809718899,0.999989098694583,0.004669313867778
2574,-398.793362729151,-31.8480075124395,0.999990092468502,0.004451400323164
2575,-397.984835369498,-31.8475512356533,0.999990698050379,0.004313213734122
2576,-397.177399432333,-31.8505118198835,0.999990868033151,0.004273622620919
2577,-396.375180945238,-31.851425926935,0.999991365104951,0.004155684725452
2578,-395.502598445054,-31.8516809395395,0.999991325448842,0.004165216329145
2579,-394.771502792113,-31.8488346774198,0.999992380240983,0.003903775092732
2580,-393.990932361489,-31.8440523099605,0.999992735203643,0.003811763363089
2581,-393.072566691061,-31.794766062718,0.999993472720272,0.003613103492989
2582,-392.275552191834,-31.8008659641167,0.999994428976809,0.00333796574957
2583,-391.471803380712,-31.7955365326272,0.999994509582203,0.003313729839407
2584,-390.668574284891,-31.7828784807215,0.999996373896311,0.00269298983096
2585,-389.859692729442,-31.771956938218,0.999997104690112,0.002406368922916
2586,-389.058867355567,-31.7731008721948,0.999997360012923,0.002297817918233
2587,-388.264364042316,-31.7801807822537,0.999997527376602,0.002223789711691
2588,-387.263953806436,-31.7717195841405,0.999997271691267,0.002335938788307
2589,-386.486156633306,-31.75638990308,0.999998171791308,0.001912175211976
2590,-385.647000192317,-31.7751581590547,0.99999871432475,0.001603542592664
2591,-384.871113933268,-31.7908715616736,0.999998955524826,0.00144531977689
2592,-384.082467803658,-31.776781923368,-0.999999348640969,0.001141366566216
2593,-383.276344626565,-31.7852736272914,-0.999997567448704,0.00220569641473
2594,-382.472232411747,-31.7869809823377,-0.999997183545013,0.00237337355718
2595,-381.639876076665,-31.7733474255347,-0.999996267980951,0.002732036634112
2596,-380.865072371237,-31.756751601806,-0.999995131774166,0.003120324977936
2597,-380.077898474408,-31.7542117472393,-0.999994667233484,0.003265808413477
2598,-379.089031569278,-31.7467106335089,-0.999993956927993,0.003476507945359
2599,-378.32093363056,-31.7388028048497,-0.99999374166177,0.003537885992196
2600,-377.5221451534,-31.7234951430879,-0.999992923992437,0.003761909761781
2601,-376.72659118096,-31.7160414647847,-0.999992065487706,0.003983586528671
2602,-375.92851288616,-31.7073260411632,-0.999992155939989,0.003960815382408
2603,-375.128612241646,-31.6969353904125,-0.999991807675276,0.00404778733806
2604,-374.380802718839,-31.6904721270186,-0.999991973771018,0.004006543840307
2605,-373.534454012582,-31.6816435773024,-0.999991227926931,0.004188564096238
2606,-372.736648398952,-31.6738055674949,-0.999991376054319,0.004153049119583
2607,-371.932238274703,-31.6726052291716,-0.999991192960169,0.004196903870364
2608,-370.867889480027,-31.6561398992445,-0.999990833542701,0.00428168548282
2609,-370.108491508669,-31.6466025439426,-0.999990928261435,0.004259506407178
2610,-369.313316710172,-31.6330311040485,-0.999991848223836,0.004037757530636
2611,-368.319983391249,-31.6220850185016,-0.999992205069985,0.003948391985239
2612,-367.518263076856,-31.6123675999875,-0.999995866014208,0.002875405100876
2613,-366.715192622723,-31.5952254274846,-0.999995996071109,0.002829813024067
2614,-365.913211476355,-31.5908473282832,0.999999647475771,0.000839671562795
2615,-365.114066061269,-31.5907484796868,0.99996534430686,0.008325273885173
2616,-364.320237746632,-31.584148594109,0.999895688014586,0.014443444528169
2617,-363.569114952616,-31.5943661883988,0.999884815854511,0.01517745115593
2618,-362.690665090747,-31.6408902679612,0.999931195444253,0.011730489223701
2619,-361.890873184272,-31.6603558367782,0.999976237133927,0.006893849974526
2620,-361.090344769009,-31.6565072811995,0.999983349182933,0.005770732785733
2621,-360.291936570218,-31.6622181978752,0.999987463439231,0.005007291121201
2622,-359.489827993947,-31.6781280610351,0.999987962562067,0.004906600754648
2623,-358.702112452647,-31.6814387618491,0.999989695073485,0.004539795902813
2624,-357.893842205336,-31.6862990635572,0.99998963288094,0.00455347456827
2625,-357.084673863803,-31.6931283716604,0.999990525132327,0.004353119062515
2626,-356.278712116378,-31.6950136726457,0.999991378712649,0.004152408984678
2627,-355.317954484014,-31.698484860015,0.999992544893765,0.003861367230799
2628,-354.513481517487,-31.7008709741526,0.999992598200182,0.003847537504698
2629,-353.693463962894,-31.711709756036,0.999992480125502,0.003878104233775
2630,-352.905147461613,-31.7145319746298,0.999993152993523,0.003700535917037
2631,-352.097200121972,-31.7157497294275,0.999993706412049,0.003547835437778
2632,-351.302318258444,-31.7141455051991,0.999993809269732,0.003518724514711
2633,-350.504323639303,-31.7255548870228,0.999993918056009,0.003487671285093
2634,-349.683387182067,-31.7249001262007,0.999994029206606,0.003455654950725
2635,-348.901915598435,-31.7225943249318,0.999994406899427,0.003344573195817
2636,-348.099934379385,-31.7336326427466,0.999994689551904,0.00325896731978
2637,-347.119168103291,-31.7409592873954,0.999995429713461,0.00302333461435
2638,-346.352428723434,-31.7485754411018,0.999996044175558,0.002812762562987
2639,-345.560013107481,-31.7493481482541,0.99999687977573,0.002498087028969
2640,-344.534592249086,-31.7554187938162,0.999997847200896,0.002074992427566
2641,-343.731416544639,-31.7560674446751,0.999998529913113,0.00171469286274
2642,-342.938074373824,-31.7458501439624,0.999999120337251,0.001326395387911
2643,-342.140070436884,-31.7419116398281,0.999998368779972,0.001806221856771
2644,-341.336275025146,-31.7479165347144,0.999988904702941,0.004710676279646
2645,-340.540245722736,-31.7395895254841,0.999965100859796,0.008354463624814
2646,-339.796424536637,-31.7424062135903,0.999954969736521,0.009489915659981
2647,-338.846359133491,-31.7652774873624,0.999954168238107,0.00957399724435
2648,-338.142164718006,-31.7815458122778,0.999961403317398,0.008785890706197
2649,-337.347183789718,-31.7894440790425,0.999969512747231,0.007808557873565
2650,-336.549782976863,-31.7994279176026,0.999972560375279,0.007408002194164
2651,-335.744620689086,-31.8106741063745,0.999981415386862,0.006096628649393
2652,-334.949922868977,-31.821828028325,0.999995155414386,0.003112739590635
2653,-334.145617300135,-31.837104665696,0.999996913874631,0.00248439956818
2654,-333.340881415413,-31.8237102164989,0.999998882757837,0.001494818744247
2655,-332.543029942218,-31.8335971375036,0.999999246064011,0.00122795415618
2656,-331.791409853872,-31.8418828617048,0.999999773126439,0.000673607505331
2657,-330.700234377126,-31.8381271709466,0.999999992568994,0.000121909852376
2658,-329.937802374828,-31.8369089485352,-0.999999949546786,0.000317657718314
2659,-329.136262567529,-31.8379218712382,-0.999999700863105,0.000773481545201
2660,-328.336149518018,-31.8424428752042,-0.999999414546727,0.001082084193841
2661,-327.532452878356,-31.8360651333204,-0.999997762976211,0.002115193270948
2662,-326.73265401958,-31.8370281668259,-0.999992128814227,0.003967657947705
2663,-325.924737220849,-31.8351589247673,-0.999988601750162,0.004774554403994
2664,-325.118599700675,-31.8228426555215,-0.99998599006149,0.005293361950844
2665,-324.318911072548,-31.81417251842,-0.999984012836835,0.005654561940697
2666,-323.549604798844,-31.8123135835468,-0.999989006767622,0.004688959789331
2667,-322.660586192131,-31.7991477449648,-0.999987877388512,0.004923928920941
2668,-321.857711846202,-31.7921718924244,-0.999991553583545,0.004110080481911
2669,-321.047886451862,-31.7750756883319,-0.999998643329266,0.001647221790541
2670,-320.249618588128,-31.7725575656783,-0.999999058440526,0.001372267489161
2671,-319.450744165486,-31.7708975709475,-0.999999196911353,0.001267350247209
2672,-318.647424545568,-31.7684160959898,-0.999998531056385,0.001714025983428
2673,-317.850660440054,-31.7631627864187,-0.999997898070333,0.002050330440913
2674,-316.888282936624,-31.7563772614942,-0.999997134885598,0.002393787917513
2675,-316.085375408467,-31.7481427764982,-0.999999707331494,0.000765073151193
2676,-315.09238995176,-31.7327417248856,-0.999999988448535,0.000151996482851
2677,-314.325239254471,-31.7441072720192,-0.999999998322681,5.79192343498204E-05
2678,-313.532449212724,-31.7436888532912,0.999999714398766,0.000755779323535
2679,-312.733047487616,-31.7316892672807,0.999994114881108,0.003430772966811
2680,-311.934858725139,-31.7369331998177,0.999994108317364,0.003432685619224
2681,-311.136954261864,-31.7633771286336,0.999993666656488,0.003559023308876
2682,-310.342733911779,-31.7771243313777,0.999984692932644,0.005532982957222
2683,-309.563468383524,-31.763659371854,0.999985346901405,0.005413500020942
2684,-308.741815559761,-31.779335070265,0.999976410972534,0.006868587809019
2685,-307.944101302066,-31.7954442890996,0.999975030481364,0.007066711667719
2686,-307.051336933355,-31.8085661128861,0.999975306844712,0.007027496056517
2687,-306.349704844888,-31.8139991830574,0.999977181952404,0.006755410759487
2688,-305.549327085656,-31.8272035962351,0.999974060047485,0.007202723939536
2689,-304.748288763521,-31.8334563656712,0.999972516198894,0.007413962965423
2690,-303.9480421063,-31.8431312906456,0.999973639798564,0.007260833837253
2703,-302.398538420061,-32.0627530907835,0.999998993956825,0.001418479939288
2704,-301.600868589482,-32.076397365223,0.999998243962961,0.00187405202543
2705,-300.805468441854,-32.0901265566482,0.999997589281831,0.002195775609348
2706,-299.858163052363,-32.1085000242745,0.999996933980253,0.002476293620363
2707,-299.059964263124,-32.125137515037,0.999995761033573,0.002911685917897
2708,-298.415911458717,-32.1347879141617,0.999995227574881,0.003089470417864
2709,-297.620310722819,-32.1488887577168,0.999994430963617,0.003337370484588
2710,-296.817966696526,-32.1640300758357,0.999995272142039,0.003075011149396
2711,-295.861282598551,-32.1788266202584,-0.999999863096164,0.000523266330546
2712,-295.084775520858,-32.1854142127182,-0.999986918578682,0.005114945895323
2713,-294.258438685548,-32.1900547833117,-0.999963051909205,0.008596209422139
2714,-293.618961203267,-32.1995057931385,-0.999939531517164,0.010996968183773
2715,-292.825726127021,-32.1742566731806,-0.999937788358701,0.011154344996883
2716,-292.02332513955,-32.168888262676,-0.999938013449235,0.011134148337288
2717,-291.073502592206,-32.1688586007212,-0.999939311310771,0.011016973057123
2718,-290.264046579553,-32.1539612963226,-0.999940152626526,0.01094034575502
2719,-289.613941942176,-32.1430491045295,-0.999944547440711,0.010531003921338
2720,-288.812290874636,-32.1411164943022,-0.999966020450593,0.008243660849639
2721,-288.015236473463,-32.1403174098188,-0.999971746280299,0.007517089937603
2722,-287.21739025423,-32.1422779580977,-0.999976082431911,0.006916253619435
2723,-286.260267928719,-32.1392063348375,-0.999979910378618,0.006338678030319
2724,-285.465796175909,-32.1379238248989,-0.999983070378661,0.005818844908259
2725,-284.817904520795,-32.1394100533439,-0.999985188424115,0.005442695323771
2726,-284.017169352861,-32.1314079319241,-0.999987914570865,0.004916371854691
2727,-283.215558779507,-32.1305376190579,-0.999991068770274,0.004226390858032
2728,-282.413254784761,-32.1445392391793,-0.999996006540564,0.002826110918539
2729,-281.464741956663,-32.1468973563011,-0.999999125154889,0.001322758276142
2730,-280.818161037195,-32.1497877473204,-0.999999802690055,0.000628187751856
2731,-280.030365550378,-32.1615853303711,-0.999999984966601,0.0001733978047
2732,-279.245206192079,-32.1781100209644,0.9999999832569,0.000182992349982
2733,-278.467193481454,-32.1867057555833,0.999999868571574,0.000512695654964
2734,-277.550701180623,-32.2006700104505,0.999999686666261,0.000791623256315
2735,-276.792526608944,-32.2096341122986,0.999999243656531,0.001229913153846
2736,-276.178376009014,-32.2146166805161,0.999999101688557,0.001340381318459
2737,-275.415916801187,-32.2244215273147,0.999999307727205,0.001176666949952
2738,-274.659056942525,-32.2416155917885,0.999999830145817,0.000582845037449
2739,-273.762288245101,-32.2529398825435,-0.999999698709847,0.000776260404589
2740,-273.017591678875,-32.2650704806349,-0.999997578320103,0.002200762124842
2741,-272.401345843443,-32.2622217260827,-0.999995604956433,0.002964804853096
2742,-271.654459369334,-32.2706092378398,-0.999995698385225,0.00293312308758
2743,-270.900545248637,-32.2764306832434,-0.999996205647575,0.002754757784827
2744,-270.135074947816,-32.2779237443718,-0.999996470991218,0.002656690631225
2745,-269.249939420551,-32.295160012315,-0.999997200157103,0.002366363867863
2746,-268.502620285683,-32.2968864023612,-0.999997499932041,0.002236096972085
2747,-267.883270046203,-32.3043309611143,-0.999997927286012,0.002036031355559
2748,-267.12848950099,-32.309642562823,-0.999998722091637,0.00159869168152
2749,-266.40049938164,-32.3256266105689,-0.999999027967661,0.001394296860108
2750,-265.524714815431,-32.3349524838421,-0.999999480010387,0.001019793584523
2751,-264.787964333296,-32.3450241133398,-0.99999964272075,0.000845315545637
2752,-264.264319301119,-32.3397553912989,-0.999999720079941,0.000748224591943
2753,-263.560052445312,-32.3539900926298,-0.999997892117208,0.00205323187699
2754,-262.736992490719,-32.3577655393408,-0.99999503158985,0.003152268328486
2755,-262.060913298527,-32.3555292756498,-0.99999174469522,0.004063316553086
2756,-261.25880547904,-32.3606963487403,-0.999990089322501,0.004452107004173
2757,-260.602312694153,-32.3660021679714,-0.99998530828606,0.005420628379921
2758,-260.061475333149,-32.3641068600533,-0.999979632887233,0.006382304498744
2759,-259.428754524894,-32.3750680552804,-0.999971079756992,0.00760523830236
2760,-258.787142676851,-32.3692813361568,-0.999954167027332,0.009574123702665
2761,-258.153966629614,-32.364023982647,-0.999915036497552,0.013035328384817
2762,-257.512926333876,-32.3547834045846,-0.999876305944885,0.015728089839849
2763,-256.747332205247,-32.3380438667134,-0.999844428239516,0.017638574726858
2764,-256.226238424374,-32.3272213558188,-0.999847006995273,0.017491786718161
2765,-255.584415451915,-32.314945720016,-0.999848998302157,0.017377588848063
2766,-254.934329415089,-32.3026482198748,-0.999850127509971,0.017312496015747
2876,-253.223518893335,-31.9479920923646,-0.999950830603389,0.00991646991591
2877,-252.716390070308,-31.9377731807701,-0.99995050175925,0.00994957443434
2878,-252.201217788204,-31.9358651320033,-0.999949771305556,0.010022717494096
2879,-251.692577988075,-31.9247375985837,-0.999950235443818,0.009976303716989
2880,-251.183102019759,-31.9133419641327,-0.999949055912637,0.010093838686314
2881,-250.665984287695,-31.9078594689042,-0.999947611929798,0.010235887645599
2882,-250.153504348132,-31.8957592043431,-0.999947672874674,0.010229932185651
2883,-249.643517054797,-31.8864107426769,-0.999947209493958,0.010275126531927
2884,-249.134303931214,-31.8798695141863,-0.999946034308868,0.010388862785099
2885,-248.659464405102,-31.8724407231329,-0.99994510703223,0.010477734597776
2886,-248.114947754516,-31.8618583590648,-0.999945048376896,0.010483330888978
2887,-247.602969996488,-31.8570678464666,-0.999924801635434,0.012263403864278
2888,-247.081056592728,-31.8499345193701,-0.999888704243037,0.014919086003533
2889,-246.548720662515,-31.8358732158025,-0.999854079882648,0.01708270886079
2890,-246.009269716806,-31.8247218562949,-0.999850556556919,0.017287699465806
2891,-245.455619320772,-31.7992997691606,-0.999844018645743,0.017661777326511
2892,-244.900679391328,-31.7889946333688,-0.999843729929297,0.017678114183097
2893,-244.310790940758,-31.7676218187399,-0.99984373011513,0.017678103672704
2894,-243.737403087077,-31.7435970326333,-0.999843716883126,0.017678852036717
2895,-243.157290140568,-31.7304323020345,-0.999843778054971,0.017675392068123
2896,-242.588501142203,-31.7215143017202,-0.999845770800326,0.017562306588343
2897,-242.025794999223,-31.6973472950064,-0.999849612266491,0.017342227381392
2898,-241.459558023434,-31.6970854591491,-0.999847491080964,0.017464093995991
2899,-240.898232429206,-31.6812776660765,-0.999849096236915,0.017371953091798
2900,-240.342956402298,-31.6630977624772,-0.999849185639086,0.017366806754754
2901,-239.776006310036,-31.6379982712229,-0.999848454587825,0.017408844256213
2902,-239.229985320021,-31.6160466320302,-0.999847035926628,0.017490132896497
2903,-238.676052066039,-31.6091055608306,-0.999844061084328,0.017659374688768
2904,-238.120165732484,-31.5783725632798,-0.999830504840692,0.018410909537746
2905,-237.564514459054,-31.5494921790315,-0.999809754061878,0.019505273203071
2906,-236.857204991665,-31.5218566327305,-0.999784470399458,0.020760846516368
2907,-236.465430779972,-31.5102020404591,-0.999755022911903,0.022133552864828
2908,-235.910557335656,-31.4831140260983,-0.99971292446984,0.023959729713832
2909,-235.39696847438,-31.4562187381803,-0.999665156702141,0.025876137186289
2910,-234.815276763583,-31.4282296197874,-0.999613564765325,0.027797862096934
2911,-234.26332761595,-31.4027424793787,-0.999564598830556,0.029506147913788
2912,-233.717251622699,-31.3645347750475,-0.999477877740953,0.032310554102958
2913,-232.975335238872,-31.3298480627453,-0.999360181513473,0.035766291467794
2914,-232.44884986703,-31.2861509719422,-0.999274224632932,0.038092308728301
2915,-231.899716092101,-31.2459973865554,-0.999178090347557,0.040535709805168
2916,-231.199667433509,-31.1921899794484,-0.999086696937379,0.042729053380087
2917,-230.643755336992,-31.1473489275544,-0.999057022784658,0.043417337834726
2918,-230.080579977719,-31.0950814868986,-0.99901339418176,0.04440988905007
2919,-229.516136118999,-31.0479901814336,-0.999005375370483,0.044589908957968
2920,-228.955272292724,-31.0028611292846,-0.998995001022668,0.044821735036915
2921,-228.384516190436,-30.9488098136755,-0.998980660349668,0.045140228702797
2922,-227.842577071546,-30.9026695707235,-0.998948117409129,0.045854756838934
2923,-227.19722614663,-30.8451638769617,-0.998900522222434,0.046880131225803
2924,-226.623678412828,-30.7961224128453,-0.998848824417619,0.047969010408179
2925,-226.045391119384,-30.7301562979323,-0.998782820915483,0.049324199376272
2926,-225.46324193972,-30.6731140566121,-0.998730194518837,0.050378552543371
2927,-224.859872531088,-30.6140449460122,-0.998673011397212,0.051499672880744
2928,-224.261739174688,-30.5525638272736,-0.998603001711487,0.052839804814252
2929,-223.645745650117,-30.4886335297409,-0.998539738845956,0.054022124592147
2930,-223.025972334891,-30.424057486716,-0.998444694604746,0.055751159769424
2931,-222.400121696631,-30.3493089703944,-0.998339365236899,0.057606525831587
2932,-221.621342203273,-30.2636140473275,-0.998207646068963,0.059845595739863
2933,-221.02002823754,-30.2012912590784,-0.99808476120546,0.061861211186332
2934,-220.398422968287,-30.1247879504312,-0.997947122972908,0.064043264673936
2935,-219.796655337004,-30.0492248199991,-0.997798811489935,0.066313888358877
2936,-219.179635650933,-29.9699054913567,-0.997660265018763,0.068366626380798
2937,-218.556536419646,-29.8812544570542,-0.997487553928183,0.070841935027002
2938,-217.928985981241,-29.793116078359,-0.997327697698331,0.073057945520985
2939,-217.280546420366,-29.707066969158,-0.997164806597347,0.075248577951193
2940,-216.645806683,-29.6149684618181,-0.996971291605786,0.077770455276351
2941,-216.002648712138,-29.5190611776698,-0.99677377203588,0.080262365909335
2942,-215.21054623667,-29.3892888583092,-0.996509690519486,0.083477162749814
2943,-214.592743247157,-29.2846402598782,-0.996266934110436,0.086326102646843
2944,-213.961299883317,-29.172336886432,-0.995942965018387,0.089986723634016
2945,-213.146376157648,-29.0304032809038,-0.995464456350854,0.095134200696167
2946,-212.527448943716,-28.915309221669,-0.995101492821746,0.098858580729916
2947,-211.914106218931,-28.789069929939,-0.994754149520553,0.102294584468783
2948,-211.294597295312,-28.6680451792069,-0.994428012730698,0.105417870859144
2949,-210.695360488872,-28.5446029733549,-0.99410669523194,0.108406081448557
2950,-210.090854203629,-28.4138774928954,-0.993751431369011,0.111615826171924
2951,-209.527557689135,-28.2893703639239,-0.993402233919257,0.114682176663288
2952,-208.700749198778,-28.102395916307,-0.99277384738724,0.120000366432513
2953,-208.135985715805,-27.9622311038353,-0.992294716854168,0.12389993907709
2954,-207.54593595545,-27.8245612110704,-0.99176594464901,0.128063699128429
2955,-206.9704438789,-27.6776342782121,-0.99120010429347,0.132372025929249
2956,-206.4100921901,-27.526231541822,-0.990376365665846,0.138400340788999
2957,-205.867703082164,-27.3750229055961,-0.98948789237597,0.144615735109842
2958,-205.333690917643,-27.224222776903,-0.988584055471107,0.150670386168948
2959,-204.848803632393,-27.0771355188409,-0.987757307029113,0.155998405154007
2960,-204.301754220259,-26.9016068964731,-0.986834916138305,0.161730789555683
2961,-203.808379317035,-26.742476626328,-0.985875597903494,0.16747926874222
2962,-203.277618048402,-26.5564101700704,-0.984760421604343,0.173916393826563
2963,-202.766250776523,-26.3841239091877,-0.983713478391974,0.179743685368817
2964,-202.257442059933,-26.1998714661508,-0.98266798815917,0.185374283672814
2965,-201.750542793872,-25.9950639357466,-0.982160239135792,0.188045911044944
2966,-201.012787325898,-25.6984806502307,-0.981927634222233,0.189256759854779
2967,-200.58566754805,-25.5330798860574,-0.981945000884837,0.189166633519965
2968,-200.034409154645,-25.3189178855136,-0.981826046073579,0.189783074196625
2969,-199.504546601737,-25.1001523507965,-0.981138324148892,0.193306980955948
2970,-198.956053730488,-24.8771654817577,-0.980238364208064,0.197819992252298
2971,-198.28206737149,-24.5968944827886,-0.979132903913896,0.203220954808163
2972,-197.750608646988,-24.3610168743989,-0.978104905808293,0.208112453336532
2973,-197.198249557833,-24.1224135866383,-0.976620802713266,0.214969318061197
2974,-196.639474227651,-23.8800490994774,-0.975166063418753,0.221474939341615
2975,-196.120241792557,-23.6431815918681,-0.973580739948785,0.228343037557041
2976,-195.527173316663,-23.360345924809,-0.971981512237575,0.235057311880226
2977,-194.978030354165,-23.0736997558062,-0.970294021804172,0.241928731760172
2978,-194.420775817634,-22.7786316425213,-0.968697222556952,0.248245223540046
2979,-193.8693788383,-22.4787268962882,-0.967062363899243,0.254539553566059
2980,-193.311165770759,-22.1676852752193,-0.965794921443833,0.259307095377856
2981,-192.876957204967,-21.9127846758039,-0.965423749498414,0.260685603561883
2982,-192.21713665319,-21.5179990749595,-0.965351194154095,0.260954156788626
2983,-191.643997711951,-21.1963699631113,-0.965430035578579,0.260662322560712
2984,-191.074940873922,-20.868088838292,-0.965714992309425,0.259604610184039
2985,-190.494353497387,-20.5261640678139,-0.9668383572036,0.255389097339422
2986,-189.932184307122,-20.1826877854813,-0.968478210850997,0.249098284030322
2987,-189.357584843026,-19.8427421909965,-0.97009231556918,0.242736275149856
2988,-188.768685619458,-19.5459028878372,-0.972175893211758,0.234252070765491
2989,-188.155561376988,-19.2503764263732,-0.974716434880369,0.223445455478745
2990,-187.556380381151,-18.9477387151623,-0.977285857625146,0.211925346492305
2991,-186.745069020268,-18.5521593247577,-0.980619051341049,0.1959241591713
2992,-186.136664167169,-18.2879331413691,-0.982909991187242,0.184086798071714
2993,-185.49014483814,-18.0458134438342,-0.985515434844629,0.169585753184054
2994,-184.866692149202,-17.8247695090959,-0.987887392091544,0.155172486435479
2995,-184.165263865171,-17.570505286029,-0.990022824443674,0.140907086693928
2996,-183.493708868186,-17.3596604130001,-0.992011456934814,0.12614780739303
2997,-182.820267157719,-17.1784761147158,-0.993672794040332,0.112313749755227
2998,-182.13119638746,-17.0116869058501,-0.995130183726414,0.098569353435205
2999,-181.440125659645,-16.8551450670921,-0.996257252498307,0.086437762838496
3000,-180.816505610494,-16.7427857971407,-0.99709367698974,0.076185295871845
3001,-179.825595648497,-16.58290976039,-0.998254985369712,0.059050691651463
3002,-179.14219562061,-16.499875015848,-0.998947305136826,0.045872448810524
3003,-178.434329256452,-16.4269638790258,-0.999463459134132,0.032753531956665
3004,-177.717853313209,-16.357765275214,-0.999743266632455,0.022658349963504
3005,-176.986145632926,-16.3290244167911,-0.999897724858674,0.014301741937536
3006,-176.248680160089,-16.3187520229249,-0.999981857256785,0.006023716234295
3007,-175.499385312544,-16.2931057469429,0.999997314920148,0.002317358947899
3008,-174.739380533133,-16.2862797796886,0.999942789773354,0.010696596668214
3009,-173.977597824602,-16.3090666726235,0.999853826785898,0.017097516240561
3010,-173.195414312627,-16.3380186883109,0.999831825531204,0.018339047274597
3011,-172.416521377615,-16.370861444471,0.999826095088062,0.018648849319924
3012,-171.626704230213,-16.3863968096308,0.999837092403389,0.018049616459553
3013,-170.848194027444,-16.4159244445337,0.999841004432518,0.017831597106628
3014,-170.083460306983,-16.4388867360354,0.999845855971126,0.017557457030164
3015,-169.311899090966,-16.4646408555347,0.999859891002411,0.016739126758793
3016,-168.529150141495,-16.4861845963641,0.999868737184663,0.016202110996648
3017,-167.766834769615,-16.5144476039974,0.999876084684734,0.015742149647606
3018,-167.009947397234,-16.5463608989507,0.999880951760804,0.01542991593981
3019,-166.244000106436,-16.55149377203,0.999920234172171,0.012630332262891
3020,-165.484110155597,-16.5739218275149,0.99995099576556,0.009899801385102
3021,-164.703842342009,-16.5908108261049,0.999978014097477,0.006631087517672
3022,-163.923154039352,-16.5803091639582,0.99999474999687,0.00324036706213
3023,-163.213746292644,-16.5797314184936,-0.999999629765651,0.000860504828743
3024,-162.384502736149,-16.6014692830245,-0.999987524326743,0.004995116702555
3025,-161.592684244821,-16.6025902615336,-0.999954209821379,0.0095696531025
3026,-160.821785124972,-16.5757891476382,-0.999901615580489,0.014027086637253
3027,-160.046218575858,-16.5488640609159,-0.999833014133596,0.018274130582
3028,-159.278735690818,-16.5383833227921,-0.999760790588896,0.021871479169581
3029,-158.514635658968,-16.5069246624757,-0.999662130922857,0.025992768201429
3030,-157.769195291819,-16.4610046094578,-0.999529694533005,0.03066577484359
3031,-156.933867277908,-16.4127784248676,-0.999359782642003,0.03577743475612
3032,-156.15550346392,-16.3595996469022,-0.999107249595128,0.042245754892765
3033,-155.394181039982,-16.3041468948663,-0.998836255365496,0.048230021433066
3034,-154.629429039667,-16.2211639557744,-0.998545450889286,0.053916440055999
3035,-153.867833151519,-16.1356742968103,-0.998214639976865,0.059728824999818
3036,-153.100116229968,-16.0449236234879,-0.997886041420795,0.064988063038802
3037,-152.322708675167,-15.940580728374,-0.997529138155747,0.070253957399226
3038,-151.547236212991,-15.838798131201,-0.997162680557017,0.075276746106252
3039,-150.773332904019,-15.7278972881396,-0.996920877799579,0.078414051083446
3040,-149.834947629714,-15.5583433772195,-0.996845979108078,0.079360531349386
3041,-149.088217088989,-15.4356280832649,-0.996789358397696,0.080068564275314
3042,-148.291227984775,-15.3147963083131,-0.996720566650113,0.080920405440644
3043,-147.530871239017,-15.1879592910564,-0.996388246311949,0.084914442890468
3044,-146.751086166771,-15.0700551870033,-0.995910150331597,0.090349169705626
3045,-145.977913193724,-14.9313735567138,-0.995429425953093,0.095500041605729
3046,-145.193353521139,-14.7700694401064,-0.994987676009436,0.099997622918454
3047,-144.379492202922,-14.607360979744,-0.994858166964184,0.10127797206038
3048,-143.613243023214,-14.4479533992481,-0.994807571947817,0.101773743152586
3049,-142.868460554089,-14.300033594334,-0.994705909253164,0.102762610402984
3050,-141.87700469412,-14.1030666860597,-0.994432433170566,0.105376163616198
3051,-141.092063859976,-13.9408169495121,-0.994204997602339,0.10750080345064
3052,-140.302870890247,-13.7679476005419,-0.993998492756875,0.109393767633539
3053,-139.517573445657,-13.5734133629416,-0.993771893163327,0.111433497470812
3054,-138.728294714613,-13.4233310394585,-0.993604405655835,0.112917160172027
3055,-137.93812723164,-13.2366166983538,-0.993454176385562,0.114231341680314
3056,-137.152675134364,-13.0310246659439,-0.993216218106036,0.116282174434186
3057,-136.363954196818,-12.8469923656078,-0.993095988098053,0.117304554146681
3058,-135.564293027237,-12.6666749637542,-0.993000571784208,0.118109544221612
3059,-134.781267055344,-12.4712484471514,-0.992931374433659,0.118689871788978
3060,-133.728713683105,-12.2103056358673,-0.992847683392648,0.119387928962069
3061,-132.981078566639,-12.0320347937602,-0.992812504702015,0.119680117426878
3062,-132.197872836452,-11.8400830941072,-0.992777500247295,0.119970142130163
3063,-131.413608450277,-11.6489562452162,-0.992776660918108,0.119977087547129
3064,-130.625657479239,-11.458372488337,-0.992750317594242,0.120194870591603
3065,-129.849361605408,-11.2574896695252,-0.992718196528723,0.12045987830294
3066,-129.06595811239,-11.0689082468167,-0.992722187674796,0.120426982434037
3067,-128.273317044223,-10.8802609225181,-0.992698027802013,0.12062597397739
3068,-127.293710277038,-10.6351847415217,-0.992679932616674,0.120774796129634
3069,-126.543696699758,-10.4496386124751,-0.992688389269056,0.120705268362265
3070,-125.669876476815,-10.2285444497673,-0.99268110652934,0.120765147040383
3071,-124.879173167252,-10.0295731369515,-0.992635756529188,0.121137338833769
3072,-124.092264087788,-9.83351938896737,-0.992623206938147,0.121240129692394
3073,-123.303402020721,-9.63583140237607,-0.992641880691923,0.121087145050179
3074,-122.520317614152,-9.4445721421301,-0.992619789584683,0.121268105142531
3075,-121.732040501689,-9.24330132984332,-0.9926208584401,0.121259355884975
3076,-120.941274617538,-9.04623752289518,-0.992563015212108,0.121731921996856
3077,-120.158910947792,-8.85326570412525,-0.992552341687793,0.121818918933303
3078,-119.367804031757,-8.65929828898951,-0.992554876125143,0.12179826714778
3079,-118.390601191611,-8.42176423435612,-0.992535211962732,0.121958406902085
3080,-117.631527505173,-8.23042049633683,-0.992526813714218,0.122026735014511
3081,-116.82264660877,-8.01927203883387,-0.992691686938337,0.12067814501192
3082,-116.051922536113,-7.82422708589537,-0.992689473591641,0.120696350484804
3083,-115.268827471403,-7.62610072416158,-0.992685551216429,0.120728606411798
3084,-114.475942286448,-7.4235966923657,-0.992980536141173,0.118277871323379
3085,-113.688054299044,-7.2169757798671,-0.993164605534156,0.116722175760153
3086,-112.882097904876,-7.03797439466548,-0.993183859462837,0.116558231380297
3087,-112.118604809378,-6.85558398215144,-0.993167312484302,0.11669914058256
3088,-111.321547798692,-6.65364575601907,-0.993111643554,0.117171939633488
3089,-110.33882875996,-6.42848362739005,-0.993094533022918,0.117316872102831
3090,-109.57827688914,-6.25125904766846,-0.993058335618447,0.117622880676846
3091,-108.792820831174,-6.05771216841031,-0.992995525432483,0.118151963466829
3092,-108.001563018918,-5.86450386871672,-0.992930473777096,0.118697406226053
3093,-107.2086647677,-5.67437495662701,-0.992897324551403,0.118974379169069
3094,-106.419756536942,-5.48719485137396,-0.992865797326222,0.119237194279993
3095,-105.62650418161,-5.28575955406094,-0.992787276731435,0.119889212025856
3096,-104.883830130921,-5.10361970113881,-0.992772554940229,0.120011058479834
3097,-104.036791930826,-4.90075580155039,-0.992721612740358,0.120431721727218
3098,-103.253534188885,-4.70580779458548,-0.99269425114559,0.120657050115176
3099,-102.177667940798,-4.43163110259551,-0.992638440332585,0.121115344915885
3100,-101.418043848496,-4.23795561836252,-0.992621843725249,0.121251290135354
3101,-100.622355796712,-4.04117727041419,-0.992581921816873,0.121577664405609
3102,-99.8796505743378,-3.86245871823092,-0.99254455249551,0.121882366696288
3103,-99.0304123550901,-3.64719303599955,-0.992480775927118,0.122400610354305
3104,-98.2355591892866,-3.44359833025208,-0.992419491216926,0.122896515218042
3105,-97.4405601112933,-3.24940849302305,-0.992387423319329,0.123155194927472
3106,-96.6457236452123,-3.05178455909381,-0.992318811386306,0.123706816986247
3107,-95.8593130201376,-2.85275334232618,-0.99228697560717,0.123961921735573
3108,-95.1217045602806,-2.66748686134512,-0.992242598395666,0.124316635769385
3109,-94.0522652685559,-2.39029423131241,-0.992187578395736,0.124754997002944
3110,-93.2922593720642,-2.2056776208813,-0.992203968385865,0.124624576706767
3111,-92.5023373780558,-2.011418747838,-0.99246252272809,0.122548525002126
3112,-91.7200307263778,-1.80855967226273,-0.992503439426138,0.122216703961797
3113,-90.9390628243603,-1.61117821124932,-0.992490314311931,0.122323243895032
3114,-90.1549722081216,-1.42803053791224,-0.99245391070112,0.12261824959627
3115,-89.3583596723475,-1.2264091760294,-0.992391301472974,0.123123940648345
3116,-88.579441651918,-1.02407967812847,-0.992348483865116,0.123468565111146
3117,-87.7898723510166,-0.829088784529916,-0.992308306635078,0.123791052112115
3118,-87.01579156511,-0.640909930958177,-0.99236962087855,0.123298562673545
3119,-86.1696613835769,-0.4268862861359,-0.992362000387576,0.123359880782893
3120,-85.3790156778222,-0.225171317445362,-0.992336602941397,0.123564017669901
3121,-84.5799451053686,-0.024476126077851,-0.992383060229392,0.123190347713394
3122,-83.7798388664926,0.169421974401104,-0.992360205995242,0.123374314819096
3123,-82.9883017294366,0.358100720268272,-0.992365458916115,0.123332055647377
3124,-82.2088962610659,0.558640622611008,-0.992530798214575,0.121994321980734
3125,-81.417436209791,0.751628976676115,-0.992775265903798,0.119988630334889
3126,-80.6225274468369,0.935813257959305,-0.992890592163373,0.119030550672783
3127,-79.824894132209,1.13348312838334,-0.992895913564647,0.118986153928199
3128,-78.8288323015875,1.37416168897963,-0.992916590481268,0.118813485543747
3129,-78.063864486948,1.5526350084444,-0.992920913731058,0.118777350852257
3130,-77.2550378166135,1.74348774318566,-0.99300361360317,0.118083967459796
3131,-76.4698190323685,1.939841133627,-0.992974699099639,0.118326864861623
3132,-75.6685063890311,2.13335087444718,-0.992981815389783,0.118267131127848
3133,-74.8553773748724,2.32161171752016,-0.993005493635127,0.118068156631917
3134,-74.0594069678787,2.51211637060486,-0.993031066683445,0.117852876933656
3135,-73.237621658666,2.71770902836099,-0.99303692996877,0.117803462250478
3136,-72.4658081934167,2.91166653530798,-0.993019973563741,0.117946310257961
3137,-71.6602116898104,3.10480654540201,-0.993056646995923,0.117637136386498
3138,-70.6635127167971,3.33814527830465,-0.993066318855293,0.117555460762985
3139,-69.8791729967237,3.52232419864562,-0.993102300323367,0.117251102734414
3140,-69.0842208743579,3.72041389402589,-0.993081233066661,0.11742940232668
3141,-68.3240846885625,3.90048523947311,-0.993113367811753,0.117157324455614
3142,-67.480132146543,4.09863438946106,-0.993149087334027,0.116854141251344
3143,-66.6844730569276,4.28503285535728,-0.993174356479134,0.116639177090111
3144,-65.8881777547639,4.49360567018132,-0.993203926612528,0.116387113382265
3145,-65.0908265401612,4.68557836737493,-0.993204971024655,0.116378200415349
3146,-64.290060109771,4.86697050310063,-0.993242792811477,0.116054963392596
3147,-63.4858860182353,5.05218698913723,-0.9932491242755,0.116000763471424
3148,-62.4186770487261,5.3036140590123,-0.993300115963698,0.115563314362753
3149,-61.6689274565896,5.48201454523404,-0.993297822956453,0.115583021720196
3150,-60.8741569182461,5.67171374859145,-0.99332605581736,0.115340135401023
3151,-60.0702019098357,5.86227762248796,-0.993352693833718,0.115110493237128
3152,-59.2693778588896,6.05246122895612,-0.9933811340921,0.114864800656652
3153,-58.4686348048566,6.24776621093941,-0.993421012021308,0.114519399555534
3154,-57.6736871652572,6.443486829688,-0.993450477948902,0.114263501885327
3155,-56.9209950555098,6.61401807962195,-0.993522237997523,0.113637857267696
3156,-56.0753257577755,6.80543498478795,-0.993542920224924,0.113456889041298
3157,-55.336420717898,6.98774560467393,-0.993568899416238,0.113229157520517
3158,-54.2366281790842,7.23878149686473,-0.99362696338332,0.11271848844641
3159,-53.4761097664432,7.40355521960829,-0.993671291319302,0.112327043973525
3160,-52.6889264542402,7.58676231298615,-0.993705877248264,0.112020665603529
3161,-51.8838712579718,7.78073861460217,-0.993721866869509,0.111878734822027
3162,-51.0882450692919,7.95334372382407,-0.993775459877374,0.111401684661918
3163,-50.2837398401073,8.14028352316743,-0.993805180069172,0.111136241018316
3164,-49.4874364567871,8.33068840931071,-0.993865658636693,0.110594089275385
3165,-48.6867992360402,8.48807702455068,-0.993907576342786,0.110216739601612
3166,-47.9386269356287,8.68060326634381,-0.993940384144845,0.10992048383262
3167,-47.1216943019814,8.85820177391349,-0.993905902668916,0.1102318313369
3168,-46.2491163974,9.04828631808399,-0.993804727314446,0.111140289577905
3169,-45.4528720414338,9.23163753250357,-0.993636034550626,0.112638496272401
3170,-44.6540115052304,9.41791698105035,-0.993467853753251,0.114112328689362
3171,-43.8546074614422,9.60559943499118,-0.9932990246636,0.115572694016976
3172,-43.0686601947625,9.79755438025606,-0.993210032673806,0.116334994718258
3173,-42.277566765117,9.98659499640733,-0.993228160899591,0.116180120485465
3174,-41.483034231022,10.1768557160341,-0.993168871447045,0.116685872275107
3175,-40.7011187742132,10.368930653923,-0.992983585364564,0.118252269308184
3176,-39.9143104953942,10.5649762861765,-0.992831711101831,0.119520682020356
3177,-39.0100702773019,10.7908871386303,-0.992713921222817,0.120495106167921
3178,-38.3436816098997,10.9369979351538,-0.992756547458626,0.120143403805739
3179,-37.5520057977549,11.1450516124521,-0.992750125293362,0.120196458891325
3180,-36.7591069653098,11.3426536954024,-0.992763490234584,0.120086021073424
3181,-35.9833288265884,11.5232559888269,-0.992800788631595,0.119777268680177
3182,-35.2044492090222,11.7291884568197,-0.992810019847085,0.119700728866746
3183,-34.4111765774482,11.9190679919332,-0.992825426212264,0.119572877637179
3184,-33.6212394524015,12.1144490248174,-0.992823506131058,0.119588819183205
3185,-32.8441159065518,12.3044894947712,-0.992829944918824,0.119535352396202
3186,-32.0559272508857,12.4941674766575,-0.99275045277057,0.120193754096577
3187,-31.0800533814279,12.7353283846747,-0.992672542952436,0.120835518240062
3188,-30.3362101671286,12.9156313641142,-0.99248528003582,0.122364083424097
3189,-29.5396116352108,13.1153917077482,-0.992314324703136,0.123742801766239
3190,-28.7749158165132,13.3094256702458,-0.992153959142959,0.125022083477086
3191,-27.986847395831,13.5015602278865,-0.992022562556285,0.126060443356598
3192,-27.2106687517129,13.7088524427853,-0.991955680802585,0.126585652123297
3193,-26.4344412273718,13.9095883228671,-0.991893642324159,0.127070855497683
3194,-25.6256672731326,14.12020311368,-0.991929119701811,0.126793617692651
3195,-24.8638349497815,14.3194482995661,-0.991942171132717,0.126691472201214
3196,-24.0807075048906,14.5355082430338,-0.991970939938764,0.12646602040471
3197,-23.1163507356274,14.7890863790633,-0.992030529271977,0.125997734076297
3198,-22.3745422935659,14.967498580777,-0.99213474581261,0.125174462856241
3199,-21.604259916724,15.1603473283563,-0.992154580145496,0.125017155208052
3200,-20.8743496559889,15.3571385797711,-0.992140721586397,0.12512708967295
3201,-20.0524666306922,15.573686863615,-0.992142183577785,0.125115496903881
3202,-19.274578453154,15.7572216529432,-0.992157622198538,0.124993010657969
3203,-18.502588864441,15.9536454387693,-0.992192181249214,0.124718384642869
3204,-17.7243879249983,16.1604190354491,-0.99222688775668,0.124441967248561
3205,-16.9462435652599,16.3510548855889,-0.992250187491729,0.124256047831196
3206,-16.1792671826896,16.5474314908603,-0.992325658452269,0.123651880605478
3207,-15.1349960463683,16.8090965613646,-0.99235542580583,0.123412758148133
3208,-14.3909661428274,16.9981660593531,-0.992413210476889,0.122947223112013
3209,-13.6175966828436,17.1875348977109,-0.99246219228244,0.122551201095431
3210,-12.8404686201958,17.3786267177829,-0.99252420865116,0.122047921905246
3211,-12.0648953790492,17.5779180284297,-0.992568972783334,0.121683336031837
3212,-11.3303565621971,17.7546949146441,-0.992619531097288,0.121270220929127
3213,-10.5018748365543,17.9502952334881,-0.992685105401869,0.120732272045545
3214,-9.77230530298001,18.1368469801655,-0.992706621102159,0.120555233896892
3215,-8.70580458718827,18.396177806297,-0.99276768172927,0.120051364481588
3216,-8.20884149014633,18.521174336504,-0.992808150280129,0.119716234226394
3217,-7.14194732976233,18.7895869934733,-0.992853157326402,0.119342398111463
3218,-6.40566087473939,18.9797088892452,-0.992908491379762,0.118881149666236
3219,-5.67822616439688,19.1530468725525,-0.99296510131578,0.118407379706432
3220,-4.84511122421966,19.3422996850867,-0.993044861510563,0.11773658321638
3221,-3.86296894845579,19.5933039665546,-0.993022782788366,0.117922656276267
3222,-3.2330381049121,19.7337385469221,-0.992859859089825,0.119286630466845
3223,-2.4556910245371,19.9196064307672,-0.992657459703068,0.120959363820467
3224,-1.6774964914246,20.1180618838106,-0.99244399834688,0.122698452089899
3225,-0.894098408352759,20.310983258936,-0.992247263513103,0.124279395117445
3226,0.072387688606194,20.5531592295909,-0.992002806311349,0.126215816245067
3227,0.814624837067246,20.7515387098643,-0.99180283149566,0.127777711034405
3228,1.60884486654814,20.9550086961559,-0.9915990694883,0.129349470002537
3229,2.36788408063971,21.1475284871927,-0.991409077534452,0.130797710156892
3230,3.14249655537812,21.3585218347228,-0.991202332333134,0.132355341325373
3231,3.86694122490267,21.5491775805959,-0.991034492645264,0.133606266272745
3232,4.68243094403382,21.7735501556939,-0.990832608564107,0.135095306380524
3233,5.47314596635459,21.9951873402396,-0.990641511945899,0.1364895410262
3234,6.22189261366484,22.2013129952111,-0.990440739656835,0.137938903968467
3235,6.95736722816754,22.4031147854533,-0.990217720463046,0.139530878593121
3236,7.97142092327044,22.6987029574535,-0.989983135374758,0.141185663838662
3237,8.70847060907203,22.9265271805259,-0.989827146022283,0.142275159453022
3238,9.48555534554538,23.1504882734599,-0.989780091208566,0.142602142505516
3239,10.2547703404188,23.3730218129993,-0.989725133174606,0.14298307858802
3240,11.0144398911667,23.6031202034828,-0.989656509456456,0.143457287338301
3241,11.7815403100861,23.8335407736768,-0.989562458762292,0.144104615499735
3242,12.5518126508616,24.0590600174126,-0.989467126603688,0.144757747186949
3243,13.2707517145724,24.2735896012442,-0.989405789683192,0.145176386996572
3244,14.0993423951616,24.5226152686549,-0.989355558851753,0.145518308707654
3245,14.8671439269296,24.7420361029611,-0.989351756746457,0.145544156264346
3246,15.4796794103932,24.9317572054156,-0.989301341054486,0.145886451008296
3247,16.3888921660811,25.2137586070163,-0.989163402054622,0.146818813630017
3248,17.138430742231,25.4331531857306,-0.989086222751437,0.147337856517915
3249,17.9012429748046,25.6603379569855,-0.98900969086997,0.14785070634017
3250,18.7173372834229,25.9198491453601,-0.988923718723264,0.148424656127445
3251,19.4782893404002,26.1546630787319,-0.988834851475414,0.149015557938077
3252,20.246316315816,26.3893042846211,-0.988762186949817,0.14949694865854
3253,21.0019237852216,26.6272729335989,-0.988693639829815,0.149949613404212
3254,21.7740146946589,26.8644974732364,-0.988616396304612,0.150458037198691
3255,22.5340776375849,27.0972084959359,-0.988570737707578,0.15075774125495
3256,23.5453357176368,27.4227611132545,-0.988422218397974,0.15172843562506
3257,24.273723179843,27.6484158995464,-0.98824250576336,0.152894570873382
3258,24.9947117326883,27.8696087803673,-0.987994778394272,0.154487274122027
3259,25.7548807312891,28.1211860398235,-0.987778802049903,0.15586224116462
3260,26.5690950052423,28.3746356371554,-0.987535294026499,0.157397722512098
3261,27.3519359195338,28.6126289829816,-0.98731154942929,0.158795164798975
3262,28.10834651409,28.8755922452491,-0.987057806680291,0.160364853604188
3263,28.8652340924121,29.1280462971125,-0.986828248261844,0.161771469772824
3264,29.6269670985028,29.3622972967594,-0.986646006692972,0.162879272704697
3265,30.3435326219216,29.6155634762608,-0.986446769477282,0.164081598565573
3266,31.2449752158022,29.9317072513517,-0.986254611370421,0.165232689110174
3267,31.9103889566145,30.1418620091573,-0.986150877944371,0.165850673587858
3268,32.6601760150941,30.4056985590321,-0.985974892537823,0.166893712538932
3269,33.4105524432937,30.6780866590214,-0.985860084834624,0.167570561644543
3270,34.171094113085,30.9395564846765,-0.985723683782426,0.168371075991109
3271,34.9183972633276,31.2088314765226,-0.98560257815713,0.169078555500151
3272,35.628010209852,31.4600068074607,-0.985472238976505,0.169836586772801
3273,36.398292095613,31.7330876119694,-0.985346797749753,0.170562856930537
3274,37.1895181815245,32.017488638762,-0.985202899548033,0.171392084770997
3275,37.8971897015273,32.2767960301459,-0.985039585509069,0.17232821875747
3276,38.5338823134061,32.4981669868102,-0.984900341495115,0.173122261199434
3277,39.4076227186942,32.8100570044518,-0.984730780970202,0.174084143476123
3278,40.21333199665,33.1063735446471,-0.984603401986368,0.174803148704109
3279,40.9175593665292,33.3711721555927,-0.984347188949846,0.176240209959407
3280,41.7289132111334,33.6705970269788,-0.984014194842462,0.178090045618901
3281,42.4866425396393,33.9476420927573,-0.983703831003588,0.179796476241512
3282,43.2421037522052,34.2173572351498,-0.98334653664016,0.181740443704206
3283,43.9903523738206,34.505866503147,-0.982998242548846,0.183614964384389
3284,44.7476739474381,34.7946093001661,-0.98275667782794,0.184903521287699
3285,45.3916030118123,35.0484750226752,-0.98259001172541,0.18578716009848
3286,46.462546561589,35.4754485893633,-0.982328322926094,0.187165878239617
3287,47.1838466230226,35.7508905924013,-0.982240773388472,0.187624793386207
3288,47.9292016351802,36.0440331654868,-0.982152381528113,0.188086946539773
3289,48.613160618589,36.3186155451914,-0.98203240909755,0.188712340566433
3290,49.4132788716981,36.6406979996191,-0.981870299884966,0.189553987570316
3291,50.1560460468656,36.9364178993874,-0.981764388335672,0.190101777466399
3292,50.9025860767097,37.235273311493,-0.981631130578082,0.190788688029443
3293,51.6429908021123,37.5428936936516,-0.981515787407623,0.191381187867549
3294,52.3857590269695,37.8503133870208,-0.981419944826341,0.191872071696381
3295,53.1019858134607,38.1285012191597,-0.981509660983202,0.191412605114293
3296,53.9204556139257,38.4635169862709,-0.981513466428894,0.191393090833333
3297,54.6519632407943,38.7644639998883,-0.981575258073116,0.191075934483378
3298,55.3942472461722,39.0564689644304,-0.981606911722758,0.190913254799424
3299,56.1351010818632,39.3539725776855,-0.981689102596143,0.190490172565359
3300,56.8870291666535,39.656208156068,-0.981707996474936,0.190392777324052
3301,57.6120952678866,39.9645350480652,-0.981665343856398,0.19061257217534
3302,58.3604602137019,40.2550285097972,-0.981653625025494,0.190672914894346
3303,59.0872231716598,40.5599696220363,-0.98159546167659,0.190972117378222
3304,59.8346160190124,40.8480357382911,-0.981522875282054,0.191344833476237
3305,60.6551774636144,41.1776253785536,-0.981438556446913,0.191776849279052
3306,61.3104387596001,41.447187874764,-0.981317019587507,0.192397783427701
3307,62.0491633516102,41.7374381044291,-0.981040936317591,0.193800622468312
3308,62.7785536654266,42.028732699332,-0.980578935379547,0.196124836494294
3309,63.5073070592626,42.3387856889792,-0.980172633839751,0.198145421021144
3310,64.2357720892315,42.6441689906673,-0.979759481846481,0.200178314839331
3311,64.9690932108404,42.9463280120194,-0.97941768927075,0.201843974256219
3312,65.6972810802082,43.2610778304896,-0.979033774259868,0.20369798442419
3313,66.4151389126939,43.5807543351002,-0.978662624070577,0.205473765350452
3314,67.1384130892953,43.8996055933605,-0.97831040865538,0.207144259675581
3315,67.9615909893694,44.264021957761,-0.977923163781061,0.20896479545713
3316,68.5669499685437,44.5325753386153,-0.977849686238216,0.209308363721622
3317,69.2847363320443,44.8556857139578,-0.977838180132395,0.209362110887729
3318,69.9967309070469,45.1677981062358,-0.977837244821672,0.20936647926438
3319,70.7045105335969,45.4895950309427,-0.977884429250795,0.209145984969463
3320,71.4155507282662,45.8045854700269,-0.977900708265063,0.209069856207651
3321,72.122922641566,46.1154891411381,-0.977902939820928,0.209059418083917
3322,72.8355697406006,46.4323464955543,-0.977770821021234,0.209676468778597
3323,73.4781078408317,46.7320733342761,-0.977210068459467,0.212274544167321
3324,74.2300217493585,47.0583443454361,-0.976367798363873,0.216115530025224
3325,74.9333659537361,47.3840567699588,-0.975523631245044,0.219894622222746
3326,75.6032652202628,47.6980917477694,-0.975340320408085,0.220706274007458
3327,76.2890826776679,48.0186424498649,-0.975361675657782,0.220611880138048
3328,76.9737625567411,48.3432336923298,-0.975431630989963,0.22030236781356
3329,77.6516137930519,48.6788745198182,-0.975476759790103,0.220102455936777
3330,78.3396957885699,48.9963251525812,-0.975536103198562,0.219839285288515
3331,79.0360683909382,49.3080783277893,-0.975669574497889,0.219246166213021
3332,79.7174555463976,49.6413447203407,-0.975762768073868,0.218831031713564
3333,80.3980940777944,49.9703888777861,-0.975815564972452,0.218595478355558
3334,81.0801671421401,50.2913996715857,-0.975936670431219,0.218054156822626
3335,81.9536501135958,50.6821303863059,-0.976033991817108,0.217618121528426
3336,82.6166275894498,51.0014388342048,-0.976136352397634,0.217158517051119
3337,83.3257778172755,51.3364196494273,-0.976170134200215,0.217006610718508
3338,83.9659149338361,51.6330564445348,-0.976199097999305,0.216876280550324
3339,84.7006715144932,51.9816842945649,-0.975843170081824,0.218472211973641
3340,85.3974134239566,52.3063880631434,-0.974563953190349,0.224109573963272
3341,86.0985446122357,52.6281971750524,-0.973369986868212,0.229239762397751
3342,86.7998464296875,52.9858955641048,-0.972074382212227,0.23467295422932
3343,87.4730483453132,53.3314416357661,-0.971033574184436,0.238943084868762
3344,88.1213191891139,53.662019024596,-0.970218534725088,0.242231283850585
3345,88.7057363579708,53.9777251749853,-0.969392679045221,0.245515445162883
3346,89.5184972785478,54.414811447498,-0.968578398429958,0.248708435914139
3347,90.1775655033141,54.7724298764822,-0.967740711735188,0.251948238434549
3348,90.8753203577286,55.1652257452404,-0.966779836971331,0.255610537391724
3349,91.5531354850396,55.5474845963959,-0.96576863587636,0.259404976740067
3350,92.2305110242803,55.931548109757,-0.964711403435287,0.263309529037442
3351,92.8980613804859,56.3285716321413,-0.963636893567906,0.267215151806172
3352,93.5865827581307,56.7402864585177,-0.962518615046095,0.271215625821499
3353,94.2333731638171,57.1355984110552,-0.961464730376075,0.274928303822764
3354,94.8490517917872,57.5264428612656,-0.960419582840276,0.278557399644869
3355,95.6304476574815,58.0096969337903,-0.959426503965622,0.281958832967339
3356,96.1675520673972,58.3466608646774,-0.958371604809629,0.285523846805512
3357,96.8500919089776,58.8053152949025,-0.956955802782835,0.29023368433085
3358,97.460813044741,59.2034230167253,-0.955579220166344,0.294734378697637
3359,98.1083790487984,59.6410679514796,-0.954202122629561,0.299162680107731
3360,98.6802414039382,60.0293438977332,-0.952928889136272,0.303193885574084
3361,99.2087205675836,60.4202586826961,-0.951382279210465,0.308012595203995
3362,99.7557045448423,60.8382403947529,-0.949190949470828,0.314700717257951
3363,100.374301653556,61.2738702095824,-0.946393811220152,0.323015098848638
3364,100.90417616607,61.6566556724022,-0.943865227167529,0.33033079321188
3365,101.604064378806,62.2310268392205,-0.941361758235703,0.337398933210207
3366,102.112839948687,62.6643608793266,-0.93962765982238,0.342198569396072
3367,102.622978514459,63.0753855458397,-0.937656540002944,0.34756325034403
3368,103.187259936963,63.5208307391411,-0.935245718377271,0.35399921787623
3369,103.763161114893,64.0186241181381,-0.932531184938603,0.361089447529285
3370,104.271988435613,64.4942315302782,-0.929531438941141,0.368742869788709
3371,104.820190371478,64.9992959576669,-0.926813477906401,0.3755220062407
3372,105.389386295336,65.5202271272093,-0.924612417109141,0.380909278080216
3373,105.933244381376,66.0574286539509,-0.922549360136211,0.385879097791352
3374,106.507579109618,66.6577638048917,-0.920527910312279,0.390676805474946
3375,107.105913617742,67.2910635978403,-0.918533247245372,0.395343741198558
3376,107.593076396394,67.7901674129911,-0.917634992860507,0.39742423161893
3377,108.13651138537,68.3555916506407,-0.917667620410617,0.397348887565972
3378,108.669977924223,68.9389182345513,-0.917675876284557,0.397329820282055
3379,109.213691685349,69.5231884299683,-0.917763860446019,0.397126549678084
3380,109.73278491304,70.0677572956175,-0.917872674540463,0.396874984512676
3381,110.284205344056,70.6421715161617,-0.918012735778092,0.396550900830176
3382,110.825129774065,71.2203139566709,-0.918739623518177,0.394863905893763
3383,111.365093852462,71.8008604698661,-0.921345188560918,0.388745473948761
3384,111.943290063789,72.4050400765816,-0.924255658710426,0.381774118218818
3385,112.699459720616,73.1413041576908,-0.926873769605532,0.37537316795055
3386,113.222894202781,73.6379794637886,-0.928726707594099,0.370765023433206
3387,113.764767777086,74.1842007414564,-0.930753649142562,0.365646885133464
3388,114.382620548056,74.7566471964505,-0.933775356613543,0.357859725844151
3389,114.936782370999,75.2526865909277,-0.937075451508782,0.349126908415281
3390,115.517284074388,75.7787393560301,-0.940159421633967,0.340734885083528
3391,116.127941557492,76.2884627615176,-0.943599789600877,0.331088261744782
3392,116.748065088684,76.7757243323318,-0.947308858688799,0.320321598163041
3393,117.360682496187,77.2623504278191,-0.950368334953521,0.311127028587477
3394,117.955567673378,77.7015302858111,-0.954391908703501,0.298556668994828
3395,118.530785192139,78.1112221697348,-0.959087926516938,0.283108370080153
3396,119.290144858433,78.6149083676288,-0.962978811194877,0.269577093221405
3397,119.964449842546,79.0315715562412,-0.966591913849484,0.256320252966461
3398,120.634652072134,79.427470351995,-0.970037497866182,0.242955248417309
3399,121.328726154594,79.8087973095104,-0.973348576271752,0.229330654448446
3400,122.024951697112,80.1619493546203,-0.976467908332637,0.215662755237166
3401,122.732136568114,80.5135894646564,-0.979313859301574,0.202347139786696
3402,123.462785551149,80.8315445400978,-0.981971505610829,0.189028998220911
3403,124.199868883012,81.1359189975701,-0.984261777929749,0.176716588091131
3404,124.881631305198,81.4102874487751,-0.985942149301189,0.167087037891492
3405,125.565460743936,81.6489847557408,-0.987944987345343,0.15480536805683
3406,126.44047948916,81.9319452843516,-0.988935951302608,0.148343130010145
3407,127.203818655338,82.160742704401,-0.989343638612455,0.145599329452671
3408,128.163121522383,82.454609483644,-0.989745209054052,0.142844044869051
3409,128.931391226682,82.6821234632019,-0.9897733033925,0.14264924777754
3410,129.712149868724,82.9151452556262,-0.989790397560605,0.142530589337236
3411,130.466975690876,83.1367085967468,-0.989803802113822,0.142437471618331
3412,131.243583439351,83.3600109849199,-0.989664085119782,0.143405016035092
3413,132.010438873236,83.5969458734028,-0.989238470184307,0.146312163224427
3414,132.754275068557,83.8224575769051,-0.988148754742119,0.153499311078582
3415,133.424053586319,84.0183943540156,-0.987481141807471,0.157737105890193
3416,134.313576522614,84.2994850574235,-0.986484744376456,0.163853132751615
3417,135.042582754097,84.5655869042231,-0.985372048127998,0.17041692042762
3418,135.820721373215,84.8460508661623,-0.984049450794968,0.177895133126577
3419,136.549639100508,85.0855169964382,-0.982997421960219,0.183619357420623
3420,137.24708185037,85.3470122959389,-0.981738524346972,0.190235301174705
3421,137.96879042309,85.6405932291282,-0.980532162356353,0.196358545993736
3422,138.665922266299,85.9280521473525,-0.979255165174925,0.202630998315237
3423,139.358128045915,86.2176465658416,-0.978086816885915,0.208197451074644
3424,140.148002027852,86.5462088040524,-0.976912938032855,0.213637804482293
3425,140.628688200783,86.7728878281804,-0.975764110143192,0.218825047369957
3426,141.413692065858,87.165286542962,-0.974598355167885,0.223959920753811
3427,142.146140419601,87.5061622289798,-0.973400282495923,0.229111086673819
3428,142.8532014812,87.8384978709816,-0.97213326076258,0.234428930209378
3429,143.563247472618,88.1998318018263,-0.970835920205254,0.239744897837718
3430,144.26568092159,88.5826405415675,-0.969464625988993,0.245231194908034
3431,144.963604076656,88.9505041446052,-0.968382450942924,0.249470296239404
3432,145.68143895467,89.3391947837674,-0.967818600353118,0.251648876036693
3433,146.390649169744,89.7386806119927,-0.967607160833743,0.252460654960855
3434,147.179033751555,90.1767645975619,-0.967151081976328,0.254202251429878
3435,147.658046220752,90.4505874765659,-0.966444508817926,0.256875478346375
3436,148.474125507514,90.9139836030061,-0.964470601533319,0.264190194325901
3437,149.1717288476,91.3076178369508,-0.962367139273548,0.27175262509578
3438,149.86439146064,91.7267809919033,-0.960719326639906,0.277521846744659
3439,150.537694304218,92.1663290442833,-0.960150229831726,0.279484411289937
3440,151.207046012028,92.6146107866819,-0.959684479301509,0.281079526447218
3441,151.886335120942,93.0403975583024,-0.959358439088004,0.282190335324631
3442,152.564072597773,93.4648012750125,-0.958214313694558,0.286051269934024
3443,153.233261920755,93.9036547478535,-0.956345154235142,0.292239535263391
3444,153.901770220188,94.3441936761538,-0.954534818837735,0.298099445867335
3445,154.571616499809,94.8010601743749,-0.953069323953953,0.302752149022853
3446,155.227165784886,95.2696439868462,-0.952199364710262,0.305477282044629
3447,155.884469247939,95.7308546887975,-0.951223755753744,0.308501809540465
3448,156.540051186432,96.1895975791849,-0.950330527811132,0.31124249052823
3449,157.193799366272,96.6604899900877,-0.949392375146514,0.314092530974013
3450,157.834895290932,97.130406993722,-0.948554253799285,0.316614635794495
3451,158.474125085217,97.6099053379951,-0.947683231721658,0.319212299752993
3452,159.107059896682,98.116922086079,-0.94680455313263,0.321809164206554
3453,159.748196846486,98.5957436768582,-0.945997605456847,0.3241736116187
3454,160.480276837146,99.1476116875932,-0.94495046110227,0.327213425859342
3455,160.906748647053,99.4858727898362,-0.945036520918992,0.326964790351083
3456,161.638389301327,100.067738954257,-0.944930986758511,0.327269659858025
3457,162.268956394878,100.56527191156,-0.945055661246332,0.326909463225306
3458,163.018911849914,101.161909801425,-0.945018022474381,0.327018252087876
3459,163.643397149725,101.650554102844,-0.944953104188379,0.32720579286551
3460,164.266523736528,102.142301145719,-0.944960406011964,0.327184704822374
3461,164.910940945403,102.646653198878,-0.944862509728057,0.327467307849801
3462,165.531683938928,103.114282509796,-0.944673776896695,0.328011364503935
3463,166.150942967681,103.598994838425,-0.943919317172915,0.330176199426636
3464,166.681630836713,104.025974627699,-0.943091103626374,0.332534464771379
3465,167.395885412936,104.597624988496,-0.942837205687481,0.333253662502639
3466,168.026508635213,105.113054559067,-0.94261636476934,0.333877805295641
3467,168.645249948172,105.589109189133,-0.942265237770355,0.334867468843386
3468,169.269633382842,106.097641807442,-0.941644626812293,0.336608670113438
3469,169.883606555094,106.615817168746,-0.940851311749342,0.338819729619664
3470,170.494319632267,107.123182738529,-0.940148387532545,0.340765328958148
3471,171.136994102197,107.649697382875,-0.939162133519664,0.343474143077456
3472,171.732997183401,108.157265705156,-0.938334044324144,0.345729983169374
3473,172.340948333489,108.685073744624,-0.937569140187761,0.347798946760314
3474,172.855274175867,109.133880458181,-0.937181743678141,0.348841481645172
3475,173.554794655713,109.719380220452,-0.936694503859521,0.350147692323348
3476,174.164034251318,110.269279433402,-0.936480932858678,0.35071849451111
3477,174.738795341503,110.791913550736,-0.936083317257327,0.351778372206874
3478,175.35500318355,111.308633256686,-0.93609798878594,0.351739328752015
3479,175.950783703955,111.839060295279,-0.936038371855946,0.351897948861982
3480,176.54161841949,112.37732476458,-0.935799331683095,0.352533134359698
3481,177.155626266435,112.927653955396,-0.935657332364293,0.352909841734308
3482,177.748068674632,113.431852487408,-0.93566596878344,0.352886943454341
3483,178.354372791241,113.945372880056,-0.935635400619637,0.352967983119334
3484,178.863392964909,114.411434824977,-0.935562693486322,0.353160652616652
3485,179.548177178667,115.017477406022,-0.935544957613081,0.353207633389679
3486,180.162460356077,115.55362164191,-0.935576425859608,0.353124271858735
3487,180.750141351836,116.06063497195,-0.935619507666263,0.353010108742427
3488,181.352577894644,116.588380509963,-0.935683738530798,0.352839824068981
3489,181.940600927839,117.116388904318,-0.935606776882347,0.353043848624823
3490,182.54380959372,117.639214017773,-0.935604478989209,0.353049938245753
3491,183.164515959579,118.179155562927,-0.935623121377169,0.353000530799096
3492,183.748236972683,118.686259771013,-0.935617024315441,0.353016690556012
3493,184.345296119986,119.217927213325,-0.935612096813201,0.353029749875
3494,184.85835084112,119.669007987801,-0.935477243688102,0.353386936008834
3495,185.537969829159,120.271840827144,-0.935299036017262,0.353858323662424
3496,186.154285632315,120.818567660838,-0.935042838248054,0.354534752374184
3497,186.731831660751,121.332595461765,-0.934767233933347,0.355260775156221
3498,187.320716289554,121.860183307857,-0.934449347770146,0.356096077557658
3499,187.912542432228,122.385553920276,-0.933606157508734,0.358300910774417
3500,188.513059640542,122.919499767333,-0.932744111648194,0.360539071649137
3501,189.121687550012,123.472056303586,-0.93189236181929,0.362734925231725
3502,189.696455142259,124.009046768032,-0.931385080846392,0.364035480656432
3503,190.286863932868,124.545428785714,-0.931092638033556,0.364782811272289
3504,190.786288812574,125.007477150557,-0.930771618491615,0.365601140876913
3505,191.449146334185,125.626031028092,-0.930521780014126,0.36623655868761
3506,192.047689330805,126.183246221839,-0.930209389004623,0.367029280313772
3507,192.618823981023,126.717379750341,-0.930045678402983,0.367443922366306
3508,193.198175091247,127.259743015284,-0.929796835308394,0.368073151765373
3509,193.790474654527,127.793547488384,-0.929715250874821,0.368279177107218
3510,194.365155623939,128.340257569539,-0.929639070497358,0.368471435263044
3511,194.964688506516,128.911227001892,-0.929576504057583,0.368629248845073
3512,195.521238683636,129.439913487813,-0.929589644469326,0.368596110797974
3513,196.094466779416,129.999686347335,-0.929509135403826,0.368799087852494
3514,196.593011128773,130.469392480182,-0.929455089140316,0.36893527517868
3515,197.260237941207,131.090196655749,-0.929441499380229,0.36896950989185
3516,197.864118503489,131.653943985872,-0.929380802636877,0.369122369533512
3517,198.419290060749,132.187767064389,-0.929285950532988,0.369361099930679
3518,199.009882345878,132.732478026545,-0.929195959422002,0.369587430784416
3519,199.709915714058,133.394111892188,-0.929143198466827,0.369720051853879
3520,200.460016207473,134.107122127882,-0.929054374384514,0.369943197581737
3521,201.048032104087,134.676179789375,-0.928872791367887,0.370398889653343
3522,201.620630454141,135.190341293852,-0.928499905800773,0.371332633804188
3523,202.161168717026,135.701229179978,-0.927903107800056,0.372821435187137
3524,202.708098090403,136.194796647803,-0.926968058282496,0.375140265666031
3525,203.378723174515,136.84417993834,-0.926177769397459,0.377087177551752
3526,203.941478893288,137.405420323581,-0.9255078848754,0.378728339358786
3527,204.500156151593,137.968251737694,-0.92485492290018,0.380320090959315
3528,205.06577927392,138.528723564807,-0.924354188245444,0.381535495954317
3529,205.627245854277,139.095810104481,-0.923859895027188,0.382730838005449
3530,206.189266356234,139.663739288313,-0.923499652984371,0.383599258260161
3531,206.764876548382,140.235723558331,-0.923150685917311,0.384438305961305
3532,207.325650917809,140.799981115065,-0.922778599196818,0.385330581273221
3533,207.848849343202,141.320441707958,-0.92247032989804,0.386067986833668
3534,208.364674768637,141.842320714269,-0.921933411859326,0.387348401439095
3535,209.003173264134,142.489063268007,-0.921557070627756,0.388242920831777
3536,209.565591842195,143.066390834366,-0.921166545927359,0.389168594139171
3537,210.133816215132,143.648580165605,-0.920876357865675,0.389854759524685
3538,210.684740817753,144.215630486605,-0.920651079173299,0.390386462901879
3539,211.225416640865,144.777604452062,-0.920408762247218,0.390957427833957
3540,211.78357201761,145.350519886369,-0.920261173024251,0.39130470662136
3541,212.349012041463,145.933165837222,-0.919998177735736,0.391922636451285
3542,212.904446464939,146.508029897075,-0.919754461149069,0.392494243520063
3543,213.423577507902,147.062710875695,-0.919418498902047,0.393280591787475
3544,213.920047958874,147.568269864011,-0.918791967898184,0.39474209267037
3545,214.561298179068,148.237155983121,-0.918404910153226,0.395641783696369
3546,215.097905135722,148.810201278312,-0.917939453110243,0.396720506684073
3547,215.655748297972,149.408522955782,-0.917692877165866,0.397290552617394
3548,216.20439272769,149.98005871866,-0.917434665863966,0.39788645851684
3549,216.741074393672,150.581142792049,-0.917356834362508,0.39806587199658
3550,217.305883675527,151.16488816734,-0.917266482593126,0.39827402615691
3551,217.854729877933,151.745694229997,-0.917135785363016,0.398574900372017
3552,218.400775739209,152.332195943807,-0.916954753259116,0.398991203506435
3553,218.936744105473,152.920855848045,-0.916573921300753,0.399865285804309
3554,219.483480684398,153.50749797001,-0.916186944154391,0.400751148920423
3555,220.027496471229,154.099270874631,-0.915646195389565,0.401985130158586
3556,220.564479456877,154.688064402948,-0.915142303434102,0.403130952006076
3557,221.104830933356,155.275743832411,-0.914629535024153,0.404292979980486
3558,221.639041548745,155.866512860359,-0.914127471151694,0.405426894132356
3559,222.177098350757,156.452911217717,-0.914114288837147,0.405456615365635
3560,222.711857936091,157.045295991308,-0.913957231200215,0.405810521717756
3561,223.244289016017,157.638729636726,-0.913949059955969,0.405828924308754
3562,223.693843925872,158.131872995879,-0.913712373298683,0.406361537157355
3563,224.276876088891,158.783391766589,-0.913139190294019,0.407647910762686
3564,224.765288128684,159.31417856698,-0.911984405111135,0.410224871057436
3565,225.382441618205,159.997838664035,-0.911302688491909,0.411737064092388
3566,225.906249749539,160.596887248967,-0.910730569277134,0.41300100506433
3567,226.570149039668,161.376663126385,-0.909935548094811,0.414749681510903
3568,227.100751999023,161.963915053328,-0.909647384727315,0.415381313323983
3569,227.6276309907,162.561971516022,-0.909109511970079,0.416557193246647
3570,228.142152546334,163.182307755263,-0.908246150442657,0.418436291693366
3571,228.663207634399,163.797566571126,-0.907377605417461,0.420316406040587
3572,229.188899360695,164.397241563164,-0.906430330439372,0.422355367030622
3573,229.652434875383,164.939540935969,-0.905616846235773,0.424096837778793
3574,230.218982285323,165.626051694263,-0.904532447406807,0.426404797801634
3575,230.727777242619,166.238786018217,-0.903854110159841,0.427840796964434
3576,231.245300488228,166.862467719335,-0.903235434434483,0.429145371618931
3577,231.751495868833,167.485409220345,-0.902517080868768,0.430654059240266
3578,232.257250464402,168.108166005224,-0.901960886030185,0.431817739412873
3579,232.771449480221,168.718495976915,-0.901565309897658,0.432643030672101
3580,233.26922716049,169.33421354444,-0.901086445422532,0.433639502208674
3581,233.753211663788,169.964770886561,-0.900616241724088,0.43461521503829
3582,234.26043756587,170.595329044172,-0.900069369996204,0.435746634174765
3583,234.699706723569,171.143004175568,-0.899704260302185,0.436499993120387
3584,235.25140701978,171.84102833356,-0.898929462266186,0.438093394003866
3585,235.743080210131,172.470696299704,-0.898354112616555,0.439271998134324
3586,236.234219936521,173.095893180738,-0.897723005037456,0.44056033210733
3587,236.7324423008,173.728164575202,-0.897124940890369,0.44177691251632
3588,237.226460252684,174.354762710624,-0.896529659660741,0.442983712283642
3589,237.711598474499,174.984551503369,-0.895834542183295,0.44438775076643
3590,238.196135162868,175.626401254831,-0.895264646312443,0.445534749557268
3591,238.682062390475,176.264852923267,-0.894712126047284,0.446643270971307
3592,239.168699923193,176.899200593388,-0.894363313184224,0.447341328327864
3593,239.651989776673,177.5437519598,-0.893915858545635,0.448234802130111
3594,240.134760244583,178.179132614918,-0.893347369860249,0.449366750843646
3595,240.620891836605,178.821865964429,-0.89289044858207,0.450273968635662
3596,241.096983594481,179.460787823908,-0.892319342837711,0.451404685839298
3597,241.579470644389,180.110360378611,-0.891936857353644,0.452159974449426
3598,242.052570693575,180.739529634315,-0.891380405921029,0.453255967351851
3599,242.52047328154,181.386236403402,-0.890934506991378,0.454131813741374
3600,242.993648134701,182.048193147201,-0.890293590297289,0.455387003630497
3601,243.465012864881,182.696027123096,-0.889795797163922,0.456358893141594
3602,243.947049444674,183.341839001345,-0.889213913506597,0.457491656783248
3603,244.388086047769,183.966311426624,-0.888627138546987,0.458630361661538
3604,244.789460804823,184.546156488919,-0.887989078151475,0.459864542103099
3605,245.335119293745,185.292153063067,-0.887371370295682,0.461055366718102
3606,245.79928226965,185.959969984141,-0.886656911541237,0.462427855147325
3607,246.179868674908,186.50809673585,-0.885980703571342,0.463722107408338
3608,246.712215918885,187.27438479016,-0.885374350382376,0.46487875804879
3609,247.173462085217,187.927389829527,-0.884928312953332,0.465727260243127
3610,247.627783003643,188.586832624134,-0.884640198916813,0.466274295303121
3611,248.077476121393,189.246859201423,-0.884492693274597,0.46655404354035
3612,248.532864027804,189.902742921043,-0.884444720624336,0.466644978714805
3613,248.972152300143,190.531512139534,-0.884595634274594,0.466358835900349
3614,249.364570546227,191.109896077236,-0.884491498738039,0.466556308134546
3615,249.887566403072,191.879689706633,-0.884415960339445,0.46669948478315
3616,250.333274168284,192.53676970859,-0.884414171620892,0.466702874467398
3617,250.795834632597,193.192811722877,-0.88443379701967,0.466665681928048
3618,251.256167226292,193.842928448648,-0.885558772402848,0.464527351853862
3619,251.704240794093,194.49461498348,-0.886893522030065,0.461973895995333
3620,252.153353663317,195.161214460216,-0.887028755544752,0.461714183057796
3621,252.619984597153,195.801426246544,-0.887105470110298,0.461566771876386
3622,253.072953923654,196.449862508734,-0.887052730577033,0.461668120164073
3623,253.52325756193,197.080171479697,-0.887048041099117,0.461677130451812
3624,253.927028101678,197.652661736598,-0.887225614218785,0.461335788199982
3625,254.45716459046,198.412483275727,-0.887477993381458,0.460850096304232
3626,254.927259525261,199.066548202056,-0.887873777888468,0.460087116248716
3627,255.387645405898,199.724167315518,-0.888154571952358,0.459544836028134
3628,255.845398740559,200.376556928634,-0.888531977832187,0.458814695023625
3629,256.300901073646,201.038228030546,-0.888829044946279,0.458238942976136
3630,256.761766696601,201.697113462511,-0.889210877666646,0.457497557413494
3631,257.224308349553,202.343684841137,-0.889467610906574,0.456998215694713
3632,257.694443152201,202.987670845674,-0.889458212350483,0.457016507888155
3633,258.12190177427,203.562916632306,-0.889425162046452,0.457080825586288
3634,258.637930899676,204.277697485353,-0.889442358387645,0.457047361994164
3635,259.093931208891,204.931999821521,-0.889489289294768,0.456956020017122
3636,259.563645997809,205.578648072069,-0.889440856400173,0.457050284942617
3637,260.044793240907,206.214585529134,-0.889358927002725,0.457209688174433
3638,260.509595722032,206.861687912212,-0.889245377873812,0.457430495190319
3639,260.968181080573,207.519155181746,-0.889154024791442,0.457608042102823
3640,261.436158215573,208.160036113694,-0.889127346480009,0.457659875607877
3641,261.910521964769,208.804651005631,-0.889065816619412,0.457779394161488
3642,262.364838860488,209.456971598537,-0.889021046628885,0.457866332733563
3643,262.801925976326,210.074046165764,-0.888889920963001,0.458120844767394
3644,263.215623553794,210.639621834377,-0.888896435089755,0.458108205214363
3645,263.776726902196,211.440104149245,-0.888757261990533,0.45837815093991
3646,264.237759649001,212.09825792004,-0.888689374359016,0.45850975551386
3647,264.702188016617,212.743330152339,-0.888619775128154,0.458644628499221
3648,265.171252954646,213.385057284134,-0.888378735742701,0.459111339306928
3649,265.621882118614,214.04854440114,-0.888349363564863,0.459168169904995
3650,266.075381284926,214.720418592258,-0.888264551714236,0.459332217646343
3651,266.550647485708,215.36847403342,-0.888323121943083,0.459218935826143
3652,267.022262588472,215.996330256112,-0.88827399525568,0.459313955103165
3653,267.593471036413,216.830566708828,-0.887929591787622,0.459979390872968
3654,268.024581257554,217.432048546476,-0.887931914991516,0.459974906206305
3655,268.498768064329,218.103024147102,-0.887797783155634,0.460233740857776
3656,268.943250256625,218.742256478981,-0.887725740941977,0.460372684755535
3657,269.403264268897,219.388651287313,-0.887546309900006,0.460718512524602
3658,269.867550604447,220.040066252188,-0.887478716133049,0.460848704469086
3659,270.325709193808,220.694987265755,-0.887423786392632,0.460954469925789
3660,270.790527637251,221.365840475858,-0.887248826342163,0.461291144673789
3661,271.240816320575,222.002680150218,-0.887243867652565,0.461300682107579
3662,271.704905989779,222.64452134511,-0.887118772831493,0.461541203891859
3663,272.089182173112,223.200397804596,-0.88703648010091,0.461699342613987
3664,272.619543733119,223.962097333057,-0.887879441317685,0.460076186827134
3665,273.088675737135,224.628728097466,-0.889205753448895,0.457507516914622
3666,273.627490771643,225.381333119981,-0.890710770394121,0.454570482437994
3667,274.089173184354,226.033524227527,-0.891905780558111,0.452221271732133
3668,274.554665289074,226.679657525449,-0.893552884523042,0.448957951884753
3669,275.04078347699,227.315299986998,-0.894999270874854,0.446067601528603
3670,275.512619054613,227.963059842017,-0.896570228906785,0.442901597014546
3671,275.997072432045,228.598402138473,-0.898058315623221,0.439876416439872
3672,276.477462295469,229.231109783316,-0.899563674140514,0.436789647504173
3673,276.891737179657,229.748795457222,-0.901213063309763,0.433376296675111
3674,277.466028102848,230.479047843784,-0.902864539134448,0.429925137638566
3675,277.960504263645,231.09642929937,-0.904604508235833,0.426251901672482
3676,278.473478215324,231.706446356099,-0.906497342134644,0.422211521281484
3677,278.970178962182,232.317095887745,-0.908395199367917,0.418112618519608
3678,279.476987105853,232.922806206075,-0.910050490612506,0.41449741197737
3679,279.994848597597,233.523473854738,-0.911633741535877,0.411003553869425
3680,280.508790977862,234.116830659101,-0.913127817994064,0.407673383979626
3681,281.038243413732,234.711155376931,-0.914434919970176,0.404732970165686
3682,281.576238496078,235.298664535625,-0.915830316850201,0.401565475032479
3683,282.029719694908,235.787574370564,-0.917050535073537,0.398771007122308
3684,282.655225551948,236.457181348212,-0.918137694245071,0.396261497506816
3685,283.192272905442,237.04219162107,-0.918272926359871,0.395948017692321
3686,283.73007999321,237.606141745095,-0.918210650684033,0.396092414684257
3687,284.270348717997,238.176799255858,-0.918073396874946,0.396410441273307
3688,284.812428365044,238.757541458907,-0.917866665073745,0.396888882618803
3689,285.343808275087,239.31568559617,-0.917899095122123,0.396813874724647
3690,285.878436784423,239.885191928241,-0.917845161807202,0.396938608536775
3691,286.410518213999,240.461303413249,-0.917471923165185,0.397800540728111
3692,286.94599691756,241.031435918973,-0.916140945281865,0.400856293923459
3693,287.407409255098,241.515645716516,-0.912992899720968,0.407975446637539
3694,288.012667316271,242.16835096597,-0.909864565653469,0.414905377367207
3695,288.523876732545,242.763967628522,-0.908462414603941,0.417966555183519
3696,289.021204422067,243.361666642092,-0.908001818817963,0.418966224203422
3697,289.527140178576,243.943241872181,-0.907321941149496,0.420436553012116
3698,290.010826532298,244.497086586847,-0.906710542248409,0.42175347369713
3699,290.483393656002,245.066608169093,-0.906541154354951,0.422117442734595
3700,290.949904925949,245.627334931732,-0.905521227632282,0.424300961944849
3701,291.429384036028,246.18700998763,-0.903932044560504,0.427676114386422
3702,291.90115208844,246.749878563083,-0.902972136675781,0.429699104475648
3703,292.287135860528,247.246726274536,-0.902698652332639,0.430273335307729
3704,292.815238257381,247.894151442462,-0.902559186181056,0.430565808489469
3705,293.276009584404,248.44671660052,-0.902519721352814,0.430648525562598
3706,293.697333527199,248.97950091131,-0.90240410308853,0.430890745698938
3707,294.28031751938,249.698625256122,-0.901867494246121,0.432012757707713
3708,294.695392331724,250.225332335013,-0.901167176285783,0.433471706556621
3709,295.276879758473,250.972240351561,-0.900373088758102,0.435118720627136
3710,295.702698301316,251.548915608654,-0.900136729341174,0.435607470655606
3711,296.098072387249,252.140950165836,-0.899264792374091,0.43740465612106
3712,296.454674690891,252.748310334001,-0.898430531732849,0.439115679121379
3713,296.755444338222,253.352383343369,-0.898209364360517,0.439567898936075
3714,296.990368843643,253.930315967361,-0.898072548699652,0.439847356786545
3715,297.179309485863,254.450372050486,-0.898081085199423,0.439829926684198
3716,297.284723837318,253.49149867879,-0.897980325519324,0.44003560649135
3717,297.562638178489,253.843862659237,-0.89797585859498,0.440044722023351
3718,297.825926272954,254.179550081007,-0.898229464713321,0.439526823664747
3719,298.074035897808,254.503182577636,-0.899384567482066,0.437158323465421
3721,298.545827069686,255.103826835788,-0.903680151414316,0.428208108213517
3722,298.766959328247,255.388341178458,-0.907845857326528,0.419304065488354
3724,299.185187229109,255.894195171003,-0.916305563172387,0.400479855797185
3725,299.396259131691,256.13613603483,-0.920080910256208,0.391728373470838
3726,299.596167731368,256.382067815943,-0.923475192566587,0.383658140424656
3731,300.267302284361,256.993566639887,-0.936535150738704,0.35057368901678
3753,304.086582905993,259.293370787197,-0.99139864082315,0.130876793107149
3754,304.399702326589,259.396362139308,-0.993549110437145,0.113402668176535
3755,304.721360287539,259.489279256765,-0.995449808654706,0.095287346742941
3756,305.067234519442,259.563967567029,-0.997069467469761,0.076501483904352
3757,305.432159937505,259.630963090224,-0.998364568520873,0.057168070827433
3758,305.797743351317,259.67864047632,-0.999305370650611,0.037266287564555
3759,306.192606071333,259.709730173812,-0.999864321219369,0.016472375436811
