634,312.320747364489,254.774929197888,-0.003002819143923,0.999995491528431
635,311.925777790516,254.792003806692,0.015976698292784,0.999872364410409
636,311.485585388307,254.79497171989,0.038391272374471,0.999262783358546
637,311.02117059142,254.760185389544,0.059406961764216,0.998233846798407
638,310.589079952888,254.712260012586,0.080720336738552,0.996736789346523
639,310.14258922552,254.651967276184,0.101321173992198,0.994853767998515
640,309.666294009481,254.562747508907,0.122818903820291,0.992429099162445
641,309.30122513186,254.454257277923,0.141468985376043,0.989942688329316
642,308.909932746288,254.353991965805,0.160344840681362,0.987061057922391
643,308.519438525556,254.232048963213,0.179623306763299,0.98373546630556
644,308.100689095472,254.067078223822,0.201273891437845,0.979535002246202
645,307.74174512099,253.909881429754,0.220013406769782,0.975496848196628
646,307.377579143614,253.742210675116,0.238725703886756,0.971087039509731
647,307.017283859565,253.55956511705,0.257415487359145,0.966300815930347
648,306.634105083611,253.347077354871,0.278742524882601,0.960365870292188
649,306.265991267505,253.135079327912,0.297609737196934,0.954687616095219
650,305.930380936649,252.904264228644,0.314612204598178,0.949220290932444
651,305.600897679192,252.662364179895,0.328928126722179,0.94435495839808
652,305.248986899498,252.383700706135,0.34189948862109,0.93973652673536
653,304.880641375976,252.077452965475,0.349931405325958,0.936775326087638
654,304.534854073445,251.782608553346,0.354591127269396,0.935021460963233
655,304.18926376941,251.466675073735,0.355657608019101,0.934616320132562
656,303.80700746877,251.127782996916,0.359029464764595,0.933326225620414
657,303.366225213526,250.745743615695,0.366233168063854,0.930523114495235
658,302.995430612239,250.393507025107,0.376143423460436,0.926561452353519
659,302.625069584313,250.033551338256,0.386013239495663,0.922493240589905
660,302.237316432898,249.648377263605,0.395887598943699,0.918298975825735
661,301.849307546263,249.233197579301,0.40348487516072,0.914986314387564
662,301.499009495901,248.839155414561,0.407561485805348,0.913177767626948
663,301.134967892662,248.43491785795,0.409005188688587,0.912532057314051
664,300.733784270683,247.990281869676,0.412231737932436,0.911079027440103
665,300.310110467606,247.511066324756,0.419249379046807,0.907871113192213
666,299.916690952086,247.067359580989,0.42692259885285,0.904288170103274
667,299.532257000729,246.610524511412,0.432656112687163,0.90155903198539
668,299.135055721247,246.110096041109,0.438096083886337,0.898928151346622
669,298.739565107368,245.583611663124,0.43854798756066,0.898707773754348
670,298.358507725295,245.104005326523,0.437998252807039,0.898975823110934
671,297.95344251886,244.616074145805,0.437676447526453,0.899132541553593
672,297.535585778566,244.068779787729,0.439695417049556,0.898146948013306
673,297.092857520473,243.497703156007,0.440573191741999,0.897716694017811
674,296.676687618219,242.965160583857,0.440009636049503,0.897993051300278
675,296.261940021654,242.424163341245,0.442191618312818,0.896920605568794
676,295.807866168984,241.834060873129,0.448832836978785,0.893615736460351
677,295.322481510291,241.199636800737,0.454796409728019,0.8905954332347
678,294.889895615951,240.60592203841,0.458861182724771,0.888507971257672
679,294.473373194241,240.002532518087,0.45897218913527,0.888450634306926
680,294.001519906181,239.341017702506,0.457891493207928,0.889008087954105
681,293.51038336431,238.667305443231,0.456869544676128,0.889533708831446
682,293.056005939618,238.032341593302,0.456013706528592,0.889972752087419
683,292.595372802404,237.377346946979,0.454981160208579,0.890501063365595
684,292.087191794824,236.668361706113,0.456962005889027,0.88948621415617
685,291.547691544569,235.932579482743,0.458312564170811,0.888791085420627
686,291.066091151366,235.240278516733,0.459763564672657,0.888041364239016
687,290.561933564859,234.542496306123,0.4588165458743,0.888531022098822
688,290.032505425856,233.777460236676,0.457638942153625,0.889138121230054
689,289.461715827001,232.998720305751,0.456495645908877,0.889725646065256
690,288.937752423809,232.271830202587,0.456170748421018,0.889892267797068
691,288.411943351157,231.526995058579,0.455823458362615,0.890070207796186
692,287.810639119939,230.717917965553,0.455480378094541,0.890245822888742
693,287.218780740537,229.865411304519,0.455008349064938,0.890487171317588
694,286.662087589155,229.093461775933,0.457296509042706,0.889314287986736
695,286.081887348964,228.307903237749,0.460159135574282,0.88783645450473
696,285.483490019103,227.456361831125,0.462620556891445,0.88655638305832
697,284.885835588525,226.593667610118,0.461818963707631,0.886974207494226
698,284.314924564405,225.806499864628,0.460379731542619,0.887722086457663
699,283.758924625531,225.007513664226,0.459505660278907,0.888174840992271
700,283.175154595688,224.138050061241,0.458612881933802,0.888636159811411
701,282.554734536778,223.281789545307,0.459489769619052,0.888183061995347
702,281.985185619534,222.478015112089,0.464066594514802,0.885800313758939
703,281.435828159346,221.676493380295,0.467474608767119,0.884006498934272
704,280.849996676353,220.792575848286,0.466793234193815,0.884366483145352
705,280.238141279735,219.928052849779,0.46556749907478,0.885012374944698
706,279.680140026509,219.116763126168,0.464331219327576,0.885661627687328
707,279.121404759626,218.310777242679,0.463240601337772,0.886232557104635
708,278.50235571475,217.448777111787,0.461497635887115,0.887141438593984
709,277.900340531568,216.571976022881,0.460534195514373,0.887641963159657
710,277.329487110353,215.771391909643,0.459120644787857,0.888373926637642
711,276.739357464907,214.974788523333,0.458019725043629,0.888942029308413
712,276.134218614911,214.102386484519,0.456632285489139,0.889655526509539
713,275.504738017144,213.248059236467,0.456320409331585,0.889815533707664
714,274.92283554897,212.444054775745,0.456110556630294,0.889923120348271
715,274.34147153468,211.652422445279,0.457367276263636,0.889277895037981
716,273.727676838079,210.784553651596,0.461590983484954,0.887092872232323
717,273.11515050687,209.908514677133,0.464192715665586,0.885734228040787
718,272.55291586304,209.107255146425,0.463456596990852,0.88611962099124
719,271.994745900798,208.290693972554,0.462255399859224,0.886746832698595
720,271.387564073703,207.427361604434,0.461185318485261,0.887303838610906
721,270.774152732585,206.570746260607,0.461721395354173,0.88702500137944
722,270.217084416009,205.775160276121,0.460681061742424,0.887565749312057
723,269.656532111398,204.970654524897,0.459480697434744,0.888187755311275
724,269.048496345363,204.118600425419,0.460949947847143,0.887426135280969
725,268.418416781048,203.267053708235,0.46263242924068,0.886550187758633
726,267.865590774963,202.461552547958,0.464347403904723,0.885653142311901
727,267.298236758502,201.661590078006,0.466629457019356,0.884452909906356
728,266.701907734286,200.808244952563,0.468566125690551,0.883428427126582
729,266.102551745425,199.939242120719,0.468508996659346,0.883458725719121
730,265.560210829619,199.13763854698,0.467464575731187,0.884011804466694
731,265.018222247071,198.339537538236,0.466306929711733,0.884622997272181
732,264.406529719399,197.487834024791,0.465025602883754,0.885297231816863
733,263.808203081633,196.622777738556,0.463944952517542,0.885864030782092
734,263.257647569046,195.832233539136,0.462543021373049,0.886596838128295
735,262.689513886332,195.049108734458,0.461273996715015,0.887257741557974
736,262.085050718246,194.225436152302,0.460046482194781,0.887894832860405
737,261.464430555534,193.354748883716,0.463486488940479,0.886103986318551
738,260.900571734813,192.573495012904,0.464944353063303,0.885339905660276
739,260.363593953874,191.76493983885,0.464175591527148,0.885743202192612
740,259.773439161708,190.931893502203,0.462686637550048,0.886521897886697
741,259.157126352921,190.078665072968,0.461643179735536,0.887065710420408
742,258.609630678014,189.300129249841,0.460194185441908,0.887818287537184
743,258.044275306861,188.51971911934,0.461160153252275,0.88731691804695
744,257.438265645971,187.678676229345,0.464738906083691,0.885447767613728
745,256.834045752627,186.813184272623,0.465273437973242,0.885167005664219
746,256.275140946233,186.028719750324,0.464234428096134,0.885712366273756
747,255.717221137318,185.237915651361,0.463023241936368,0.886346138608803
748,255.123784525566,184.390422306188,0.461745785841278,0.887012305020523
749,254.516841243317,183.549151824356,0.460223016455292,0.887803342596091
750,253.952768767909,182.779520967776,0.458917118676821,0.888479081456263
751,253.394732775932,182.004468879039,0.457509057792995,0.88920496064595
752,252.798895162733,181.163884157076,0.456185361751623,0.889884776655686
753,252.157227824838,180.328776809097,0.454465123457219,0.890764532051549
754,251.596124605694,179.551938539465,0.453097632492459,0.891460899551814
755,251.021949971799,178.7878645466,0.451605424918239,0.892217765001581
756,250.386648587315,177.968417909854,0.450286694232534,0.892884031102101
757,249.774842558075,177.124546002912,0.449262274554044,0.893399915302507
758,249.201522265533,176.368504085398,0.448241872895872,0.89391231302785
759,248.616569708771,175.615981486771,0.446644560897052,0.894711482110898
760,248.001872459934,174.799979046072,0.44535055592478,0.89535628793095
761,247.351195028623,173.965847308729,0.444564378420226,0.895746902556653
762,246.766458973605,173.204695495404,0.44398197535388,0.896035716677001
763,246.181217054956,172.45097042756,0.443053811210347,0.896495019713989
764,245.54168782332,171.644851135393,0.441487783503047,0.897267260640645
765,244.888787581683,170.824715426244,0.440077964580287,0.897959567625888
766,244.297376091634,170.0704601803,0.438846239104398,0.898562172820515
767,243.696563332385,169.321311806277,0.437464351298273,0.899235754039608
768,243.05426757839,168.5237719945,0.436461531942805,0.89972291908906
769,242.40599491517,167.702886759948,0.435607239891376,0.900136841015974
770,241.802092524061,166.960418364828,0.434598442413058,0.900624335587344
771,241.199678962953,166.22055449882,0.433217581780254,0.901289369091009
772,240.547526770097,165.42797205927,0.431585115779475,0.902072218748375
773,239.88164598034,164.622382270674,0.430292461217357,0.902689535676309
774,239.278913333428,163.888897208149,0.431862759735569,0.901939330971645
775,238.671885507513,163.165395049888,0.432299909478254,0.901729886532045
776,238.030138362687,162.377699324386,0.431146379652324,0.902281995449701
777,237.371119121306,161.586219135385,0.429918071903148,0.902867903655391
778,236.759819458379,160.859995219478,0.428556742863814,0.903514868801814
779,236.162508090068,160.131517481091,0.427301422457888,0.904109227010468
780,235.506640971246,159.358636816866,0.425684857056218,0.904871483953952
781,234.838380593358,158.569060342159,0.424470472288181,0.905441780654863
782,234.216181126702,157.85095168846,0.423059820120936,0.906101753998546
783,233.592843501325,157.134640289467,0.42181890472275,0.906680104346897
784,232.927259856088,156.361846914259,0.420213530976317,0.907425252229855
785,232.241664616421,155.574080952029,0.418688439129203,0.908129941660086
786,231.621178212047,154.861304984866,0.417259131405865,0.908787553424024
787,230.995032355495,154.14392793777,0.416090458366343,0.909323226612235
788,230.315968783827,153.379243249394,0.414519184054165,0.910040573848809
789,229.622521623533,152.603155730827,0.413249513722825,0.910617833895125
790,228.988039417933,151.88804948573,0.411852622446003,0.911250469072225
791,228.34587891354,151.178733331918,0.410362879709472,0.911922314101673
792,227.649181971835,150.423507725431,0.408841980533345,0.91260519117172
793,226.942338195675,149.652725658586,0.407349575738552,0.913272315985556
794,226.28683046911,148.949597456709,0.408136084628733,0.912921100875605
795,225.628452647608,148.245530297433,0.411372805163075,0.911467177232545
796,224.957083390032,147.467183402266,0.415672495633577,0.909514362928785
797,224.246861981595,146.686743764429,0.414789467348327,0.909917412613305
798,223.618198650215,145.970585388248,0.41367629226694,0.91042403593945
799,222.991289668211,145.244537072001,0.412496694878332,0.910959097168722
800,222.288506736371,144.482520364492,0.411062869523359,0.91160699717544
801,221.595126712059,143.708061338056,0.409479549399108,0.912319296421984
802,220.949150696541,142.989108720405,0.408310791279886,0.912842975393027
803,220.289329604971,142.298705512118,0.406506854821737,0.913647731340115
804,219.592724791564,141.540521182159,0.405255475819467,0.914203478071669
805,218.877396688413,140.747670044456,0.40375316594846,0.914867958224899
806,218.223486978596,140.052650676215,0.402486027467154,0.915426129020638
807,217.560020113002,139.354732894079,0.401361745551924,0.915919619403096
808,216.851154739667,138.59496143923,0.400286054909755,0.916390241242662
809,216.117788240757,137.841395873404,0.401664057456205,0.915787084942684
810,215.467625810366,137.134253537273,0.400690812878205,0.916213333495537
811,214.806343457983,136.430135341335,0.399357654320498,0.916795213739486
812,214.085118078975,135.694266938361,0.397573129416835,0.917570491442322
813,213.366526103688,134.926068371692,0.396213532614144,0.918158394054872
814,212.702468331549,134.229316503522,0.394923648572572,0.918713944488777
815,212.035040830417,133.536546267255,0.393511294041311,0.919319781937674
816,211.30799216116,132.801156429071,0.391394435974277,0.920223013996269
817,210.58664300345,132.032647286636,0.39000449086758,0.920812954460959
818,209.912545976233,131.345168352384,0.388659759967674,0.921381349378134
819,209.235423863765,130.660869796683,0.386960044035817,0.922096483194573
820,208.51311621128,129.932211077272,0.38520761424577,0.922829937706337
821,207.756026140389,129.190301962497,0.383596736287385,0.923500700546386
822,207.069236757834,128.515666129633,0.382061787837645,0.924136781150011
823,206.383463390233,127.836142264918,0.380880752792218,0.924624168055558
824,205.635868148512,127.109476511926,0.37928679437481,0.92527916198998
825,204.891987765045,126.377206654296,0.37960624243658,0.925148150678139
826,204.192938117496,125.70874490862,0.380345708900505,0.924844387840988
827,203.510733852348,125.021504250186,0.37956120100928,0.925166630768962
828,202.764685134203,124.293878500842,0.378038381292757,0.92578992340031
829,202.004500739069,123.563639510864,0.376741969098435,0.926318243758501
830,201.317026032339,122.893653119103,0.375383036910053,0.926869772729797
831,200.628534183507,122.228392887158,0.374026144374614,0.927418159906447
832,199.866050977087,121.504956676539,0.372527403100889,0.928021192613028
833,199.113724344182,120.789013322718,0.370981239615254,0.928640360879027
834,198.405479976472,120.131940018472,0.369736451803134,0.92913667251273
835,197.70054801888,119.47207085289,0.369689782773858,0.929155242417874
836,196.939159674396,118.776204329894,0.36837072809329,0.929678980446487
837,196.156648892558,118.042630530338,0.36686330773364,0.9302748590813
838,195.443193160291,117.391700774833,0.365654768720476,0.930750552034204
839,194.7262773029,116.734258913607,0.364408933548153,0.931239029009361
840,193.963436947286,116.043084452529,0.363045226363116,0.931771518997524
841,193.18562023195,115.320966792835,0.361913026743358,0.93221186490704
842,192.470267450826,114.67520891872,0.360667636776708,0.932694406427906
843,191.756854761387,114.024700708024,0.359216580776802,0.933254224793557
844,190.989826378441,113.328937866037,0.357734013951997,0.933823524688575
845,190.198217290447,112.62227439793,0.356420349395441,0.934325711161173
1164,189.042699439546,111.71586592537,0.36450011753056,0.931203342090334
1165,188.553123268175,111.268063771956,0.361821307487033,0.932247467922748
1166,188.0544665215,110.818822646441,0.359278908868195,0.933230231851969
1167,187.529316688987,110.372635038388,0.357000043945373,0.934104367093422
1168,187.002464032584,109.927356393853,0.356186744163156,0.934414791879094
1169,186.467547982318,109.47313834951,0.358788078490149,0.933419045623854
1170,185.944256788543,109.011628779645,0.363338803309019,0.931657079622095
1171,185.398459235717,108.569879720929,0.364356726641956,0.931259456730915
1172,184.887669964946,108.090810910937,0.36414562462572,0.931342023139697
1173,184.35910438049,107.61371553351,0.363707508455921,0.931513203498902
1174,183.819491570711,107.160570227264,0.362758179561032,0.931883309841724
1175,183.28460778479,106.702905252269,0.362498184394412,0.931984477505261
1176,182.768320982286,106.236380762121,0.361789739523345,0.932259719378473
1177,182.251144025403,105.775696143277,0.361090681774848,0.932530707020083
1178,181.720967522714,105.317732160899,0.360591722240052,0.932723758597342
1179,181.180709518205,104.864015859537,0.35986980306101,0.933002532067748
1180,180.642670901592,104.401951741808,0.359546401543084,0.93312720737176
1181,180.117194414482,103.93695486899,0.359184254016311,0.93326666696435
1182,179.583058516748,103.473103345026,0.358631125558725,0.933479360125591
1183,179.038849094045,103.021650195469,0.358148172292437,0.933664761401857
1184,178.505757904452,102.563504039151,0.357932532056068,0.933747451132228
1185,177.973743682176,102.092206687023,0.357506790236573,0.933910539042548
1186,177.428072803325,101.618208510777,0.35680482166855,0.934178954608845
1187,176.873814031655,101.162296245285,0.35567791852624,0.934608590947484
1188,176.335358303987,100.693833819912,0.354673892623681,0.93499006940778
1189,175.798049612862,100.234984722788,0.352929794078335,0.935649806525831
1190,175.245413946738,99.7935718374602,0.350643000906062,0.936509202258895
1191,174.715373132586,99.346167728933,0.348419061153596,0.93733887032644
1192,174.184965194449,98.9119869781903,0.346900701121458,0.937901862436279
1193,173.652941566551,98.4847068984658,0.345854288299261,0.93828823464062
1194,173.126250177622,98.0427101139511,0.344789678845736,0.93867996535638
1195,172.584026462434,97.6111267895552,0.343681556683469,0.939086251414441
1196,172.068450594814,97.1859555671935,0.342502985508486,0.939516740094488
1197,171.548540193404,96.7540375799541,0.341491679064281,0.939884797796974
1198,170.994342432259,96.3341459475249,0.340530010721539,0.940233647450456
1199,170.451299259907,95.917223973542,0.339752393126789,0.940514918204183
1200,169.910066491599,95.4892713744292,0.339248939582366,0.94069663387951
1201,169.354384582273,95.0523886737923,0.338801023246851,0.940858048085303
1202,168.800348479598,94.6086671484,0.338223775845935,0.941065713673875
1203,168.221348699418,94.1513901229105,0.337813528170392,0.941213057806293
1204,167.63832854049,93.6909422139348,0.337267499298027,0.941408855873608
1205,167.053523051782,93.2265940124875,0.336778727341259,0.941583819322742
1206,166.449211828792,92.7543483564068,0.33652373588949,0.941674983836239
1207,165.850938300311,92.2884686174371,0.336317446135087,0.941748679545224
1208,165.248595951632,91.8110147530868,0.335979811949801,0.941869187287798
1209,164.62212732493,91.330072714381,0.335704038331166,0.941967514645886
1210,164.001321749107,90.8623092581539,0.335296503758388,0.94211265492371
1211,163.387290710706,90.3782014468604,0.334851252911046,0.94227100052156
1212,162.773042729937,89.8947613383937,0.334542516296681,0.942380658115331
1213,162.145313989512,89.4194442620168,0.334015504533952,0.94256757992779
1214,161.52188532941,88.9429210866222,0.333587480250842,0.942719148537832
1215,160.902097264906,88.4714680929223,0.333182635197355,0.942862307870532
1216,160.30281706231,88.0143970386085,0.332892138754051,0.942964911306754
1217,159.699872174244,87.5528429638627,0.332514041969633,0.943098304469379
1218,159.099355388033,87.0949951011831,0.332108011769801,0.943241362811401
1219,158.504072408518,86.6453844665557,0.332067706731562,0.943255552936765
1220,157.909888212548,86.1793128793813,0.334035966206939,0.942560328721826
1221,157.311383112332,85.733538031602,0.336034281754826,0.941849755261166
1222,156.713506330033,85.284458289712,0.338201255683516,0.941073807229854
1223,156.126359056153,84.820113909127,0.339815931781882,0.940491963021062
1224,155.553052906802,84.3560734612293,0.341497172780282,0.939882801727468
1225,154.967368566435,83.8951870708321,0.342483067696008,0.939524000939588
1226,154.384611877121,83.4481078156682,0.343864534903569,0.939019265848977
1227,153.822377628036,82.9949439222481,0.345838966285771,0.938293882213024
1228,153.265486489434,82.5244454715715,0.34895676460195,0.937138824528436
1229,152.701193134478,82.0770137676251,0.352137922452487,0.935948120127845
1230,152.169230783149,81.6408194838739,0.354947282392346,0.934886317539351
1231,151.670610217616,81.2232030075346,0.357233400627151,0.934015148419104
1232,151.209552093074,80.8296886421225,0.359336903383073,0.933207902810014
1233,150.796980070444,80.4752992986477,0.361156929638027,0.932505052090568
1234,150.420483822042,80.1484354173728,0.362952759720255,0.931807541400825
1235,150.049745445256,79.8242572245758,0.364293315097548,0.931284264108032
1236,149.66899192358,79.4849841286743,0.366270935888141,0.930508249035776
1237,149.282042999323,79.1509903198505,0.368203196703594,0.929745344670924
1238,148.88872722509,78.8137405607997,0.371013194280332,0.928627594717013
1239,148.492345350807,78.4809974333289,0.374268530852135,0.927320369027762
1240,148.110792963814,78.1239043023288,0.377072948895921,0.926183562373536
1241,147.722221427578,77.7416858715583,0.379962431599233,0.925001919226765
1242,147.320080240393,77.3571153936664,0.383952979921861,0.92335264618082
1243,146.904020368,76.9612762580679,0.388873869700586,0.921291003681297
1244,146.469374465395,76.5654147812798,0.394384212615114,0.918945641939694
1245,146.04716748703,76.141562331964,0.39955726639686,0.916708236501379
1246,145.621987910772,75.7013641224907,0.40416211340267,0.914687370684589
1247,145.177096864736,75.2489796753333,0.407239227003538,0.913321527168588
1248,144.737303738558,74.7792330327825,0.411316686592622,0.911492503167452
1249,144.284570682165,74.305615002377,0.417364085735139,0.908739357537942
1250,143.829597462199,73.8153076356768,0.423394462549099,0.905945433832943
1251,143.375326978001,73.305033497304,0.429174208670318,0.90322173280552
1252,142.912178943117,72.7787586396962,0.43154055237654,0.902093538195763
1253,142.454046806215,72.2457770978411,0.43138319362578,0.90216879809558
1254,141.985909251591,71.7040519097802,0.43103809973502,0.902333727939294
1255,141.524169857524,71.1530490594122,0.430912292383342,0.902393814403076
1256,141.057996801926,70.5943909790304,0.430789907720377,0.902452245499045
1257,140.568831372106,70.04331871777,0.430574227258193,0.902555169959715
1258,140.095430948733,69.4870709266971,0.430214199028775,0.902726837395471
1259,139.609756821516,68.9158505734778,0.429861756154023,0.902894717337619
1260,139.129040707511,68.3566041602697,0.429273425207334,0.903174582464965
1261,138.638577120865,67.7922439666804,0.428782150778787,0.903407918480637
1262,138.146944410346,67.2319361205694,0.428182523861218,0.903692274095468
1263,137.668990558382,66.6819022008262,0.427246012684916,0.904135412781095
1264,137.18193225995,66.1094877028205,0.424671338384094,0.905347587590016
1265,136.693382054773,65.548235824854,0.420355905840269,0.907359307234574
1266,136.202864182431,65.0096243482523,0.414671887570067,0.90997100264738
1267,135.707354235871,64.4564517314933,0.406347385066937,0.913718667123126
1268,135.214939669326,63.9078215852541,0.395815853917914,0.918329902479078
1269,134.69797482351,63.3915585660753,0.38192734813862,0.924192350511408
1270,134.172128976291,62.8835210628621,0.36819403089345,0.929748974516473
1271,133.646923810465,62.3772236608914,0.354403473999248,0.935092603765672
1272,133.088385125849,61.8977225308398,0.340246994642913,0.940336100889711
1273,132.518363562782,61.4512537414855,0.325459210855868,0.945556080869387
1274,131.941678942108,61.0151818259878,0.310864686583501,0.950454179135081
1275,131.355018337538,60.5906060742521,0.296719698719228,0.954964617350806
1276,130.75628283103,60.1793969824796,0.283460919348912,0.958983788810775
1277,130.128830030097,59.8098564000809,0.270347241464291,0.962762883077992
1278,129.48937143075,59.4447863583815,0.257637610746826,0.966241616537327
1279,128.841251828208,59.0746735427457,0.244527798918562,0.969642282264982
1280,128.159101448661,58.7291754944506,0.233257610298515,0.972414976868325
1281,127.463500484726,58.3943147268984,0.226134426899816,0.97409610458655
1282,126.755734192959,58.0645133380003,0.22199705088221,0.975047337004518
1283,126.039386891359,57.75478952786,0.21736373868902,0.976090674631784
1284,125.327680409931,57.4465569796699,0.20784232957056,0.978162341351722
1285,124.62191501968,57.1329596159475,0.195582136120499,0.980687324293805
1286,123.918491297464,56.8495121158006,0.183447701144069,0.983029471045989
1287,123.194022504167,56.5993958217553,0.173857637874022,0.984770796557689
1288,122.474656338742,56.3492116839148,0.165855288248027,0.986150101840569
1289,121.750462806241,56.0970389394885,0.159667778902624,0.987170806081857
1290,121.026186368756,55.8904694574465,0.153141291045674,0.988204303257613
1291,120.305900442248,55.6793754424711,0.147960710996041,0.988993239613672
1292,119.589148798552,55.4719671416701,0.142454407866543,0.98980136475931
1293,118.872176245858,55.2756648070755,0.138668422475704,0.990338865544567
1294,118.154840846012,55.0926037111075,0.138179195464987,0.990407244491199
1295,117.442221921621,54.9136665215857,0.13830401493343,0.990389821965722
1296,116.741688295123,54.73430382185,0.139818856594272,0.990177098978092
1297,116.031934757174,54.5474411125152,0.140325565784269,0.990105416401367
1298,115.338366283499,54.3627589312813,0.141299915045779,0.989966834802084
1299,114.646191857466,54.1783469992033,0.142171250205708,0.989842076098478
1300,113.948940202132,53.9907946357319,0.145993124141793,0.989285604718536
1301,113.26095002925,53.8099682620521,0.151447673658227,0.988465276144545
1302,112.57511399165,53.6218537120735,0.155600595713362,0.987820051736979
1303,111.900764400084,53.4247059826171,0.158130180991015,0.987418273002758
1304,111.251411204234,53.2241737447194,0.160737164600885,0.986997246154247
1305,110.591289873068,53.0268737325517,0.164783292063891,0.986329796090834
1306,109.951667815401,52.8312164372744,0.167485536253336,0.985874533166332
1307,109.309499783717,52.6315861435937,0.171949541700702,0.985105758337103
1308,108.662331644794,52.4225161469573,0.176282679254433,0.984339584185701
1309,108.02134890774,52.1976505959417,0.181068232002747,0.983470536091143
1310,107.376113977736,51.9780930250191,0.182605352855733,0.983186292168698
1311,106.731246869836,51.7559065513258,0.183030481958742,0.983107238643858
1312,106.096136879834,51.5300284898261,0.183145517940923,0.983085814798561
1313,105.457493049539,51.3042411436808,0.185409073778236,0.982661424581578
1314,104.810125802278,51.0780749703668,0.189738407083189,0.981834678995163
1315,104.159772657803,50.8455457132855,0.193884684642732,0.981024326436908
1316,103.511642567663,50.5933067558367,0.195905718652991,0.980622735509969
1317,102.85667495696,50.3479498686988,0.196996766984227,0.980404137995022
1318,102.206330919575,50.0994911518605,0.19945506468762,0.979906973732944
1319,101.549725691803,49.842371137932,0.202461636043909,0.979290194952662
1320,100.902672541195,49.5766378242801,0.204902508262584,0.978782387514049
1321,100.242249224209,49.3274450274069,0.207177690628863,0.978303329497397
1322,99.5849745050518,49.0753958129787,0.209623832475564,0.977782107045459
1323,98.9372278176955,48.8019487029965,0.21310632355806,0.977029014338657
1324,98.2886412642258,48.5198837207952,0.216968138129862,0.976178686018324
1325,97.6346321007135,48.2551571402835,0.221015775319215,0.975270232838082
1326,96.9899898088926,47.9739334488187,0.224839027893743,0.974395921346039
1327,96.3395542399106,47.6836134689335,0.228500132154906,0.973543881704975
1328,95.6966369080079,47.3853818404221,0.231143898869142,0.972919574279175
1329,95.0627574890454,47.0861152703261,0.232473051668147,0.972602837877876
1330,94.4279374943573,46.7896955891235,0.232841724762412,0.972514643185214
1331,93.7895249682902,46.4900405525586,0.233101976641806,0.972452296251946
1332,93.1523012176918,46.1920513575048,0.233150231669742,0.972440727999576
1333,92.5166490861331,45.8859865705696,0.233324415315697,0.972398949617691
1334,91.8730166650728,45.5823722273079,0.233400120654073,0.972380781216219
1335,91.2233722821681,45.2786745780489,0.233538786611125,0.972347486831844
1336,90.5683176466563,44.9763831183185,0.233736347820987,0.972300015276821
1337,89.8974987368487,44.657738836634,0.234037792190724,0.972227500036124
1338,89.2206341186406,44.3293707198309,0.236340253659327,0.971670357940513
1339,88.5365480821847,44.0102695116129,0.237523203190515,0.971381865151969
1340,87.8456936629061,43.6678160338334,0.238384422143247,0.971170874398234
1341,87.1618865686333,43.3360372798373,0.238565140306919,0.97112649733716
1342,86.4757662298688,43.0124554281013,0.238618092158754,0.971113487752341
1343,85.785738482358,42.6798245869952,0.238665192352428,0.971101913271402
1344,85.1002567208018,42.3427429725312,0.239202217040678,0.97096977263086
1345,84.4067265757556,42.0195796450298,0.23910938581751,0.970992637260434
1346,83.7212146044341,41.6951784104263,0.239500392056883,0.970896267478972
1347,83.0390727897696,41.3525959899142,0.239684157134585,0.970850917916177
1348,82.349585103134,41.0162818314354,0.239797452000963,0.970822940609587
1349,81.6634801979076,40.6752351079843,0.240077251470023,0.97075378615105
1350,80.9577072267769,40.3540011758252,0.239988984437063,0.970775611224791
1351,80.2659551451222,40.0102949448042,0.240338876741543,0.970689046155675
1352,79.5786918554533,39.6765751195413,0.239234542559022,0.970961808541703
1353,78.8890737604759,39.3394458998014,0.237010364225769,0.971507121564
1354,78.2067091681195,39.0063884805747,0.234046849920252,0.972225319585129
1355,77.5129782845672,38.6735404951506,0.231480668569164,0.972839503761423
1356,76.8135221408059,38.3608127288975,0.230358136666851,0.973105918629301
1357,76.1216223101795,38.0523422098474,0.229902891605218,0.973213573904289
1358,75.4336990339773,37.7202271636296,0.229991716828568,0.973192586382699
1359,74.7457456329153,37.3952520234402,0.229385916419586,0.973335554343078
1360,74.0504351635643,37.0905900164529,0.228263864263221,0.973599305808926
1361,73.352989485986,36.7660062430496,0.227943241542451,0.973674421269821
1362,72.6710429896987,36.4530800333766,0.227056898399601,0.973881494273894
1363,71.9705604991767,36.1391175000843,0.226059193767912,0.974113566743119
1364,71.2732043781343,35.8090281113288,0.225235400389705,0.97430437462391
1365,70.5760899987147,35.5064084124687,0.223812271693235,0.974632272726239
1366,69.8609941434444,35.1924705101554,0.222055739016885,0.975033973136149
1367,69.1560183675033,34.8690388711599,0.220148757010869,0.97546631145651
1368,68.4503711764598,34.555722487751,0.218083507914255,0.975930112034572
1369,67.7305020090995,34.2487989097204,0.215693029283814,0.976461221512852
1370,67.0193113178833,33.9301938762504,0.214327160170814,0.97676193026403
1371,66.2957656565042,33.6231305153745,0.213901753440563,0.976855178557729
1372,65.5816127335503,33.3164738395349,0.213729089297319,0.976892970794723
1373,64.8555343025921,33.0192905642861,0.213878992582507,0.976860162219696
1374,64.1387316817053,32.7139485151548,0.213852156968009,0.976866037366501
1375,63.4154777194663,32.4084112200687,0.213461705117614,0.97695143198026
1376,62.6930590987466,32.0985435852781,0.212158191334077,0.977235335960511
1377,61.9708483044528,31.7978863856515,0.209968052459103,0.977708247355279
1378,61.2576277761646,31.5060852765438,0.207807765082353,0.978169685060561
1379,60.5498823370369,31.2187306468745,0.206205204324232,0.9785087703795
1380,59.8484747927692,30.9279744048968,0.205097825692098,0.978741478581742
1381,59.1638861490745,30.6495938873556,0.204070681455385,0.978956156817217
1382,58.47025246953,30.3840033138454,0.20230386598742,0.979322799594977
1383,57.7872071684323,30.1072306617625,0.200332885197056,0.97972788829788
1384,57.104267927241,29.8321507395245,0.198441554957199,0.980112722734568
1385,56.4081610155921,29.5765563934347,0.19721013506885,0.98036124088324
1386,55.7169102246109,29.3210753861036,0.196242038082393,0.980555486695816
1387,55.0432309952934,29.0584069591557,0.195380566762356,0.980727502485589
1388,54.3522303926299,28.7923933737989,0.194704609357331,0.980861924582155
1389,53.6627384920634,28.5363490586477,0.193879527320183,0.981025345689958
1390,52.9790026608733,28.2806388907355,0.19314329717651,0.981170559462414
1391,52.2874181533998,28.0085735658354,0.192597354434643,0.98127787046523
1392,51.5977674652142,27.7447272690978,0.191632088218755,0.981466832228639
1393,50.889309717252,27.4917786443935,0.190872816649577,0.98161477569577
1394,50.1944483594271,27.2355137800514,0.189979339892484,0.981788088343924
1395,49.4924881933588,26.968765065794,0.189265385617178,0.981925971653251
1396,48.7874767833651,26.7118825215233,0.188896192206536,0.981997061385558
1397,48.0850312922329,26.4619506074621,0.187779068137781,0.9822112917134
1398,47.3783624357777,26.2040858206062,0.187033378030415,0.982353559316874
1399,46.6728075906711,25.9447948785734,0.186917073512506,0.982375695764874
1400,45.9612064742786,25.6861067359945,0.186661577871494,0.982424274611802
1401,45.2492204919219,25.4281031896305,0.187025516117688,0.982355056138519
1402,44.5327743257682,25.1646906866699,0.18613654179037,0.982523886636005
1403,43.8137035010388,24.9143831255363,0.184986258614255,0.982741107374623
1404,43.0962278856414,24.6611179327251,0.183891757327232,0.982946499860039
1405,42.3869469540303,24.4120916063601,0.182892396334243,0.983132936770566
1406,41.6662653562723,24.1581996589586,0.18250438720345,0.983205038967709
1407,40.9479043517591,23.90760741152,0.182096931809375,0.983280584281827
1408,40.2340081555984,23.6591685673001,0.181020013918574,0.983479412372684
1409,39.5103249756813,23.4083857051612,0.180049675196837,0.983657518886281
1410,38.7831569284824,23.1577422045614,0.179121329999343,0.983826991467131
1411,38.0518427739973,22.913682673532,0.179185012373464,0.983815394950049
1412,37.3355567572727,22.6545835024229,0.179456195967719,0.983765964916857
1413,36.6129458436961,22.4005918591161,0.179334199169223,0.983788211460339
1414,35.8792306847117,22.1607719108824,0.179208603001376,0.983811098031678
1415,35.1555104799787,21.9124518082497,0.178880612873097,0.983870787419845
1416,34.429662813285,21.6505044303018,0.178198321012808,0.983994592662082
1417,33.7073002386866,21.3995028569461,0.177233509870976,0.984168828493778
1418,32.9936473761889,21.1695700155966,0.176047124030401,0.984381740038195
1419,32.2733022345104,20.9275001780084,0.175560938384807,0.984468565731505
1420,31.5429811704627,20.6919783263685,0.174963631425516,0.984574896936945
1421,30.8084630531118,20.4261376762747,0.175268607861618,0.98452065244882
1422,30.0824505911182,20.19107333442,0.175180930478435,0.984536257126526
1423,29.3629057042023,19.9602209338019,0.174683275833909,0.984624676282255
1424,28.6521159312777,19.7120142030909,0.173953353467747,0.984753893527375
1425,27.933673757369,19.4609113544198,0.17317244705819,0.984891518686134
1426,27.2215619595922,19.2235883892889,0.172451084275937,0.98501808284521
1427,26.4883557582161,19.0045436541072,0.170744119562545,0.985315404139614
1428,25.7651053103637,18.7631096955552,0.168380654523,0.985722047629252
1429,25.045592069644,18.5265629983716,0.16655611003874,0.986031978289124
1430,24.3167911174319,18.3101171395488,0.16473361158363,0.986338094780189
1431,23.601751428902,18.0882638888315,0.162583017372739,0.98669486796171
1432,22.9037174091903,17.8671607148239,0.160405114319933,0.987051264778081
1433,22.2079109733318,17.6623798863144,0.158457494242041,0.987365799751305
1434,21.515392242,17.4677458039238,0.156915353600584,0.987612055315448
1435,20.8333847423823,17.2591674488191,0.15574379661041,0.987797484212921
1436,20.1493080589355,17.059343087008,0.155041864459325,0.987907900699745
1437,19.4718976947402,16.8674453989901,0.154348902906482,0.988016404808931
1438,18.7919158370582,16.6665448887147,0.153798086365095,0.988102296642627
1439,18.0960470082666,16.4701118708816,0.154003041508692,0.988070373610135
1440,17.4178088670088,16.2841629521597,0.153845853224795,0.988094860550107
1441,16.7290439017862,16.0841250490629,0.153657475283472,0.988124172505414
1442,16.0528857897585,15.8829913660946,0.153536504390507,0.988142976405512
1443,15.3779879929835,15.6863302724212,0.153841929896293,0.988095471402326
1444,14.6997342937937,15.4901498782244,0.15394980729667,0.988078669354479
1445,13.8991155338039,15.2639701460099,0.153680198281656,0.988120638715795
1446,13.2214553378872,15.0735628372509,0.153264944885691,0.98818513279101
1447,12.5445126948754,14.8707636274611,0.152839461376911,0.988251030379436
1448,11.8772031117639,14.6717112072534,0.152621830770263,0.988284663835442
1449,11.1858131473462,14.4733312346478,0.152449203605923,0.988311307392524
1450,10.5286926882829,14.2841051749505,0.152312559171414,0.988332375427748
1451,9.8479941097282,14.1043015605634,0.151744363039241,0.988419773317903
1452,9.16864042465136,13.9146001751691,0.15096517008414,0.988539082394554
1453,8.49688910127859,13.7155867657265,0.150477936018951,0.988613367688034
1454,7.801987410371,13.5213860230724,0.149952987465069,0.988693128099058
1455,7.02401324096851,13.3031414394915,0.149120613213509,0.988819014134956
1456,6.46537296646116,13.152343750862,0.148591130823442,0.988898718697022
1457,5.78933415351782,12.976125248296,0.148117717507353,0.988969737535185
1458,5.11745289098585,12.7878330841118,0.147945918058183,0.988995452633591
1459,4.42155323890307,12.5938412293012,0.147223254298763,0.989103287525465
1460,3.75103478709257,12.4108197331951,0.146178085671479,0.989258291483787
1461,3.04728557716939,12.2284090953972,0.144984845240001,0.989433875835436
1462,2.34709747784412,12.0457143614186,0.144305176184539,0.989533231441142
1463,1.63596323770841,11.8601134375378,0.14368404173945,0.989623613375012
1464,0.890950885003131,11.6672937243586,0.142915090316233,0.989734952883803
1465,0.178437012406853,11.4799159489595,0.142272753765308,0.989827491806545
1466,-0.550871210167777,11.2761671069296,0.141756706414231,0.989901528530282
1467,-1.30422309940982,11.0895828780344,0.140982523769747,0.99001208477044
1468,-2.04533244037913,10.8960716443665,0.140350501131651,0.990101882046537
1469,-2.80146910647362,10.6948695630621,0.139522237532317,0.990218938030361
1470,-3.54638382484443,10.5127304465331,0.13880091580755,0.990320304634306
1471,-4.30189084121092,10.3225370133618,0.137910139396368,0.99044474527945
1472,-5.0623637967003,10.1211185790942,0.137268560222467,0.990533867353586
1473,-5.8340336822723,9.93151184304745,0.136723201012118,0.990609290439475
1474,-6.62696947452286,9.74830321839049,0.135731434350428,0.990745667529854
1475,-7.38946388066797,9.55020675755847,0.135250522544581,0.990811433195751
1476,-8.16633508362045,9.34912527579125,0.135046568783942,0.990839252482301
1477,-8.94749741546349,9.16554350757938,0.135157609193687,0.990824111877101
1478,-9.7256170053153,8.97760300690093,0.135144107861713,0.990825953490451
1479,-10.5231994999784,8.76948803416848,0.135236389411962,0.990813362333601
1480,-11.2818422013472,8.58116790460858,0.135510775878722,0.990775872546736
1481,-12.0618267183965,8.3972989016238,0.135214569421947,0.990816340305325
1482,-12.8509902632632,8.20260007966028,0.135404877104742,0.990790350809014
1483,-13.6355487750735,8.00631801508856,0.135585986625815,0.990765582885631
1484,-14.4401102743967,7.80565021272883,0.135804751734291,0.990735620337932
1485,-15.2032396077185,7.62720417212752,0.136177709613576,0.990684425740306
1486,-15.9869910140529,7.43645410013693,0.136131675393841,0.990690752432093
1487,-16.7676193319677,7.24039652260397,0.136415597932357,0.990651696935284
1488,-17.5493434887736,7.05132044996282,0.13639597797693,0.990654398461803
1489,-18.3511526879054,6.84502630114483,0.136605176088817,0.990625572992007
1490,-19.1137216044189,6.66475468012058,0.136818432510854,0.990596141989899
1491,-19.9001569287965,6.47062148721056,0.137006452320652,0.99057015502311
1492,-20.6748069981144,6.27392918027403,0.137623633047398,0.990484596360204
1493,-21.454944930157,6.08753776447898,0.137617819948317,0.990485404048274
1494,-22.2572057528311,5.89155395612165,0.137879061201326,0.990449072129527
1495,-23.0149817996423,5.70417767347999,0.137934499073482,0.990441353117562
1496,-23.796886433815,5.50661856896884,0.138194545955737,0.990405102707012
1497,-24.5717086025734,5.311281145424,0.138377013330852,0.990379625285998
1498,-25.3478634412666,5.12106515304216,0.138620162190859,0.990345621807952
1499,-26.1444804709856,4.92280153129106,0.138995203479429,0.990293054307518
1500,-26.8984764312845,4.7256154158625,0.139055188582566,0.990284633087007
1501,-27.6817440390088,4.52818061317206,0.139320418531317,0.990247353432595
1502,-28.4614209137348,4.3371581456845,0.138681215162823,0.9903370742131
1503,-29.2317001938597,4.14264812079888,0.138571808675449,0.990352388718488
1504,-30.0268248407047,3.93910045566591,0.138403703179195,0.990375895782145
1505,-30.7862670892396,3.73976838013094,0.138229763399229,0.990400188060661
1506,-31.5550329406926,3.55044129923491,0.137977255444835,0.990435397681197
1507,-32.3359633826062,3.35768263314106,0.137394440356188,0.990516414684386
1508,-33.1062409899005,3.15146865540127,0.137311363529302,0.990527934712456
1509,-33.899663130187,2.95934772809201,0.137229429911071,0.990539289259282
1510,-34.6598313499018,2.78488391288413,0.1365935934585,0.990627170143286
1511,-35.4334020800398,2.59655073913539,0.136452039800721,0.990646678101846
1512,-36.2153532188018,2.39483365682646,0.136001785324685,0.990708592063528
1513,-36.9948902553588,2.2067214584061,0.135354242980482,0.990797269327677
1514,-37.7924339178031,2.0153569984389,0.134461766772562,0.990918782381483
1515,-38.710193310423,1.7914416688074,0.133332654224215,0.991071341184643
1516,-39.4889725480386,1.59068562670474,0.13173764669764,0.991284617273247
1517,-40.2691971732989,1.42037720472754,0.129624891444308,0.991563103144753
1518,-41.046429150768,1.24404729408193,0.127451777720185,0.991844768275744
1519,-41.8118276172875,1.07215003277403,0.12599545175234,0.992030819147129
1520,-42.5922838411449,0.891714226791318,0.125302127798636,0.992118630391111
1521,-43.3748575560212,0.722003004189528,0.125145168807476,0.992138441309553
1522,-44.1732186731187,0.541583110868352,0.125182126049984,0.992133778941936
1523,-44.9486638277681,0.363241194268314,0.12538320894229,0.992108386677249
1524,-45.7252183750598,0.198510321275508,0.125425220953526,0.992103076272198
1525,-46.4903725663357,0.015738865043139,0.125664288847339,0.992072823188143
1526,-47.2971886117552,-0.154110598579495,0.125662423777352,0.992073059431815
1527,-48.0882435604981,-0.329585139190618,0.126055275512045,0.992023219242162
1528,-48.8771891849402,-0.489933684795681,0.12622655057169,0.992001440488255
1529,-49.6645611082502,-0.674429150029051,0.126573973627163,0.991957171051367
1530,-50.4258085591374,-0.849899543637721,0.127395113573997,0.991852047957491
1531,-51.2027626672958,-1.01471772210883,0.129971709072692,0.991517702736932
1532,-51.9916400129955,-1.20525021635152,0.130603617465961,0.991434665071181
1533,-52.7552517633219,-1.39644981335151,0.130863176005975,0.991400438352551
1534,-53.5382719136867,-1.5690889391844,0.130926815409709,0.99139203598106
1535,-54.3151587454852,-1.7462437912029,0.131125740135344,0.991365744956905
1536,-55.092875675317,-1.92548503842524,0.132416795471678,0.991194124416106
1537,-55.8724740841843,-2.10594026709567,0.133674318371824,0.991025315825902
1538,-56.6378499863323,-2.28538312094996,0.134066521380604,0.99097233455072
1539,-57.4075501437076,-2.47243057123869,0.134603163167395,0.990899585460268
1540,-58.1754298801101,-2.65346274509735,0.134643449712738,0.990894112127756
1541,-58.9518877829283,-2.83239935766328,0.13556119325641,0.990768975535113
1542,-59.7303997833702,-3.02177466511846,0.137018110016614,0.990568542569102
1543,-60.4985921892053,-3.20817247738588,0.138340126643473,0.990384778437284
1544,-61.2702341945118,-3.39473241498108,0.1390474795315,0.990285715556847
1545,-62.0478275450079,-3.58388605488219,0.139022708225685,0.990289193416547
1546,-62.8143525414336,-3.7809961768991,0.138962339973234,0.990297666395899
1547,-63.572719533122,-3.96917345825602,0.138988746477836,0.990293960575606
1548,-64.3421961456172,-4.15869651810498,0.138827363033136,0.990316597494592
1549,-65.1124045055504,-4.34660322315973,0.138773905320688,0.990324089983701
1550,-65.887181867836,-4.53932245703516,0.138661896552542,0.990339779290144
1551,-66.6709054669868,-4.73801597566354,0.138779783056841,0.990323266319991
1552,-67.4498500366226,-4.92810068068234,0.138569700198833,0.990352683737872
1553,-68.2218618340361,-5.11693078151461,0.138193020630063,0.990405315539622
1554,-68.9875278043455,-5.30752612951606,0.137990842231675,0.990433504815034
1555,-69.7506670463772,-5.49354416206229,0.137703296988289,0.990473524128008
1556,-70.5202080854249,-5.68322493683482,0.137590478716618,0.99048920244823
1557,-71.2957081838086,-5.86702481230077,0.137213165594192,0.99054154238357
1558,-72.0650582685031,-6.05887408889963,0.137041625325144,0.990565289583803
1559,-72.8390343075434,-6.24331995295321,0.136764374400481,0.990603606845263
1560,-73.6339644241986,-6.43450114420077,0.136489955573297,0.99064145482995
1561,-74.3863989542681,-6.62139246276512,0.136374222969723,0.990657393506657
1562,-75.1588395118984,-6.80641788053402,0.13607696594756,0.990698268565413
1563,-75.928028789617,-6.99291666112729,0.135944766716684,0.990716417751491
1564,-76.6906912569778,-7.18099490505148,0.135673744794523,0.99075356924587
1565,-77.4612002936654,-7.37350705756765,0.135448933094297,0.9907843289655
1566,-78.2373378835836,-7.56455330428621,0.135562546900461,0.990768790322879
1567,-79.0169844151213,-7.7503167154458,0.135895534053067,0.990723172144687
1568,-79.8001638579324,-7.94952968370162,0.136454027449645,0.990646404320316
1569,-80.5766371711341,-8.13909514893529,0.136955609585557,0.990577185787684
1570,-81.5634162919723,-8.37125916319855,0.138261429467855,0.990395767923867
1571,-82.3372575071674,-8.56902986828006,0.139350266105591,0.990243153642731
1572,-83.1219417227224,-8.77373388914561,0.140396825344829,0.99009531431731
1573,-83.8958952142363,-8.96699201356416,0.140789295240043,0.990039582211647
1574,-84.6747725990574,-9.15067684173925,0.140514773726685,0.990078581913849
1575,-85.450029633686,-9.34443802280767,0.140353204169206,0.990101498877482
1576,-86.2418556494993,-9.53872456891756,0.139979778272489,0.990154362548984
1577,-87.0269042529448,-9.73926016550814,0.139627181625192,0.99020414569492
1578,-87.8065736624401,-9.93290918201321,0.139200357281415,0.990264237732902
1579,-88.5904032045409,-10.1249738075392,0.138809572717933,0.990319091263955
1580,-89.3785547871688,-10.3171642784515,0.138483149587963,0.990364790004268
1581,-90.1661429559144,-10.5122637227933,0.139041696866547,0.990286527492155
1582,-90.9518390569505,-10.7139215349794,0.139998517365041,0.990151713191262
1583,-91.7386718870402,-10.9055292662743,0.13987671025164,0.990168927976019
1584,-92.5263361452095,-11.0932225490302,0.139783138761478,0.990182141890061
1585,-93.3120804629952,-11.3045078809619,0.13947069139066,0.990226199533728
1586,-94.0999748271855,-11.5109959264715,0.139091220072769,0.99027957289781
1587,-94.8956831151716,-11.7032438106585,0.138664244128298,0.990339450592739
1588,-95.682854574676,-11.9003067329641,0.138099808720153,0.990418317092054
1589,-96.4780280281357,-12.1054126895038,0.137914702717801,0.990444109869033
1590,-97.2628916215858,-12.3067307765115,0.13718298270623,0.990545722950648
1591,-98.0593906585937,-12.5008816686192,0.136765319368687,0.990603476380929
1592,-98.8515535923206,-12.6900167079553,0.136173692406744,0.990684977930075
1593,-99.6483710945772,-12.8912139029011,0.135599724980323,0.990763702698712
1594,-100.440166128341,-13.0940503163252,0.1352655473782,0.990809382117709
1595,-101.22883480487,-13.2807687312039,0.134405222597793,0.990926453445682
1596,-102.020546933068,-13.4778194060063,0.134257867669198,0.990946428909717
1597,-102.811617914188,-13.6701845765351,0.133366653687989,0.991066766511756
1598,-103.607382110861,-13.8520138922064,0.132855078642132,0.991135474130047
1599,-104.401229831595,-14.0452824162916,0.132382500040569,0.991198705448614
1600,-105.193969401791,-14.2426034819557,0.132009156980926,0.99124849683275
1601,-105.986989121435,-14.4284845567621,0.13284026834179,0.991137459239071
1602,-106.775959444276,-14.6192729157245,0.133094643291051,0.991103332618364
1603,-107.575101260508,-14.8177766467547,0.13369180827352,0.991022956545688
1604,-108.374758917153,-15.0054481830758,0.134473506992936,0.990917189232794
1605,-109.166135702559,-15.1898569249279,0.135340347325524,0.990799167533869
1606,-109.959914314634,-15.3862741972526,0.136020029279218,0.990706087411842
1607,-110.761856179489,-15.575978758498,0.135817809080853,0.990733830418886
1608,-111.546930931901,-15.7706822232429,0.135720914728456,0.9907471086535
1609,-112.338250603763,-15.9721971801277,0.135194000655424,0.990819147063066
1610,-113.136926397903,-16.1556768615559,0.134764670254875,0.990877633036035
1611,-113.92372555167,-16.3469334893517,0.134739772619849,0.990881018929292
1612,-114.716589804217,-16.5567946486122,0.135796889723248,0.99073669798867
1613,-115.51256681123,-16.7459897562909,0.136462326031397,0.990645261218213
1614,-116.305383137298,-16.9317428585185,0.136829800278313,0.990594571838447
1615,-117.100100720735,-17.1278727523532,0.137262902903612,0.990534651330519
1616,-117.89590907001,-17.3294961364598,0.137598805260214,0.990488045758737
1617,-118.694052956232,-17.532890110595,0.137954945127025,0.990438505468663
1618,-119.487756248202,-17.723761178797,0.138241484096574,0.990398552136854
1619,-120.280112974602,-17.9267830926239,0.138573493991097,0.990352152904763
1620,-121.079444479358,-18.1179149906139,0.139193331098049,0.99026522537037
1621,-121.863051251145,-18.3172468404364,0.13947522180783,0.990225561426111
1622,-122.651161308953,-18.5120287469121,0.139634465371877,0.990203118597548
1623,-123.455106249214,-18.7181702060078,0.139888753428189,0.990167226615943
1624,-124.251842408963,-18.9304569229163,0.141030722450585,0.990005219847383
1625,-125.048613851221,-19.126472252889,0.143028904682529,0.989718511711949
1626,-125.845366277644,-19.3268228181769,0.143929940996681,0.989587879920066
1627,-126.629960507041,-19.5522264823027,0.144432360770796,0.989514675566853
1628,-127.417841861013,-19.7540270492975,0.143924656610622,0.989588648489621
1629,-128.206375274948,-19.9555645817348,0.143547377779286,0.989643446061606
1630,-128.956268528071,-20.1486777954815,0.143344899134829,0.989672794357825
1631,-129.677661346232,-20.3359584278384,0.142925170231247,0.98973349731853
1632,-130.375777128706,-20.5187950241417,0.142548128530174,0.989787871744519
1633,-131.077857315645,-20.7026217948603,0.142094052675401,0.989853160925539
1634,-131.786823648448,-20.8781027650877,0.141691933642001,0.989910802012379
1635,-132.487444564181,-21.0641730556318,0.141141301697293,0.989989461032386
1636,-133.18969910936,-21.2579908754729,0.141021734602059,0.990006500165442
1637,-133.891803186671,-21.4624736111169,0.140806786256363,0.990037094731382
1638,-134.636185569307,-21.6185109856312,0.140853496895916,0.990030450244937
1639,-135.377655189241,-21.7851051887638,0.140997229344286,0.990009990513851
1640,-136.100548188999,-21.9596951988692,0.140871517961171,0.990027886186705
1641,-136.819307624174,-22.1640640336125,0.141040172638156,0.990003873579391
1642,-137.549026531991,-22.3511685327102,0.141291018973475,0.98996810451521
1643,-138.277897419111,-22.5353463853241,0.142573884997542,0.989784161985181
1644,-139.011632340471,-22.73393313277,0.146093705312816,0.989270756298786
1645,-139.742898618276,-22.9293205843156,0.148716541826268,0.988879866408067
1646,-140.478969538762,-23.1217965519248,0.150823233683742,0.988560747845664
1647,-141.210629290477,-23.3393303858591,0.15236817965795,0.988323802115341
1648,-141.955360317938,-23.5440475583424,0.153421701375518,0.988160807534402
1649,-142.686122878914,-23.751576160992,0.154871237989325,0.987934663651222
1650,-143.419195447969,-23.9529527824554,0.15601656574907,0.987754438720407
1651,-144.158699342754,-24.1700938338027,0.157852444552983,0.987462711067434
1652,-144.873555372043,-24.3869124622056,0.159909212127965,0.987131725696532
1653,-145.563169450177,-24.5821383322805,0.161921378979244,0.986803661844371
1654,-146.204136125595,-24.7868437036485,0.1642295537266,0.986422147806284
1655,-146.80539831947,-24.9619726385025,0.166428507198655,0.986053523897982
1656,-147.37142173324,-25.1359108032997,0.16842457520055,0.985714544109254
1657,-147.912441200444,-25.3257204901103,0.170741186424338,0.985315912415104
1658,-148.441411139825,-25.4899201589972,0.172934505049307,0.984933326151243
1659,-148.967323685459,-25.6590710980561,0.174934424756856,0.98458008665369
1660,-149.496302748849,-25.843350719431,0.176817551257617,0.984243645428946
1661,-150.019812934084,-26.0174626681731,0.178634065383196,0.983915581076279
1662,-150.557164859932,-26.1957540220476,0.180696010000256,0.983538993619464
1663,-151.088116493759,-26.3807291395143,0.184306139236068,0.982868885986272
1664,-151.609837981382,-26.5529281069498,0.18822832470216,0.98212529637507
1665,-152.138170870095,-26.7420205309838,0.191449535017502,0.981502458245308
1666,-152.659484922269,-26.9436390848022,0.19434852540523,0.980932541346658
1667,-153.17558871663,-27.1320211726275,0.197417818499293,0.980319440253523
1668,-153.67276205675,-27.3299715440326,0.200648359486349,0.979663327799626
1669,-154.189416331203,-27.52113146111,0.205571973405264,0.978641999788618
1670,-154.695304301481,-27.7259122162981,0.21045873544269,0.977602741749359
1671,-155.193702115585,-27.9372460173607,0.215036170022263,0.976606085165435
1672,-155.70257971733,-28.1555147854608,0.219636910198769,0.975581686830138
1673,-156.209152779354,-28.3756940518163,0.223658857401844,0.97466748971416
1674,-156.716106406285,-28.5908561388323,0.227567856619193,0.97376222489566
1675,-157.221489931625,-28.8174992154448,0.231372031588777,0.972865346797018
1676,-157.742265640808,-29.0421802737671,0.235394740000281,0.971899848945456
1677,-158.261829213611,-29.2976230306891,0.240948166779872,0.970537985307849
1678,-158.79670848684,-29.5709574189562,0.247294715368447,0.968940309694482
1679,-159.359242217395,-29.8201937698682,0.253419287883268,0.967356534339194
1680,-159.926450866892,-30.0901558909043,0.259659071093857,0.965700350418635
1681,-160.484818726522,-30.3966669332725,0.26623722243715,0.963907537779922
1682,-161.043825900126,-30.7303864405929,0.272658650885402,0.962110835661543
1683,-161.625330538518,-31.0460515793054,0.277676641814565,0.96067459766072
1684,-162.212545487198,-31.3772850268438,0.281464599693607,0.959571612293381
1685,-162.801229089926,-31.7275453060556,0.282160124341695,0.959367324975934
1686,-163.395327360369,-32.0833370338649,0.281958123195994,0.959426712554843
1687,-163.992473736821,-32.4476491574037,0.281685246843539,0.959506863816353
1688,-164.601286766862,-32.818345214599,0.281284813913926,0.959624329340085
1689,-165.204887332233,-33.2089138809012,0.279740242597763,0.960075724446434
1690,-165.830734331565,-33.5748136441691,0.277156461450904,0.960824799781945
1691,-166.467780965401,-33.959749502315,0.271893271957224,0.962327412404113
1692,-167.097131679854,-34.348658767513,0.264774237538542,0.964310428822526
1693,-167.727784374847,-34.7111544271053,0.257669268901948,0.96623317468587
1694,-168.389679065241,-35.0413266225214,0.250454519322432,0.968128366360045
1695,-169.041720055629,-35.3610818696199,0.243004605188657,0.970025134652244
1696,-169.694449610946,-35.6997248973614,0.234203018635141,0.972187711330578
1697,-170.345299902493,-36.0279840663483,0.22283440770014,0.974856310819665
1698,-171.004305994695,-36.3283972232087,0.209481824058206,0.977812541026779
1699,-171.666886757182,-36.6054767716835,0.195818200375333,0.98064021557438
1700,-172.347618524094,-36.8634162507029,0.181957143383453,0.983306461878357
1701,-173.033669086811,-37.1106855827179,0.168044135751772,0.985779472518798
1702,-173.718613432008,-37.3447314789131,0.152450676169646,0.988311080245192
1703,-174.415000026087,-37.5693497396793,0.135987083885468,0.990710610126048
1704,-175.119545155458,-37.7593679025881,0.119221282480271,0.992867708108064
1705,-175.835537557545,-37.9239081817214,0.101877220199525,0.994796980295184
1706,-176.563687155313,-38.0615418082494,0.084413352190686,0.996430823475434
1707,-177.283428860906,-38.1770769617514,0.066567901797868,0.997781897235177
1708,-178.004290487384,-38.2715185839823,0.048861031584442,0.998805586484429
1709,-178.742110833654,-38.3218234691248,0.031106228396047,0.999516084190231
1710,-179.479993048713,-38.3573445284238,0.014580232684071,0.999893702757887
1711,-180.222923686534,-38.3635959758592,-0.001588863439396,0.999998737755689
1712,-180.965512880128,-38.3500178879197,-0.015792217555732,0.999875295156687
1713,-181.683762734154,-38.3164939747143,-0.027436446586108,0.999623549842003
1714,-182.444435008079,-38.2513800808697,-0.037134888886044,0.999310262144556
1715,-183.201082825395,-38.1782881127274,-0.046573769776607,0.998914853212623
1716,-183.935852396341,-38.0947129077667,-0.053898358072761,0.998546427061386
1717,-184.685670589649,-37.9943916668585,-0.057955229940644,0.998319183088519
1718,-185.427154692775,-37.8754979679805,-0.059295904397717,0.998240449852468
1719,-186.177857994991,-37.7573697632244,-0.059928225120856,0.998202688753073
1720,-186.927464964999,-37.6411355598654,-0.060587673535227,0.998162879401748
1721,-187.677976098838,-37.5204713254402,-0.064518372440754,0.997916519363016
1722,-188.427040060222,-37.4151866567002,-0.06527130007286,0.99786755503263
1723,-189.16790376483,-37.2968062012572,-0.065992210078399,0.997820138205763
1724,-189.920178523209,-37.1505779506399,-0.066265220498262,0.997802044772567
1725,-190.67187052766,-37.0268645229713,-0.066244608804016,0.997803413405869
1726,-191.427899423707,-36.9264104171431,-0.06617509498973,0.9978080260266
1727,-192.192666297298,-36.7987455445483,-0.065068894199352,0.997880773944299
1728,-192.952379131384,-36.6553682500495,-0.060258787724443,0.998182788121485
1729,-193.699604866911,-36.53009308174,-0.054846038043593,0.998494823276977
1730,-194.476784374027,-36.4171558248811,-0.049106029479584,0.998793571199149
1731,-195.256799108498,-36.3166167619683,-0.044218633300395,0.999021877873075
1732,-196.035245615649,-36.2162693961634,-0.041414664619685,0.9991420447336
1733,-196.818049505745,-36.1113669671698,-0.038964934698195,0.99924057857153
1734,-197.60987697246,-36.0121537363619,-0.036626709955822,0.999329016949779
1735,-198.402306214591,-35.950794950644,-0.032291213134023,0.999478502797501
1736,-199.197362757623,-35.8586599051792,-0.029358332881285,0.999568951243701
1737,-199.993643435421,-35.7526026949139,-0.026504804821067,0.999648685949918
1738,-200.776287312629,-35.6761101948371,-0.021653229809541,0.999765541333975
1739,-201.555553127833,-35.6045822260067,-0.016764092300999,0.999859472730705
1740,-202.34764817312,-35.5452251443847,-0.011539603519225,0.999933416558632
1741,-203.157534250204,-35.4805787319267,-0.006704435572407,0.999977525019265
1742,-203.960490201516,-35.4390086881102,-0.001627362387804,0.999998675844953
1743,-204.745676961139,-35.407930662689,0.00322183157391,0.999994809887186
1744,-205.549420970476,-35.3888779773332,0.007931255829119,0.999968547095844
1745,-206.349441307008,-35.3575329758691,0.012390458343993,0.999923235324605
1746,-207.145564275308,-35.352445815607,0.016623645565299,0.99986181765688
1747,-207.952957839798,-35.3583535913019,0.02080386357582,0.999783576210531
1748,-208.755073886666,-35.361257340681,0.024973276841087,0.999688119087057
1749,-209.553651401533,-35.3720207222635,0.02969402749613,0.999559035140526
1750,-210.364025691967,-35.3910694134192,0.034712087495022,0.999397353899708
1751,-211.179764959938,-35.4163981361188,0.039637357015418,0.999214131169507
1752,-211.980783295155,-35.465973134682,0.043994224609854,0.999031785380714
1753,-212.792339703509,-35.5010091694307,0.047764919649852,0.998858604833959
1754,-213.603377953485,-35.5524877750744,0.050536577574007,0.998722210790922
1755,-214.415079485044,-35.6024759665157,0.052622270561553,0.998614488499414
1756,-215.224995095361,-35.6643614982473,0.053245175766833,0.99858146951441
1757,-216.048203270792,-35.7237210135558,0.052993728707037,0.998594845128756
1758,-216.856973889055,-35.7877083077394,0.052404771118499,0.998625925942251
1759,-217.670554191387,-35.8516962665325,0.052137114023171,0.998639935783331
1760,-218.47082893824,-35.9186723729936,0.051700719113306,0.998662623533677
1761,-219.285213167364,-35.9763238088202,0.051199703312352,0.998688435089106
1762,-220.106108708889,-36.0314956304091,0.050541584823729,0.998721957405316
1763,-220.914858424986,-36.0892993655981,0.050018794306189,0.998748276702471
1764,-221.730832105316,-36.1435206723625,0.049349302559326,0.998781580895897
1765,-222.551132829848,-36.1919081536581,0.048694407635139,0.99881372370681
1766,-223.365212334048,-36.247239523071,0.048131106302421,0.99884102669349
1767,-224.180891316108,-36.2960797646399,0.047380669734543,0.99887690539701
1768,-224.994720495718,-36.3549739503879,0.046833339687417,0.998902717132015
1769,-225.807451744744,-36.3994581942528,0.046199783478072,0.998932219926147
1770,-226.62318764457,-36.4478185534134,0.04555059969452,0.998962032745724
1771,-227.435276660888,-36.502423954473,0.044979464096544,0.998987911743474
1772,-228.2508295622,-36.5380201625374,0.04429580397622,0.999018459163844
1773,-229.063615152406,-36.5905132404842,0.043832431495557,0.999038897115216
1774,-229.874827344819,-36.6321042910985,0.043927379909502,0.99903472677094
1775,-230.687569551972,-36.6749796098071,0.04412338037627,0.999026089401158
1776,-231.495044151195,-36.7212798660084,0.044081828828993,0.999027923717396
1777,-232.300678490911,-36.7616153008808,0.04421875186605,0.999021872625124
1778,-233.104477915341,-36.8101064620994,0.044296096618037,0.99901844618826
1779,-233.908397127878,-36.8542352258434,0.043780693225127,0.999041165768822
1780,-234.723193729582,-36.8888189198313,0.043153931131678,0.99906843520746
1781,-235.526399136066,-36.9322633002087,0.04253581436989,0.999094942683572
1782,-236.317127686525,-36.989191538696,0.042122559206668,0.999112451131443
1783,-237.120449094551,-37.020252991966,0.041604887173349,0.999134141826458
1784,-237.928651111073,-37.0637914555467,0.040918822985625,0.999162474238035
1785,-238.72153020647,-37.1096406187834,0.040483419652669,0.999180210339069
1786,-239.520328261655,-37.1488165727983,0.039802177894646,0.99920757935218
1787,-240.316110845915,-37.1884160699681,0.039370265416939,0.999224690548127
1788,-241.109607591973,-37.2272113398287,0.038724635588144,0.999249919989271
1789,-241.902974229039,-37.2629935746766,0.038192649930668,0.999270394583605
1790,-242.691357634385,-37.2959456475841,0.037839308412488,0.999283836924657
1791,-243.480983083902,-37.3390886451351,0.037235056784124,0.999306534826168
1792,-244.274437271683,-37.3752195381783,0.03665496076288,0.999327981121049
1793,-245.061257428442,-37.4048295372711,0.036058569974439,0.999349678306547
1794,-245.853092251203,-37.4359537182184,0.035609729992165,0.999365772442645
1795,-246.649041366162,-37.4632346339339,0.035036987021362,0.99938601628223
1796,-247.422642665015,-37.493242651636,0.034416160857806,0.999407588460189
1797,-248.201381197126,-37.521469054561,0.033948474552966,0.999423584410297
1798,-248.982585827376,-37.5474668105687,0.033397500919945,0.99944214786665
1799,-249.767546049808,-37.5682753326857,0.032907194710621,0.999458411609146
1800,-250.755200761589,-37.5963514683248,0.031850414946996,0.999492646830233
1801,-251.539895171716,-37.6261087846827,0.030912640092864,0.999522090142329
1802,-252.31223808217,-37.6523784994078,0.02979165954149,0.999556130000594
1803,-253.100140535501,-37.6681606142746,0.027897699456871,0.999610783437741
1804,-253.883525732534,-37.6956292940951,0.025935170801239,0.999663626884319
1805,-254.658967788969,-37.7136055298179,0.023527055275795,0.999723200526051
1806,-255.445716620624,-37.7269119923329,0.021591054708001,0.999766886007231
1807,-256.224577315602,-37.7431652769324,0.02013997660504,0.99979717010119
1808,-257.004169530394,-37.7442569397582,0.018920095751489,0.999820998967692
1809,-257.782129115555,-37.7567493170056,0.017956384018717,0.999838771139113
1810,-258.569058211228,-37.7537558578038,0.017134397151623,0.999853195441336
1811,-259.358759292621,-37.7601763483606,0.016404143964793,0.999865442977595
1812,-260.146238889717,-37.7535631352728,0.01571153559132,0.999876566206731
1813,-260.926298280885,-37.7534717945225,0.014959681072424,0.999888097710045
1814,-261.723141340273,-37.7553890884705,0.01444550198628,0.999895658292586
1815,-262.510451991604,-37.7588781990195,0.013790871158954,0.999904901414468
1816,-263.294873550855,-37.7579425518557,0.013237529808513,0.999912380063658
1817,-264.068234710242,-37.7460887167666,0.01247836612536,0.999922142158499
1818,-264.860480432962,-37.7371611321486,0.011833105557281,0.99992998635548
1819,-265.654679553847,-37.7381893070981,0.011264907024275,0.999936548921848
1820,-266.442480943275,-37.7376829206623,0.011002335069297,0.999939472479721
1821,-267.216523834462,-37.7489571895476,0.013566007782166,0.999907977482355
1822,-268.016420590863,-37.7326856481221,0.015267495217928,0.999883445002352
1823,-268.81034585618,-37.7322428696554,0.016988906054402,0.999855678121135
1824,-269.59756127872,-37.7350273441612,0.017043327425207,0.99985475194664
1825,-270.394341481446,-37.7283012439017,0.016588829041886,0.999862395908066
1826,-271.180923892636,-37.7292301681052,0.016709221258629,0.999860391217159
1827,-271.979978820512,-37.7274104227649,0.017845763770523,0.999840751677709
1828,-272.783846853145,-37.734213070993,0.018822892830327,0.999822833658793
1829,-273.584355480488,-37.7297051293252,0.018644650581835,0.999826173394496
1830,-274.386846685316,-37.7300114609014,0.018180095339271,0.999834728409378
1831,-275.176584025806,-37.7344194561876,0.017732233442373,0.999842771588186
1832,-275.970568784928,-37.7333818489738,0.017334934719639,0.999849738729908
1833,-276.768908176503,-37.7446349866785,0.016846506212658,0.999858087544641
1834,-277.570346735085,-37.7446071164046,0.016332975097904,0.999866608065522
1835,-278.371320382726,-37.7419969939945,0.015917538660061,0.999873307956066
1836,-279.169452909957,-37.747266149001,0.015475941011375,0.999880240453732
1837,-279.969836906574,-37.7446783155514,0.015009356933518,0.999887353257577
1838,-280.777974700304,-37.7456111122808,0.014667527009182,0.999892426039639
1839,-281.58588944754,-37.7323507681344,0.014549744440644,0.999894146865913
1840,-282.391937996845,-37.7334543039076,0.017000770741207,0.999855476453575
1841,-283.19265576719,-37.7251479407611,0.019197913700172,0.999815703072102
1842,-283.996805721264,-37.7290017341054,0.021691757224353,0.999764706152663
1843,-284.798458104041,-37.7417545902978,0.02224204859042,0.999752615037591
1844,-285.597412105901,-37.7477127323776,0.021889902728297,0.999760387372167
1845,-286.397759159637,-37.7530618210247,0.02141737173792,0.999770621786738
1846,-287.196415617154,-37.7733648181605,0.020948466787177,0.999780556791973
1847,-287.996616511837,-37.7845272392177,0.020493689597988,0.999789982289611
1848,-288.795469670062,-37.7880024716659,0.019934033368672,0.99980129741547
1849,-289.594867059863,-37.7798142223065,0.019318750872132,0.999813375518022
1850,-290.402195157149,-37.7916485311875,0.018735351986411,0.999824477888967
1851,-291.203905044838,-37.7908778838445,0.018257132656569,0.999833324663246
1852,-292.005261111411,-37.7868143446607,0.017811119091713,0.999841369436523
1853,-292.804772510838,-37.7876637156009,0.017267458447941,0.999850906324912
1854,-293.597289829185,-37.8005117015543,0.016625914643885,0.999861779928733
1855,-294.393261043183,-37.8007805153895,0.015977054332147,0.999872358721286
1856,-295.194588208611,-37.792927765175,0.015399863194534,0.999881415075603
1857,-295.991021007193,-37.7966326865074,0.014851532479348,0.999889709909555
1858,-296.789487728188,-37.7970005909156,0.014320211580621,0.99989746051297
1859,-297.59310454822,-37.7977412862433,0.013931825238004,0.999902947413167
1860,-298.394765626975,-37.7931370665943,0.013208406486537,0.999912765194088
1861,-299.199931678473,-37.7805350692795,0.012634459237322,0.999920182034436
1862,-299.997612289395,-37.7730728266808,0.012104482218326,0.999926738071458
1863,-300.783576933635,-37.7668561543775,0.011423812697784,0.999934746122689
1864,-301.581543430546,-37.7534685363282,0.010745704243557,0.999942263253389
1865,-302.408602698036,-37.7386393018861,0.010205780939327,0.999947919661528
1866,-303.204969903472,-37.7332219847111,0.009816301008518,0.999951818956549
1867,-304.005633535538,-37.7166196046226,0.009320478994675,0.999956563392285
1868,-304.800124479394,-37.6960912743241,0.008875874318827,0.999960608651699
1869,-305.600826225566,-37.6891203295264,0.00991936214037,0.999950801917138
1870,-306.400619237015,-37.6855431966214,0.012491387907486,0.999921979570479
1871,-307.203101843638,-37.6776302004495,0.015328389533301,0.9998825133356
1872,-308.0022227791,-37.6747409515459,0.017793671027736,0.999841680103084
1873,-308.811362505642,-37.6723239348496,0.017686957493822,0.999843573532686
1874,-309.612924100843,-37.6716188167583,0.017434608712418,0.999848005658382
1875,-310.411817462722,-37.6698445715802,0.0170019776617,0.999855455931302
1876,-311.214620815912,-37.6774007258139,0.01662499960836,0.99986179514372
1877,-312.023191870364,-37.6754563112447,0.016174674172281,0.999869181400957
1878,-312.82273165397,-37.6683988428291,0.015756712050828,0.999875855306721
1879,-313.621380276905,-37.6659761953858,0.015256262078379,0.999883616461134
1880,-314.425099964531,-37.6657352774539,0.0147575142642,0.999891101956979
1881,-315.221938504293,-37.6609297169015,0.014308202245834,0.999897632434687
1882,-316.021656412406,-37.6565863034441,0.013733923467319,0.999905685225459
1883,-316.828068117195,-37.6506077191002,0.013268278861474,0.999911972513608
1884,-317.628340871981,-37.6419790621543,0.012610632007075,0.9999204828187
1885,-318.432428935339,-37.6395688616379,0.012092131778027,0.999926887501813
1886,-319.233660714865,-37.6354065934605,0.011466548857015,0.999934256967582
1887,-320.037932076458,-37.6276951116857,0.010835228831713,0.999941297185072
1888,-320.838010466068,-37.617621581904,0.010260342799479,0.999947361297402
1889,-321.642145483587,-37.6027896902499,0.009602279499837,0.999953897051462
1890,-322.447357539358,-37.5956936470273,0.009113450533718,0.999958471647383
1891,-323.253065536308,-37.5847422102978,0.009845829590602,0.9999515286451
1892,-324.051946732729,-37.566821833242,0.013085161943834,0.999914385603539
1893,-324.841329999663,-37.5676030947246,0.016911247715412,0.999856994625085
1894,-325.809029323873,-37.5720954400167,0.020153131476593,0.999796905022058
1895,-326.615561794236,-37.571352795228,0.022354725668348,0.999750101895615
1896,-327.412850470751,-37.5857448715927,0.02201055742922,0.99975773833547
1897,-328.213856171369,-37.590195975234,0.02160127810875,0.999766665169463
1898,-329.044325291854,-37.5945099354523,0.020981410021326,0.999779865987267
1899,-329.822439777828,-37.5999417604638,0.020427301557308,0.999791340906235
1900,-330.622863077367,-37.6021678261721,0.019969923829483,0.999800581187191
1901,-331.430736434753,-37.6097323072386,0.01947749827119,0.999810295536656
1902,-332.233590569705,-37.6110217602752,0.018898929273324,0.999821399287054
1903,-333.054770423978,-37.6099454880019,0.018345473311198,0.999831707643335
1904,-333.838795094637,-37.6156422701435,0.017839954440564,0.999840855349269
1905,-334.641909589894,-37.6176274102492,0.017369526575414,0.999849138393661
1906,-335.444468727471,-37.6190015056877,0.016911134806349,0.999856996534785
1907,-336.249890806707,-37.6215095495304,0.016416210328236,0.999865244939767
1908,-337.075931025505,-37.6178235342933,0.015879221354504,0.999873917216153
1909,-337.862311220559,-37.6186152769514,0.01528517683185,0.999883174860553
1910,-338.665726982746,-37.623970736434,0.014775650945456,0.999890834110973
1911,-339.475311031802,-37.6182150813252,0.014579185565719,0.999893718026191
1912,-340.276154467865,-37.6076274209388,0.01450185398433,0.999894842586468
1913,-341.096884063426,-37.6096226079066,0.014423644397078,0.999895973830432
1914,-341.885295650093,-37.6008624284587,0.014087372396766,0.999900768045987
1915,-342.689682290633,-37.5932419132745,0.013675258610089,0.999906489278846
1916,-343.489350802387,-37.5889230837131,0.014957750827206,0.999888126587265
1917,-344.296387474705,-37.5768008579582,0.016093898229421,0.999870484832801
1918,-345.114761812873,-37.5839452641804,0.016308445283051,0.99986700846285
1919,-345.899118906551,-37.5820830197455,0.015872846471609,0.999874018436767
1920,-346.70311195763,-37.5784645030122,0.015411407922311,0.999881237200625
1921,-347.496662944872,-37.5831633234358,0.015193981099075,0.999884564806539
1922,-348.296605332594,-37.5806217856116,0.015067415974909,0.999886480044529
1923,-349.117788765376,-37.5686955168963,0.014758738809737,0.999891083883013
1924,-349.902289261908,-37.5622252441838,0.014139332201836,0.999900034645907
1925,-350.69794604724,-37.5612819822122,0.013580603712682,0.999907779349075
1926,-351.495077860342,-37.5518635061518,0.013059793276279,0.999914717263218
1927,-352.289917688087,-37.5440719985038,0.012396455846296,0.999923160989109
1928,-353.112288443837,-37.5411976874874,0.012112639924676,0.99992663928613
1929,-353.892807689563,-37.5245405243811,0.011295039831347,0.999936209002959
1930,-354.680202068597,-37.5124504445637,0.010800018549124,0.999941678098947
1931,-355.484956339138,-37.5021715553079,0.010158019452008,0.999948405989435
1932,-356.28550175847,-37.4980870828779,0.009914928996063,0.999950845883438
1933,-357.094726699615,-37.4883201370414,0.009341348720332,0.999956368650195
1934,-357.872690233335,-37.4739648951414,0.008844100326247,0.999960890179921
1935,-358.669020552156,-37.4652758359455,0.009513273020442,0.999954747794338
1936,-359.470098263588,-37.4418382013165,0.012443123858486,0.999922581337497
1937,-360.265925913064,-37.4306338434669,0.013794005450687,0.99990485818083
1938,-361.086516487424,-37.4311816713061,0.015180959141639,0.999884762599941
1939,-361.863123029711,-37.4251556695105,0.015038795340281,0.999886910922787
1940,-362.663230393491,-37.4191088746663,0.01501431551748,0.999887278811738
1941,-363.458056725868,-37.4114555289565,0.014614275724947,0.999893205770014
1942,-364.25884123419,-37.4030603409749,0.014334694424385,0.999897252989406
1943,-365.077993884927,-37.3998287799398,0.014116397134402,0.999900358701778
1944,-365.855688607001,-37.4003899129285,0.014084303219545,0.999900811282209
1945,-366.663690293007,-37.396521049314,0.013810271128239,0.999904633658313
1946,-367.460098751245,-37.3939601627246,0.013186988802556,0.999913047882825
1947,-368.256363116822,-37.3877284257935,0.012650293035824,0.999919981841601
1948,-369.081793315043,-37.3879424714161,0.012256467974754,0.999924886675386
1949,-369.85615264947,-37.3834348562876,0.011980125468744,0.999928235721821
1950,-370.660715611707,-37.3681208425378,0.01164575197198,0.99993218593113
1951,-371.46589265283,-37.3651560259676,0.0116669274597,0.999931939085681
1952,-372.266478739635,-37.359814410035,0.012060119665679,0.999927274112297
1953,-373.086400655232,-37.3406349788945,0.012401385940404,0.999923099856563
1954,-373.873199619391,-37.3304171161627,0.013206931965789,0.999912784670769
1955,-374.679902184753,-37.3254249326789,0.014092049992049,0.999900702133478
1956,-375.482860803736,-37.3210456505347,0.014876202693151,0.99988934317425
1957,-376.293850365924,-37.3146759185408,0.015952208906028,0.999872755419918
1958,-377.121215204447,-37.3123166130604,0.017239453028805,0.999851389587106
1959,-377.908821006619,-37.312391891146,0.018450808519013,0.999829769343259
1960,-378.717339745225,-37.3117507696193,0.019181092245529,0.999816025926904
1961,-379.51795133597,-37.3199377361195,0.019789127896992,0.999804176035026
1962,-380.322038907443,-37.3245136588114,0.019988404794561,0.999800211879238
1963,-381.145278401596,-37.3307849900843,0.020206989017341,0.999795817952272
1964,-382.085989908694,-37.3438573232254,0.020017117542227,0.999799637430071
1965,-382.876856214602,-37.356514435724,0.019732965614304,0.999805286077276
1966,-383.66524957893,-37.3586474584859,0.019594308382478,0.999808013110023
1967,-384.454340346933,-37.3593808573825,0.020698118906556,0.999785770989831
1968,-385.263793751375,-37.3575443992101,0.025116623429113,0.999684527852422
1969,-386.072790288177,-37.3564723533093,0.026632613067873,0.99964528905066
1970,-386.880026745429,-37.396822016571,0.027494740236408,0.999621948168072
1971,-387.679429298195,-37.4157679121962,0.027193485247015,0.999630188799898
1972,-388.469086706735,-37.414295108349,0.026723263972507,0.999642869810342
1973,-389.278064619339,-37.4339501367534,0.026246616747126,0.999655498213924
1974,-390.077259595736,-37.4478604859822,0.025631888893341,0.999671449163053
1975,-390.881197845128,-37.4620255295399,0.025049758106477,0.999686205575933
1976,-391.673855190534,-37.476051678509,0.024376720639975,0.999702843594456
1977,-392.48451170898,-37.4798603624542,0.023823035882269,0.999716191206961
1978,-393.284820256028,-37.4876905083854,0.023285836806202,0.999728848140452
1979,-394.092910293537,-37.4897808008004,0.023247484835629,0.999729740704365
1980,-394.900864878858,-37.4994094509175,0.02285989600778,0.999738678432776
1981,-395.707229350407,-37.5127900541532,0.022464875060753,0.999747632849663
1982,-396.515976951673,-37.5200852977809,0.021781704614307,0.999762750528392
1983,-397.320141458122,-37.5162100968747,0.021106650341785,0.999777229842403
1984,-398.124468645388,-37.5313838229411,0.020453063319289,0.999790814221084
1985,-398.929623335679,-37.5385726086962,0.019976575197742,0.999800448311246
1986,-399.742596915953,-37.5408110385256,0.019204494836499,0.999815576683058
1987,-400.542341303254,-37.54224146501,0.018679795823559,0.999825517391905
1988,-401.347853724429,-37.5479584647344,0.018088584131173,0.999836388177651
1989,-402.391370941318,-37.5468698890746,0.017915019358554,0.999839513162679
1990,-403.200116129329,-37.5355212473916,0.018988835281873,0.999819695812519
1991,-404.00891970475,-37.5400384221097,0.020928336960312,0.999780978370801
1992,-404.813987861977,-37.5567421571511,0.022644118479488,0.999743589075863
1993,-405.623089078693,-37.5601904931966,0.024030762065064,0.999711219540209
1994,-406.432487796092,-37.5703772569463,0.026253377595319,0.999655320680502
1995,-407.23536039798,-37.5849820309827,0.02874425230029,0.999586798612155
1996,-408.041464718294,-37.5955348341672,0.030984041926521,0.999519879315012
1997,-408.842632545239,-37.6226235333788,0.033066618100935,0.999453149861146
1998,-409.638727657601,-37.6533672552855,0.035019031817746,0.999386645603466
1999,-410.404388537208,-37.6751166222406,0.037179565951466,0.999308600921487
2000,-411.139171042532,-37.6974037723641,0.039184971611749,0.999231974067977
2001,-411.869541272711,-37.728320713982,0.041051030470476,0.999157051167289
2002,-412.612434016011,-37.7539193069655,0.042644373631272,0.99909031493534
2003,-413.362490154849,-37.78421440827,0.044052337070535,0.99902922459687
2004,-414.338867721887,-37.8357272411186,0.046221696329553,0.998931206234152
2005,-415.106247515066,-37.8895649514202,0.047430429251881,0.998874543864735
2006,-415.882792746358,-37.9453627339565,0.047485830786281,0.998871911645601
2007,-416.625883407244,-37.9929343968813,0.046843782791949,0.99890222745459
2008,-417.37814823309,-38.0546737277377,0.045813393895372,0.998950015235891
2009,-418.147084287584,-38.0797225137548,0.045242384829553,0.998976039059463
2010,-418.913035469671,-38.1222372526475,0.044628279566012,0.999003661986771
2011,-419.680232598926,-38.181624290643,0.043857566014364,0.999037794031485
2012,-420.442680090093,-38.2195322578433,0.043211395578359,0.999065951422713
2013,-421.224372467128,-38.2587163969498,0.042548273589891,0.999094412162594
2014,-421.9731430424,-38.306502006367,0.042322450731973,0.999104003677315
2015,-422.738530822139,-38.3390437871827,0.042614344688634,0.999091596214661
2016,-423.471151997595,-38.3714316525778,0.044723783512498,0.998999390984963
2017,-424.180675793723,-38.3923639967528,0.046867436079314,0.998901117946792
2018,-424.887084002225,-38.4496485175768,0.049171831705846,0.998790333837233
2019,-425.581306818981,-38.5154091767494,0.051284226914126,0.998684098236184
2020,-426.272613058542,-38.5574126415926,0.054003812306981,0.998540729392804
2021,-426.955160688099,-38.6099420898321,0.056947752936508,0.998377159912767
2022,-427.62343156882,-38.6615709696447,0.059747343298243,0.998213531749997
2023,-428.315861697551,-38.718870104915,0.062563763308526,0.998040968858831
2024,-428.979609884366,-38.7721593919597,0.065749577466172,0.997836155419826
2025,-429.651528840579,-38.8289535565949,0.068877703753609,0.997625110913729
2026,-430.320629239191,-38.9127054398236,0.07202353938398,0.997402932507522
2027,-430.985992152473,-38.9791778703846,0.075098075909493,0.997176152439825
2028,-431.648258530287,-39.0522467644025,0.07838821617602,0.99692290953952
2029,-432.311440474964,-39.1359733236074,0.082016871553981,0.996630941111351
2030,-432.988371614756,-39.2134634001344,0.085612021497092,0.996328551119148
2031,-433.644271299732,-39.3028778589375,0.089467897901517,0.995989706395143
2032,-434.302782155603,-39.4021279658404,0.094624951402709,0.995512992668622
2033,-434.954639795374,-39.5052064619072,0.099801904719043,0.995007326512951
2034,-435.599644658854,-39.6279259538836,0.10501245702819,0.994470906496969
2035,-436.262970720672,-39.7468814843439,0.110006941729624,0.993930818906072
2036,-436.929401414001,-39.8713671458884,0.115375199347082,0.993321983737208
2037,-437.593239229886,-40.0070482607738,0.120755503252006,0.992682279701998
2038,-438.236388763486,-40.1407909710481,0.125724319508756,0.992065217354212
2039,-438.886012058626,-40.2698673446488,0.12887628133125,0.991660679925461
2040,-439.524902447521,-40.4306840754382,0.130805279907287,0.991408078819401
2041,-440.160927831429,-40.584394995315,0.130666838166516,0.991426334834599
2042,-440.819166357983,-40.7238843351874,0.130346151332134,0.991468547576221
2043,-441.46394376249,-40.8949848092527,0.130020253211272,0.991511338187757
2044,-442.091744576596,-41.0225758247248,0.129460089167701,0.991584633459339
2045,-442.729563391428,-41.1656830143863,0.128906251551922,0.991656784533254
2046,-443.385016689498,-41.3314260052013,0.12824585032935,0.991742407015704
2047,-444.031965666608,-41.5075911140003,0.12755137822251,0.991831964555256
2048,-444.676502478855,-41.6292957008227,0.126809887286384,0.991927039900826
2049,-445.298377279327,-41.7501646367829,0.126039236086891,0.99202525722213
2050,-445.953132937754,-41.9029823288467,0.125544113450988,0.992088038219293
2051,-446.598734221194,-42.0563979221861,0.123263790721966,0.992373940557112
2052,-447.233940125771,-42.1971777504148,0.119648106938134,0.9928163629323
2053,-447.885014771851,-42.328561414136,0.1159193049208,0.993258634368048
2054,-448.536804496117,-42.4626057688626,0.112293219497265,0.993675114338152
2055,-449.177277966017,-42.6016201653802,0.10876878444886,0.994067075970992
2056,-449.823816371547,-42.7142703928773,0.103650598865236,0.994613770945726
2057,-450.47326452235,-42.8298492472818,0.098346004932438,0.995152281469439
2058,-451.124197492291,-42.9386672768367,0.093062361686799,0.995660281841791
2059,-451.784517399475,-43.0362642757851,0.087696599101291,0.99614723133986
2060,-452.440842170291,-43.1378002991487,0.082239242438201,0.996612616317489
2061,-453.093872710197,-43.2256345771161,0.07656204341941,0.997064819110295
2062,-453.753647602763,-43.3102742481065,0.070634921676556,0.997502234503636
2063,-454.418518707632,-43.3795500257219,0.064949205939139,0.997888571258272
2064,-455.077912057659,-43.4498599944759,0.059148495698602,0.998249195069344
2065,-455.754045717697,-43.5044283087549,0.053846839736633,0.998549206524334
2066,-456.42500834948,-43.5571409604301,0.049220049147736,0.998787958859084
2067,-457.097255043154,-43.6110333370287,0.044697386707855,0.999000572382963
2068,-457.773217813927,-43.658993634342,0.040631139650697,0.999174214284319
2069,-458.450486453298,-43.6922644742078,0.036996907680793,0.999315380058797
2070,-459.13334779147,-43.7251370962795,0.03451482384523,0.999404185970287
2071,-459.821943905029,-43.7553942358249,0.033803684587952,0.999428492143524
2072,-460.506559256986,-43.7810363398078,0.033112684014807,0.999451624720945
2073,-461.191534964013,-43.8089893030266,0.032484868446554,0.999472227389041
2074,-461.877830561605,-43.8251990278808,0.032526743776103,0.999470865477991
2075,-462.544011288572,-43.8499602752825,0.031891585880054,0.99949133400448
2076,-463.21076818916,-43.8720638849232,0.032023102680584,0.999487128928987
2077,-463.871012489411,-43.8909687898594,0.032414647847777,0.999474507231127
2078,-464.524749154429,-43.9001692870381,0.032972219004706,0.999456268565016
2079,-465.184225106561,-43.9213286596759,0.034199265032154,0.999415034043045
2080,-465.837485070035,-43.9508576770237,0.037312200867491,0.999303657386695
2081,-466.486315020975,-43.9763540769766,0.042611260803145,0.999091727747141
2082,-467.130985314087,-44.005117873637,0.049521561854971,0.998773054758409
2083,-467.774115201734,-44.0346506340947,0.056116371236969,0.998424234921807
2084,-468.423332363658,-44.0798311123484,0.063133068614273,0.998005118046669
2085,-469.065072046862,-44.1361016037152,0.0703650692707,0.997521306552662
2086,-469.701193908428,-44.2030024732541,0.078283017096105,0.996931175776107
2087,-470.335235237071,-44.2922199865537,0.08739549047445,0.996173693812846
2088,-470.974931433002,-44.3598148601397,0.098163045089186,0.995170345508154
2089,-471.599686599227,-44.4510251649879,0.109012035455922,0.99404042982454
2090,-472.215517270474,-44.5673570814067,0.12107277626315,0.992643633358887
2091,-472.819437975716,-44.6956213522473,0.133209158460055,0.991087947713201
2092,-473.397884559565,-44.8286656141421,0.144392444544052,0.989520501029965
2093,-473.973339838985,-44.9800133831272,0.155221489785794,0.987879693641224
2094,-474.542355779057,-45.1383103502649,0.165539258966293,0.986203201039669
2095,-475.094301137942,-45.3017060124113,0.175674308528317,0.984448341622402
2096,-475.632648398844,-45.4703822634258,0.18541415894573,0.982660465095878
2097,-476.145859394978,-45.6479075228915,0.194501226271847,0.980902274938104
2098,-476.643774765412,-45.8385737212305,0.204243973267371,0.978920016847116
2099,-477.138348927097,-46.0398434667966,0.215158323984463,0.976579180415084
2100,-477.633799638962,-46.2341043403041,0.226393507304065,0.974035923285463
2101,-478.119678742995,-46.4553312352732,0.236192217846134,0.971706352880809
2102,-478.602791770142,-46.6829752408436,0.243897398146726,0.969801041027105
2103,-479.075297767256,-46.9139556850314,0.250469157099492,0.968124579453424
2104,-479.537613257977,-47.1574622327103,0.257152306884419,0.966370886908345
2105,-480.002251716429,-47.3979301898276,0.263964232014441,0.964532469239386
2106,-480.461288767394,-47.6508379340577,0.271997740641435,0.962297889993506
2107,-480.932010854521,-47.9131290628667,0.281405060969062,0.959589074375588
2108,-481.403787284483,-48.1796282745293,0.291011695339887,0.956719495555204
2109,-481.869243233599,-48.4726627160821,0.297713551206097,0.954655247420897
2110,-482.343487550949,-48.7752163088728,0.301243726417643,0.95354717622885
2111,-482.813201321319,-49.0976422826436,0.302454322756383,0.953163880267175
2112,-483.293216732922,-49.417403582366,0.305942404287417,0.952050022456191
2113,-483.801204039971,-49.7358983002218,0.312017253219719,0.950076435710949
2114,-484.29943129257,-50.0825243842712,0.319134352049897,0.947709483619159
2115,-484.81600144971,-50.4425016840707,0.323700470594422,0.946159608806543
2116,-485.325486600154,-50.814574425731,0.324760524383663,0.945796279228274
2117,-485.830172947242,-51.1878046780384,0.324345421630029,0.945938712321067
2118,-486.339239544189,-51.5653934177972,0.323531196369256,0.946217504052783
2119,-486.848619310239,-51.9429482556989,0.323117551122449,0.946358836888329
2120,-487.356766634522,-52.3074748366292,0.322265793397197,0.946649226697025
2121,-487.873401567522,-52.6706924966297,0.321785641024474,0.94681254809517
2122,-488.38112043683,-53.0539545198476,0.320855710203553,0.947128087024017
2123,-488.900693021347,-53.4414119439397,0.320093097320129,0.947386092914608
2124,-489.439646653978,-53.8129234526033,0.31944798840243,0.947603811044279
2125,-489.983508456902,-54.2006568068216,0.318472035115571,0.947932256466329
2126,-490.527978650078,-54.6021514496975,0.317895391046688,0.948125793527037
2127,-491.070122034083,-55.0049865679436,0.317216535207063,0.948353135594134
2128,-491.637374110195,-55.3942474630793,0.31496543958731,0.949103140794283
2129,-492.21712903272,-55.800545977832,0.309420233158118,0.950925401549657
2130,-492.777260424504,-56.2045570992445,0.303275218007369,0.952903007730893
2131,-493.35896224358,-56.5802291851754,0.298354101710795,0.954455253006837
2132,-493.946349177414,-56.9403331936751,0.293942160390646,0.955823208728937
2133,-494.64149302951,-57.3770340300244,0.287963098133956,0.957641506051765
2134,-495.211076938153,-57.7308586739041,0.276429664633263,0.961034151583981
2135,-495.77549956273,-58.064993810521,0.264737805749037,0.964320431291998
2136,-496.346485937014,-58.3678022263945,0.253827234572112,0.967249572235353
2137,-496.923016502217,-58.680924601769,0.243039736603134,0.970016333074799
2138,-497.478860356641,-58.9730242140943,0.231384659410209,0.972862343494506
2139,-498.054291066366,-59.238235486754,0.219173108789321,0.975685988617047
2140,-498.622125946604,-59.477746452557,0.206609171472529,0.978423553612358
2141,-499.192004156929,-59.7193102069654,0.193099138410359,0.981179251077588
2142,-499.774154024855,-59.9529648099038,0.178564481059178,0.983928211865107
2143,-500.337677447842,-60.1481913726887,0.164817043195471,0.986324156792432
2144,-500.910731100294,-60.3368722138821,0.150665497863671,0.988584800486783
2145,-501.48667701384,-60.5110595949427,0.135736354827229,0.99074499341567
2146,-502.047491730497,-60.6637285088177,0.11959046014088,0.992823308470995
2147,-502.632065118613,-60.7960572993129,0.102843659124519,0.994697532809788
2148,-503.194569880139,-60.904213066597,0.08663076361571,0.996240488434072
2149,-503.765517843074,-61.0066653546008,0.069941756925281,0.997551076706454
2150,-504.345076274644,-61.0594365720743,0.052976636759834,0.998595752022617
2151,-504.925093690234,-61.1197634005841,0.035543106704562,0.999368144161994
2152,-505.530445287125,-61.1493096493761,0.016278109612273,0.999867502795971
2153,-506.094808102642,-61.1538084771204,-0.005914675521792,0.999982508153754
2154,-506.671989633746,-61.1531312911861,-0.028573909028597,0.999591682499822
2155,-507.251396250749,-61.1187160855516,-0.052809539543574,0.998604602699785
2156,-507.830809067374,-61.0548075943911,-0.076576930310296,0.997063675872435
2157,-508.399851021993,-60.9569950511335,-0.100562208210431,0.994930772606739
2158,-508.93137436544,-60.8316640157502,-0.124808869237636,0.992180803160202
2159,-509.451365122347,-60.6920620765572,-0.149717690167601,0.988728786498541
2160,-509.951503772871,-60.5302121064957,-0.174557332012304,0.984647011796992
2161,-510.42965631561,-60.356596785314,-0.199483554427609,0.979901174360418
2162,-510.90290967436,-60.1677732261679,-0.223926974184193,0.974605925609275
2163,-511.336803649904,-59.9435109036215,-0.245136341175233,0.969488614804331
2164,-511.773047080757,-59.6800351478227,-0.264936023391848,0.964265992094149
2165,-512.201993390659,-59.4121310241179,-0.284055440477977,0.958807857046897
2166,-512.632165932123,-59.1343685236957,-0.304806483218361,0.952414304695207
2167,-513.059113567372,-58.832193871144,-0.325541385453294,0.94552779248267
2168,-513.442009911566,-58.5133574520816,-0.346494366895861,0.938052052771826
2169,-513.828029635622,-58.1722690382277,-0.365586064613473,0.930777540210567
2170,-514.198396323895,-57.8274248431651,-0.383506806645776,0.923538049706865
2171,-514.561540529466,-57.4508268675177,-0.402037372183237,0.915623258424554
2172,-514.917602499022,-57.0538390737256,-0.42067426017122,0.907211754128768
2173,-515.235045546217,-56.6539481232072,-0.440158316525451,0.89792018375437
2174,-515.55179665128,-56.2308424176176,-0.459024449800403,0.88842363458287
2175,-515.853095309516,-55.799806674074,-0.478117584690013,0.878295835815125
2176,-516.139832659292,-55.3545978300791,-0.496486638919119,0.868044363713512
2177,-516.402058743691,-54.883240302029,-0.515079512956225,0.857142400848761
2178,-516.638820497423,-54.4191318703755,-0.533459725008171,0.845825467690709
2179,-516.859672077661,-53.9345953898669,-0.551731735334608,0.834021637743687
2180,-517.074034570983,-53.4434804555057,-0.56940010411005,0.822060533926465
2181,-517.256735028206,-52.9518834594726,-0.586800855639825,0.80973128618102
2182,-517.414085587901,-52.4373181506888,-0.604188148247258,0.796841691628613
2183,-517.532959373021,-51.9350734979388,-0.621321632615404,0.783555632258571
2184,-517.65066074216,-51.4207407662007,-0.637656303893558,0.770320996796015
2185,-517.741315079002,-50.8987827377196,-0.653676916565522,0.75677373682587
2186,-517.816176735455,-50.3712195452755,-0.669129350579987,0.743145956183848
2187,-517.863652950386,-49.8403936277629,-0.684695034622503,0.728829684880693
2188,-517.890882547154,-49.3284065856284,-0.69991923335386,0.714222001048235
2189,-517.89152929518,-48.7968665606698,-0.714828378406764,0.69929992808834
2190,-517.861842625309,-48.2737029017901,-0.72964298472289,0.683828278769365
2191,-517.822885928313,-47.7459083143402,-0.743757715115463,0.668449295912731
2192,-517.761168427306,-47.1983687237409,-0.757642061513834,0.652670289369041
2193,-517.670062231706,-46.6952395651896,-0.771130249759678,0.636677420602911
2194,-517.564293515596,-46.1813372941333,-0.784283843377542,0.620402170383818
2195,-517.421209672098,-45.6564935985683,-0.79724233445272,0.603659390845845
2196,-517.264541372487,-45.1504626175443,-0.809700382361255,0.5868434977096
2197,-517.096865359039,-44.6431311712373,-0.82176082192249,0.569832564490021
2198,-516.909723776914,-44.1621941144321,-0.833433706413705,0.552619450448058
2199,-516.687180389931,-43.6823213649957,-0.844806420811164,0.535072061834882
2200,-516.464570938576,-43.2108944368385,-0.855549929419888,0.517720308921356
2201,-516.209009849512,-42.7472130062667,-0.865792524278798,0.50040314237917
2202,-515.939868864756,-42.2729847909257,-0.875720509951455,0.482818380398223
2203,-515.652429134292,-41.8380654867738,-0.885311110483987,0.464999180271977
2204,-515.344213893303,-41.4154325685141,-0.894842494571286,0.446382022386025
2205,-515.040430923886,-41.0019687049559,-0.903888102846722,0.427768976822951
2206,-514.708953389327,-40.5937806248405,-0.912457255284025,0.409172038731318
2207,-514.33276197839,-40.1976917902096,-0.920786009987767,0.390068101503837
2208,-513.978513082296,-39.838169349883,-0.928709577429344,0.370807929784422
2209,-513.581742546715,-39.4846659899128,-0.936378805766591,0.350991071269815
2210,-513.173678557331,-39.1357282163107,-0.943397334976216,0.331664692663802
2211,-512.766750817901,-38.8171840055371,-0.95015489816282,0.311778237690192
2212,-512.329942549697,-38.5030506955191,-0.956364695670747,0.292175578847033
2213,-511.886302092434,-38.2344526323616,-0.962238015490209,0.272209480998483
2214,-511.44602771555,-37.9749787741846,-0.967538457303925,0.252723828789335
2215,-510.976491196322,-37.7275943977932,-0.972456837576149,0.233083030380581
2216,-510.505627335691,-37.4862973195529,-0.976707493708638,0.214575095790241
2217,-509.996160830608,-37.2628717770214,-0.980365011910535,0.197191387797887
2218,-509.420170977224,-37.0507792558822,-0.984084411004952,0.177701637631838
2219,-508.996344616318,-36.9137586331675,-0.985723737875546,0.168370759304168
2220,-508.473825039582,-36.7338456748159,-0.987882739606004,0.155202103041601
2221,-507.947470688961,-36.5663573602591,-0.989983026272559,0.141186428852869
2222,-507.390819616513,-36.4256085712414,-0.991871441234243,0.127244033510044
2223,-506.833987847819,-36.3006556074117,-0.993648164234373,0.112531443222154
2224,-506.267172900436,-36.1795404528848,-0.995188424666531,0.097979586699217
2225,-505.680862966587,-36.0697923744016,-0.996534432167405,0.083181280975883
2226,-505.07277077865,-35.9881183066725,-0.997680639668016,0.068068650872613
2227,-504.455997160673,-35.9197776835167,-0.998611186416376,0.052684896925757
2228,-503.840548609189,-35.8585469202907,-0.999260813818379,0.038442502091179
2229,-503.193270254414,-35.8242912548876,-0.999681242796092,0.025247035502441
2230,-502.527085193808,-35.8114628817491,-0.999928813889176,0.011931770790016
2231,-501.86308419573,-35.8117407299203,-0.999999938753309,0.000349990539834
2232,-501.164210636946,-35.837666334238,0.999940511218529,0.010907521442847
2233,-500.482546752461,-35.8598100820611,0.999763957342747,0.021726242159409
2234,-499.772036486906,-35.9063765619273,0.99954116703658,0.030289526228564
2235,-499.056123914163,-35.9749642456787,0.999412675820718,0.034268110669717
2236,-498.318416073759,-36.0674225041863,0.999362275447345,0.035707736034445
2237,-497.555888346731,-36.1478381071493,0.999370160908909,0.03548635632044
2238,-496.808755181824,-36.2253201882755,0.999421537239502,0.034008688622635
2239,-496.053033328502,-36.2953356102202,0.999421831246345,0.034000047473539
2240,-495.290807886054,-36.3733863526648,0.999417002531761,0.03414169079631
2241,-494.538783399671,-36.4694902987013,0.999417090907895,0.034139103696494
2242,-493.760836236552,-36.5582575971557,0.999427179480267,0.033842472074582
2243,-493.048512867008,-36.6118463699208,0.999460594299226,0.032840834993011
2244,-492.311750496496,-36.673797634632,0.99948104617858,0.03221239403974
2245,-491.583607916604,-36.7543998546985,0.99952982579388,0.030661496187482
2246,-490.883544421062,-36.8480431232867,0.999559279715754,0.029685793473015
2247,-490.180855850798,-36.906217899216,0.999565007647053,0.029492295392975
2248,-489.49783080662,-36.95374058326,0.999585722426371,0.028781652512506
2249,-488.787360690161,-37.0238396203128,0.999660596629777,0.026051709076356
2250,-488.080347657696,-37.1158711450575,0.999749523441349,0.022380580394538
2251,-487.36408205601,-37.1667948623611,0.99984036897276,0.017867192628284
2252,-486.62079252141,-37.2071583627899,0.99990739543856,0.013608840776324
2253,-485.934343981603,-37.2510415956702,0.999945583614626,0.010432152683153
2254,-485.22838361109,-37.2860749689714,0.999964696402416,0.008402734603896
2255,-484.534813648941,-37.3292322948229,0.9999788427877,0.006504919444029
2256,-483.829213583347,-37.3615621725617,0.999991173172815,0.00420161593403
2257,-483.086162993551,-37.3706179981359,0.999998663428142,0.001634974596273
2258,-482.407816527656,-37.3976789720128,-0.999999172989136,0.001286087494433
2259,-481.695177928839,-37.4351157199337,-0.999992830678909,0.003786633172594
2260,-481.002599904151,-37.4592277664505,-0.999975772773592,0.006960881112198
2261,-480.334558617518,-37.4677661791043,-0.99993371034448,0.011514118147765
2262,-479.653514654059,-37.4831235293785,-0.999880087146722,0.015485842807679
2263,-479.011776132308,-37.4958089717776,-0.999810075233261,0.019488803505126
2264,-478.364982475541,-37.4987254055058,-0.999715999834916,0.023831065315555
2265,-477.720550262984,-37.4967099557302,-0.999602969628018,0.028176286321076
2266,-477.077931637276,-37.4927158486388,-0.99946787297656,0.032618566610299
2267,-476.404377937929,-37.4700507008818,-0.999318364334452,0.036916211938866
2268,-475.768705396367,-37.4548101406578,-0.999171235446247,0.040704327249327
2269,-475.127835235552,-37.4423205847575,-0.999006355869471,0.044567936146953
2270,-474.47302465144,-37.4195783074948,-0.998875328312391,0.047413906069987
2271,-473.84580636078,-37.3761179148534,-0.998638061659029,0.052172998820243
2272,-473.171247211105,-37.3396437280318,-0.998436536756148,0.05589706674227
2273,-472.529535612431,-37.2905471397738,-0.998223620455064,0.059578549542473
2274,-471.870896430836,-37.240400533104,-0.998009916709134,0.063057165732597
2275,-471.207585011109,-37.1812512529963,-0.997816474365812,0.066047584998849
2276,-470.557091563016,-37.1110548652445,-0.99764590919083,0.068575796567022
2277,-469.856189233733,-37.0411060872259,-0.997477976212613,0.070976664973709
2278,-469.09636117399,-36.9770100165824,-0.997402082234926,0.072035313238951
2279,-468.444381143996,-36.8964911873991,-0.997262084546698,0.07394818946786
2280,-467.792636085184,-36.8067970705108,-0.997130781966778,0.075698108657497
2281,-467.135392694446,-36.73519305572,-0.997022585385357,0.077110078663544
2282,-466.455896199325,-36.6728238371134,-0.996940254673411,0.078167311657198
2283,-465.789724063823,-36.5924338607483,-0.996871630421049,0.079037664829369
2284,-465.113494222943,-36.506904616837,-0.996768580962835,0.08032680751366
2285,-464.442359232714,-36.4247372841534,-0.996653217892713,0.081745723215963
2286,-463.753756291473,-36.3434313029067,-0.996513600902691,0.083430469349949
2287,-463.048679173493,-36.2528074926768,-0.996383280676776,0.084972689658409
2288,-462.353601016443,-36.1596824139559,-0.996246322860645,0.086563642406285
2289,-461.639987347752,-36.0711746436061,-0.996148008619516,0.087687769519888
2290,-460.922018311494,-35.9719884444376,-0.996084316563266,0.088408338388933
2291,-460.189106679351,-35.8638237470717,-0.99606177997014,0.088661888558251
2292,-459.441312459708,-35.7580515387949,-0.996060067131163,0.088681129146306
2293,-458.482882066304,-35.6250052154745,-0.996055148308049,0.088736359678714
2294,-457.727142870175,-35.5146955858588,-0.996063041424035,0.08864771575794
2295,-456.937477100688,-35.4096596763143,-0.99609835385092,0.088250039407847
2296,-456.150368834694,-35.2996226260551,-0.99615632003106,0.087593299185366
2297,-455.362265659368,-35.1849931156301,-0.996161080710517,0.087539141403463
2298,-454.54979250622,-35.07719615196,-0.996193922093099,0.087164611998036
2299,-453.756329262628,-34.9698768747535,-0.996461906949508,0.084045630454837
2300,-452.952330605148,-34.8562358886448,-0.996766423271606,0.08035357763242
2301,-452.150881078094,-34.745117080582,-0.99686117259861,0.07916945474945
2302,-451.342917803159,-34.6551043787998,-0.996897063882693,0.078716224643122
2303,-450.540610894252,-34.556421911321,-0.996923121993183,0.078385514193406
2304,-449.742438388474,-34.4581963416282,-0.996943071430429,0.078131378631523
2305,-448.93466185053,-34.3525420812303,-0.996966512932223,0.077831690793424
2306,-448.138239580686,-34.2484275579625,-0.99701701172284,0.077182111497801
2307,-447.318532830166,-34.1604633081329,-0.997195534125276,0.074840274722941
2308,-446.508200688911,-34.0684282820792,-0.997406324769266,0.071976546945971
2309,-445.701143117195,-33.9800918038484,-0.997479286062807,0.070958254457343
2310,-444.890496433038,-33.8923911594473,-0.997512332515918,0.070492173173006
2311,-444.068055755183,-33.8298142225197,-0.997508156983952,0.07055123493235
2312,-443.271109930872,-33.7356528838152,-0.997635835493648,0.068722192477335
2313,-442.458635016743,-33.6634543503325,-0.997828733930976,0.065862111579459
2314,-441.638266940618,-33.5775724070159,-0.998019283147371,0.062908747134297
2315,-440.840218495623,-33.5097250169875,-0.99818076681654,0.060292261174591
2316,-440.038582247962,-33.448730564783,-0.998272569322888,0.058752679406807
2317,-439.248894296736,-33.3770417574165,-0.998302103399684,0.058248693957598
2318,-438.443670422052,-33.3164614353286,-0.998315676926793,0.058015594474237
2319,-437.640393316712,-33.2568227821713,-0.998332520310104,0.05772502829168
2320,-436.849796223013,-33.1898049334607,-0.998346126368858,0.057489233464158
2321,-436.064709485143,-33.1361863618965,-0.998356714376939,0.05730506834899
2322,-435.290439464871,-33.0862410505656,-0.998369361768792,0.057084301531818
2323,-434.516028454197,-33.0226087219022,-0.998371896637322,0.057039950953665
2324,-433.735231696233,-32.9647272719741,-0.998371597278544,0.05704519039751
2325,-432.959714531921,-32.9038618379413,-0.998361221204867,0.057226497309616
2326,-432.17888869265,-32.844405125394,-0.99834891924886,0.057440712344416
2327,-431.397458186741,-32.7869899692447,-0.998337524581305,0.057638416120441
2328,-430.605884135882,-32.7283332318118,-0.998325135640332,0.057852601918268
2329,-429.820392976928,-32.6664417154894,-0.998384390814763,0.056820842808197
2330,-429.034369456851,-32.6005764728783,-0.99851268382074,0.054519906906581
2331,-428.243104708004,-32.5491523090517,-0.998635081691667,0.052230006841629
2332,-427.452268432651,-32.4936572225958,-0.998741270595647,0.050158492889967
2333,-426.648875789671,-32.44434194496,-0.998752175337168,0.049940887650049
2334,-425.85040136103,-32.3990410364985,-0.998778763358748,0.049406293764764
2335,-425.069281335017,-32.3422302067788,-0.998849371423298,0.047957618865863
2336,-424.257267392043,-32.3303148690395,-0.998938745671353,0.04605846715365
2337,-423.487456084496,-32.266268368198,-0.999001987400568,0.044665749402831
2338,-422.684585359558,-32.2272175488608,-0.999042631953347,0.043747223223062
2339,-421.8828914149,-32.189157335756,-0.999071972169963,0.043071967965494
2340,-421.097421549299,-32.148866055319,-0.999104262164514,0.042316348196674
2341,-420.297222761289,-32.1299778472409,-0.999143292763498,0.041384544527099
2342,-419.51036318773,-32.0930237637415,-0.999165347197192,0.040848610261725
2343,-418.509952944776,-32.0630505671189,-0.999208777987677,0.039772075535145
2344,-417.715980450238,-32.0397780922492,-0.999229630228542,0.039244694843146
2345,-416.919221564655,-32.0151281232085,-0.999227077710818,0.039309632019373
2346,-416.130495176621,-31.9953124557293,-0.999220821027046,0.039468352208262
2347,-415.364250889254,-31.9740412464479,-0.999206521166424,0.039828734080962
2348,-414.579377690861,-31.9264037575423,-0.999203789315254,0.039897210654842
2349,-413.789445341164,-31.9048143967494,-0.999210650689177,0.039724999047358
2350,-413.001731342794,-31.8706958934285,-0.999216870401702,0.039568243638409
2351,-412.211880151718,-31.8440162305685,-0.999256954949757,0.038542677443846
2352,-411.398616292889,-31.8182407902177,-0.99930181695715,0.037361459100765
2353,-410.590461582877,-31.7871445129325,-0.99935383961613,0.035943055580999
2354,-409.787205962858,-31.7758660483876,-0.999413334074051,0.034248907646662
2355,-408.976857605961,-31.7546760808787,-0.999483301547039,0.032142338568158
2356,-408.161505741502,-31.738740075715,-0.999573332791698,0.029208772170324
2357,-407.350236169818,-31.730948475427,-0.99967237709221,0.025595673048602
2358,-406.545864467259,-31.7118023245638,-0.999760785008222,0.021871734264663
2359,-405.731259885857,-31.711453313505,-0.999810446844641,0.019469729847092
2360,-404.912385673721,-31.7365854191308,-0.999851441402581,0.017236447580093
2361,-404.106582956157,-31.726812395124,-0.999857152247031,0.016901925939282
2362,-403.302155887211,-31.7290007163106,-0.9998603448354,0.016711996458664
2363,-402.492175538315,-31.7467676823633,-0.99985892102284,0.016796965530791
2364,-401.683366137353,-31.744594852993,-0.999856676262057,0.016930060076476
2365,-400.869937262536,-31.7551498598115,-0.999857704531857,0.016869223108521
2366,-400.065767020858,-31.7772889810204,-0.999855427318335,0.017003660255046
2367,-399.264221137104,-31.7776469376939,-0.999854941543852,0.017032200983467
2368,-398.457745782169,-31.7890817957617,-0.999852980590899,0.01714692985628
2369,-397.649478219546,-31.7912622516073,-0.999851017494274,0.017261020122372
2370,-396.851551598865,-31.8024025690451,-0.999850597882137,0.017285309217158
2371,-396.052986466063,-31.8143524753319,-0.99983764808985,0.018018808566527
2372,-395.244923725524,-31.8073106289582,-0.999825425027377,0.018684738928494
2373,-394.44546783131,-31.8108999462198,-0.999819493144471,0.018999503370711
2374,-393.648252264727,-31.8231404826114,-0.999816793443254,0.019141043567432
2375,-392.844111555271,-31.8204375364589,-0.999814540917834,0.01925834284823
2376,-392.042665831078,-31.8237511823092,-0.99980225041839,0.019886177569422
2377,-391.244435047919,-31.832564147759,-0.999793715331306,0.020310755377968
2378,-390.447190438749,-31.8288505348876,-0.999776096125962,0.021160283909492
2379,-389.64845911655,-31.8238452570757,-0.999762481717057,0.021794039344524
2380,-388.844487223312,-31.8132119426117,-0.999764325242691,0.021709306115738
2381,-388.043834611932,-31.8238936005671,-0.999767411189631,0.0215667225879
2382,-387.229310488219,-31.8212169842834,-0.99976011686701,0.021902253812414
2383,-386.417275791577,-31.7988376253201,-0.999726302532578,0.0233948717573
2384,-385.617014595716,-31.8076102958168,-0.999728335866134,0.02330781985368
2385,-384.813232638228,-31.8369080166293,-0.999686849760933,0.025024036745942
2386,-384.01496620405,-31.8390952227182,-0.999587044453798,0.028735701837974
2387,-383.208669948741,-31.8334838926435,-0.999579889490187,0.028983521642243
2388,-382.41149106004,-31.8232214659492,-0.999580904548267,0.028948493267662
2389,-381.607939887851,-31.8207149175541,-0.999588963595516,0.02866886565669
2390,-380.809942782298,-31.8030181647652,-0.9995858643582,0.028776722802809
2391,-380.019767407318,-31.7864747833176,-0.999590685739393,0.028608757104244
2392,-379.221577159758,-31.7785078349186,-0.999597181735769,0.028380878526011
2393,-378.42236224896,-31.7684502738987,-0.999606022801303,0.028067760497777
2394,-377.626189389448,-31.759797551585,-0.999608773140831,0.027969638179321
2395,-376.82893946777,-31.7436211250385,-0.999609197972189,0.027954450976491
2396,-376.030408910428,-31.7380633295979,-0.999617946646661,0.027639839759165
2397,-375.233591847034,-31.732833566468,-0.999622091873582,0.027489515060926
2398,-374.434884734538,-31.7264914106165,-0.999628409740771,0.027258804800238
2399,-373.638131224584,-31.7182166983136,-0.999630873591764,0.027168300686038
2400,-372.840800203318,-31.7122951106959,-0.999633049113281,0.027088136157472
2401,-372.042235978042,-31.7063594274064,-0.999650873561852,0.026422168476982
2402,-371.241327877927,-31.7059688518297,-0.999676950533408,0.025416423277616
2403,-370.435817482944,-31.6909983126624,-0.999700213915159,0.024484327599218
2404,-369.635592031129,-31.6870679094859,-0.999745581067279,0.022556000009953
2405,-368.834595282953,-31.6796900442377,-0.999757350760232,0.022028154731686
2406,-368.032351556471,-31.6810179269466,-0.999767325228043,0.021570707136381
2407,-367.244356974322,-31.6817222049961,-0.99977245444315,0.021331651054686
2408,-366.443646651351,-31.6823737612031,-0.999777289031017,0.021103846516462
2409,-365.641817984752,-31.6777880015522,-0.999779495323861,0.02099906497836
2410,-364.844017615039,-31.6788062527384,-0.999785517475375,0.02071036084903
2411,-364.047091228342,-31.6739478565329,-0.99979029751642,0.020478305399356
2412,-363.245561589423,-31.6790832630138,-0.999849684312376,0.017338073146724
2413,-362.441712013989,-31.6790185008503,-0.999885434336722,0.015136650926327
2414,-361.642329774199,-31.6838720464361,-0.999894828694634,0.014502811786989
2415,-360.839575693837,-31.7007977276301,-0.999899212327685,0.014197365476564
2416,-360.033517831489,-31.7047607646468,-0.999900657363529,0.014095226283459
2417,-359.229807187569,-31.7126192407949,-0.99988608645795,0.015093512109673
2418,-358.428598200145,-31.7281987076861,-0.999884033865801,0.015228881122843
2419,-357.622487371644,-31.7370656458155,-0.999882064970029,0.015357608904731
2420,-356.813429129854,-31.7474759814601,-0.999881767462154,0.015376966435515
2421,-356.010138299721,-31.7599384639597,-0.999870491738658,0.01609346918145
2422,-355.206795291622,-31.7628793207189,-0.999870653602713,0.016083409591377
2423,-354.397874701928,-31.7737427242694,-0.999857069922169,0.016906795280446
2424,-353.592227459679,-31.7791528256788,-0.999849128328365,0.017370105958492
2425,-352.792666569362,-31.7828963394987,-0.999846416154415,0.017525527186712
2426,-351.983333795498,-31.783190735669,-0.999848112403885,0.017428485946506
2427,-351.174388458266,-31.7917004633507,-0.999849433174256,0.017352549700834
2428,-350.371440756246,-31.7980301016136,-0.999850016400018,0.017318911769621
2429,-349.572024323325,-31.8071913279345,-0.999847944484412,0.017438116592579
2430,-348.7632227429,-31.807327637291,-0.999810563742042,0.019463726000452
2431,-347.965319030541,-31.8210058550301,-0.999739014729477,0.022845183906772
2432,-347.168505406233,-31.8229739554663,-0.999667042726815,0.025803172010908
2433,-346.352315099799,-31.8148229507973,-0.999651575142569,0.026395611661441
2434,-345.550992564741,-31.8030783430744,-0.999689559252185,0.02491555984063
2435,-344.745557188913,-31.7950803037159,-0.999724841823033,0.023457208740833
2436,-343.94436837644,-31.7998057055967,-0.99973733998685,0.022918355875089
2437,-343.14229556119,-31.7922175563783,-0.999741785425764,0.022723610490095
2438,-342.343214149505,-31.7848329995315,-0.99975064587877,0.02233038434471
2439,-341.540994463083,-31.7813043615937,-0.999757367495939,0.022027395161274
2440,-340.736463050448,-31.7752069936322,-0.999761001674519,0.021861828166042
2441,-339.935039357127,-31.7695165684986,-0.999774118226558,0.021253529690589
2442,-339.132829383993,-31.7665741065122,-0.999781625872273,0.020897381850241
2443,-338.331795365655,-31.7700401275735,-0.999787534152011,0.020612776480658
2444,-337.524019487148,-31.7603239486339,-0.999789046254618,0.020539303524727
2445,-336.721884856663,-31.7588326065477,-0.999799670612753,0.020015460090419
2446,-335.919010991194,-31.7602779173196,-0.999818575626684,0.019047725109004
2447,-335.114612022929,-31.7679804635273,-0.999821477573457,0.018894787186668
2448,-334.308810064255,-31.7622730931533,-0.999823721160274,0.018775691870678
2449,-333.508134322164,-31.7617514305285,-0.999847115961739,0.017485556982635
2450,-332.709803551043,-31.7688725989749,-0.99985313531406,0.017137905433399
2451,-331.910013213469,-31.7703968308695,-0.999859055523742,0.016788957298522
2452,-331.109071737525,-31.7776095994143,-0.999858342329581,0.016831377660292
2453,-330.309498632926,-31.7839860753717,-0.99987358479398,0.015900139346433
2454,-329.509455179979,-31.7941421576927,-0.999873136936555,0.015928277767951
2455,-328.710026725174,-31.8061161522464,-0.999876281801561,0.015729624619995
2456,-327.908745868154,-31.8129504745545,-0.999876565494897,0.015711580892132
2457,-327.109439992837,-31.8259504212882,-0.999878911717702,0.015561552050647
2458,-326.304813940593,-31.8353151406431,-0.999880236360645,0.015476205458103
2459,-325.507415340864,-31.8479014081416,-0.999879273239109,0.015538305790238
2460,-324.700195773498,-31.8539598555693,-0.999880766983342,0.015441885144144
2461,-323.904170211785,-31.8636286980546,-0.999880494342898,0.015459528860949
2462,-323.100800476138,-31.8738015210547,-0.999881535262613,0.015392057720807
2463,-322.29789374521,-31.8836579489523,-0.9998829034421,0.015302921426876
2464,-321.496377527071,-31.8989925708809,-0.999883205447634,0.01528317584024
2465,-320.695152304566,-31.9097057179264,-0.999882867583021,0.015305264256322
2466,-319.889441511966,-31.9195404364236,-0.999881734373826,0.015379117841747
2467,-319.088493596545,-31.9267500652296,-0.999882318822421,0.015341072527663
2468,-318.286745535725,-31.9360908882932,-0.999880468812381,0.015461180017488
2469,-317.490725349382,-31.947132815414,-0.999880311209973,0.015471368867928
2470,-316.688072336734,-31.9593060314429,-0.999880449869488,0.015462405013122
2471,-315.8827942966,-31.9625972521823,-0.999880294563878,0.015472444630751
2472,-314.916840731623,-31.9614859295523,-0.999880503057345,0.015458965223785
2473,-314.115888780154,-31.9773921782487,-0.999880946457305,0.015430259610384
2474,-313.318131550649,-31.9880801371275,-0.999880025394094,0.015489829498921
2475,-312.515964496996,-31.9910449586444,-0.999877015490401,0.015682917267159
2476,-311.69834637974,-32.0082469744112,-0.999878506553132,0.015587563410576
2477,-310.916598534985,-32.0227339491389,-0.999880176454882,0.015480075340711
2478,-310.109536385256,-32.0205806856067,-0.999877885285413,0.015627364370556
2479,-309.307399565596,-32.029774936922,-0.999875515758947,0.015778244065164
2480,-308.503089141906,-32.0489064031279,-0.999872176250256,0.015988469613341
2481,-307.681614414634,-32.0552612237012,-0.999865883446998,0.016377274460506
2482,-306.906793809585,-32.0628893837164,-0.999854804852675,0.01704022338526
2483,-306.098835406475,-32.0735248799407,-0.999831376001565,0.01836353895133
2484,-305.299421219345,-32.0795250639455,-0.999787123115292,0.020632703478871
2485,-304.49774095128,-32.0861340653713,-0.999732631708335,0.023122826330862
2486,-303.682815779411,-32.0813546842167,-0.999721372296225,0.023604613408264
2487,-302.90064034083,-32.069864869791,-0.999711948522936,0.024000416256292
2488,-302.1008039049,-32.0766840219011,-0.999711939310556,0.024000799985157
2489,-301.307168572667,-32.0708042481166,-0.999708230057517,0.024154808119006
2490,-300.504423938434,-32.058646646937,-0.999707157451503,0.024199159907635
2491,-299.686127905824,-32.0562202211981,-0.999708265350411,0.024153347388567
2492,-298.911641945776,-32.0572710343977,-0.999707591961757,0.024181202906914
2493,-298.110886964903,-32.0525655300504,-0.999710399904451,0.024064835816658
2494,-297.314162499492,-32.0445734487644,-0.999708100172283,0.024160183151708
2495,-296.509039928812,-32.0387717393402,-0.999706899471259,0.024209815149282
2496,-295.687189537462,-32.0325682332682,-0.999707992019332,0.024164657925899
2497,-294.912440552062,-32.0309288406115,-0.999705907807129,0.02425072979362
2498,-294.111444172174,-32.0250796374986,-0.999709458688131,0.024103904444786
2499,-293.307991428144,-32.0230879034051,-0.999707443721733,0.024187330719988
2500,-292.51223009956,-32.0160368713005,-0.999708213480085,0.024155494208512
2501,-291.69167455659,-32.0188868940138,-0.99970638302516,0.024231131602791
2502,-290.916300943803,-32.0135535179093,-0.999706144559627,0.024240968003095
2503,-290.115269633046,-32.0115575908959,-0.999703389359991,0.024354328201489
2504,-289.310736579744,-32.0065134207108,-0.999704627487223,0.024303452031217
2505,-288.51786093317,-32.0077987430895,-0.999707564849175,0.024182323778591
2506,-287.697524677155,-32.0096857433826,-0.999709787055361,0.024090281561751
2507,-286.916435821819,-32.0005468334605,-0.999709404835526,0.024106137878112
2508,-286.117816661347,-31.9934827008624,-0.999706758180828,0.024215648815975
2509,-285.306646227417,-31.997212915588,-0.999708312230637,0.02415140693565
2510,-284.504266468221,-31.9854430360332,-0.999705712365669,0.024258785283883
2511,-283.685941500436,-31.9734126846699,-0.99970378227577,0.024338194335655
2512,-282.899725415812,-31.9767121009291,-0.99970510982405,0.024283603350492
2513,-282.100541604219,-31.9776801306731,-0.999706409047737,0.024230057962754
2514,-281.298192188101,-31.9702555595771,-0.999704918993572,0.024291458170614
2515,-280.502814710661,-31.9592132492018,-0.999728807292783,0.023287590449615
2516,-279.679095554706,-31.957227274408,-0.999750540469748,0.022335103099105
2517,-278.759205828143,-31.960329039895,-0.999758750227365,0.021964547430301
2518,-278.093101060967,-31.9550742082684,-0.999758368255351,0.021981926744462
2519,-277.294491064398,-31.9557504854493,-0.999774086901417,0.021255003186022
2520,-276.49194596315,-31.954270702059,-0.999783630695274,0.020801245005443
2521,-275.669997009396,-31.9591361259118,-0.999788779901912,0.02055226465004
2522,-274.89050358376,-31.9640309886754,-0.999788447040599,0.020568450698784
2523,-274.090473286491,-31.9666325693179,-0.999788755023872,0.020553474835584
2524,-273.289537825558,-31.9674898097166,-0.999789707370842,0.020507097194031
2525,-272.485773926503,-31.9678392027516,-0.999789543593591,0.020515080329336
2526,-271.66622575164,-31.9785413371383,-0.999792970285046,0.020347397096569
2527,-270.887742591789,-31.9772959352445,-0.999791277279656,0.020430415451358
2528,-270.082123558515,-31.9735647538987,-0.999792515958002,0.020369708745287
2529,-269.28292436848,-31.9905223490035,-0.999796041109521,0.020195944685236
2530,-268.481031337187,-32.0002589254985,-0.999797495567621,0.020123813175287
2531,-267.657253125465,-31.9935254263165,-0.999800154014814,0.019991298906133
2532,-266.875441474601,-32.003862578387,-0.999800009005972,0.01999854973889
2533,-266.069659540209,-32.0066489092084,-0.99978293555701,0.020834629082538
2534,-265.263240197066,-31.9980611613067,-0.999722501617174,0.023556734924416
2535,-264.457206611391,-31.9964750921957,-0.999691377915466,0.024842482192348
2536,-263.630513081105,-31.9975720919459,-0.999692467500219,0.024798597204772
2537,-262.852571234713,-31.9944459816379,-0.999672103532266,0.025606355058363
2538,-262.054530528521,-31.9894428967568,-0.999655877440327,0.026232169163245
2539,-261.251379032226,-31.9763148456059,-0.999651907971171,0.026383003801642
2540,-260.449393186489,-31.9689855577247,-0.999645225088668,0.026635013749303
2541,-259.626602537167,-31.96390287357,-0.99962243584365,0.027477004167275
2542,-258.84789014712,-31.9539883557787,-0.999591308630345,0.028586984987473
2543,-258.043714052689,-31.9427302122923,-0.999554571035583,0.029843919345011
2544,-257.235577191637,-31.9271719958958,-0.999517982699512,0.031045164845725
2545,-256.435602133598,-31.9216011661613,-0.99951571986502,0.031117932815505
2546,-255.61260240668,-31.8983543447121,-0.999509043356621,0.031331649307572
2547,-254.831828200927,-31.8913719490743,-0.999497487567023,0.031698144223409
2548,-254.032520034496,-31.8724529245453,-0.99949573905129,0.031753230045382
2549,-253.227653891298,-31.850853781807,-0.99948278753946,0.032158317934096
2550,-252.429222681627,-31.8397219996561,-0.999485110916105,0.032086025883891
2551,-251.614499103288,-31.828032993073,-0.999484127746019,0.032116637180444
2552,-250.834315768108,-31.8093699107422,-0.999482059893998,0.032180925251632
2553,-250.039033910492,-31.7916062416719,-0.999482397535934,0.03217043698523
2554,-249.243587698851,-31.7784236488813,-0.999479520340896,0.032259702713017
2555,-248.456017302389,-31.7625839946158,-0.999477911386285,0.032309513318977
2556,-247.666324890135,-31.7496522210703,-0.999475862467389,0.032372833442097
2557,-246.93878286402,-31.7355102284559,-0.999471014393777,0.032522167619542
2558,-246.222903655934,-31.7140683394416,-0.999457467053455,0.032935870279847
2559,-245.556744383,-31.7045220135402,-0.999430895343656,0.033732557456839
2560,-244.904951637104,-31.6889424985572,-0.999393136196623,0.034833307667783
2561,-244.249169581061,-31.6795376917026,-0.999349710797816,0.036057669479896
2562,-243.641634614681,-31.6678609864953,-0.999241607495214,0.038938539397114
2563,-243.016546858867,-31.6455634456112,-0.999087389315702,0.042712861181785
2564,-242.398133090769,-31.6283110466372,-0.99894027999396,0.046025177952827
2565,-241.780140890026,-31.6029654348741,-0.998866508335538,0.047599354255808
2566,-241.139509779768,-31.5649313450744,-0.998847145334573,0.048003960846724
2567,-240.514520232676,-31.5316991683632,-0.998843440917199,0.048080978948946
2568,-239.87233162982,-31.5085856628129,-0.998941257055087,0.046003966711615
2569,-239.229787543426,-31.4723446371345,-0.999016531459469,0.044339258797278
2570,-238.579467866236,-31.448505664004,-0.9990331878174,0.043962366171566
2571,-237.902634095555,-31.4034759663658,-0.999028866815572,0.044060450170133
2572,-237.138102004978,-31.3692218375278,-0.999039059582873,0.043828728338487
2573,-236.487758339738,-31.3362142303853,-0.999036333650666,0.043890819607701
2574,-235.830770591841,-31.3177037663909,-0.999043551777554,0.043726212409605
2575,-235.197987664502,-31.283163258273,-0.999047344215684,0.043639477719027
2576,-234.533988038935,-31.2590139874044,-0.999042997705914,0.043738869838876
2577,-233.881044088359,-31.2377379083863,-0.999051280176739,0.043549277574012
2578,-233.241692294107,-31.2060730904675,-0.999054585394415,0.043473387289159
2579,-232.600606284925,-31.1788666608464,-0.999045292829452,0.043686415226179
2580,-231.955324266345,-31.1540539789636,-0.998959907056582,0.0455971939214
2581,-231.305139370364,-31.1272495115046,-0.998868357106321,0.047560542172253
2582,-230.656140962344,-31.0961763359381,-0.998742773433562,0.050128559865967
2583,-230.018403497574,-31.0698409483246,-0.998612228734549,0.052665136682792
2584,-229.374779000281,-31.0290691677566,-0.998472078187131,0.055258565676929
2585,-228.724209263678,-30.9851660542533,-0.998331056235956,0.05775034333059
2586,-228.079719610891,-30.9498651207225,-0.998186949085883,0.060189822018481
2587,-227.42792108324,-30.9019875485071,-0.998016837621934,0.062947532303611
2588,-226.780081342075,-30.8560277148823,-0.997833062807089,0.065796495111997
2589,-226.119211785589,-30.80485114121,-0.997674444881597,0.068159386955846
2590,-225.451318324025,-30.7406678556821,-0.997509592974012,0.070530928852674
2591,-224.792295229084,-30.6792397412109,-0.997340097648454,0.07288847386639
2592,-224.118749979035,-30.6149132185292,-0.997165860894448,0.075234605512585
2593,-223.452554361425,-30.5433926456369,-0.997016947097353,0.07718294630729
2594,-222.79299227093,-30.4657480674823,-0.996917453982594,0.078457567798536
2595,-222.131094216464,-30.391150803981,-0.996913195305187,0.078511661722331
2596,-221.475364492692,-30.319355031792,-0.996905949095056,0.0786036173397
2597,-220.810597811519,-30.2498026802314,-0.996874303554379,0.079003942388794
2598,-220.16522793709,-30.1779538997676,-0.996785746858487,0.080113512341975
2599,-219.50824690267,-30.1047829057818,-0.996602543164898,0.082361222412357
2600,-218.846043978193,-30.0249680573606,-0.996584161167761,0.082583350074643
2601,-218.214131069967,-29.9382640433292,-0.996548318817435,0.083014747257002
2602,-217.578955251302,-29.8697881149647,-0.996480795430359,0.083821383539518
2603,-216.959886665664,-29.8073619445496,-0.996311738683435,0.085807455163237
2604,-216.347757657167,-29.72964078585,-0.995996299041438,0.089394475756384
2605,-215.747525590333,-29.646027858171,-0.995673786158805,0.092917767709892
2606,-215.156619241971,-29.5626644472413,-0.995343119993263,0.096395401768322
2607,-214.574946001087,-29.4757358665238,-0.995057274836581,0.099302667611687
2608,-213.999978157788,-29.3833580847828,-0.994737221089263,0.102459069777206
2609,-213.411044640382,-29.2890257809559,-0.994394771063904,0.105730975975665
2610,-212.831288602109,-29.1964845136731,-0.994057890377613,0.108852701289449
2611,-212.255509190525,-29.095203980455,-0.993623317296485,0.112750624498177
2612,-211.683231066292,-28.987382652716,-0.9930164957609,0.117975587079457
2613,-211.108279120909,-28.8840754990818,-0.992062825671164,0.125743190357753
2614,-210.532704599206,-28.7723624249225,-0.991197199241195,0.132393777106069
2615,-209.962794777625,-28.6340979025102,-0.99042875360096,0.138024939921919
2616,-209.39244850588,-28.5065412303307,-0.990242369930134,0.13935583516721
2617,-208.818122413695,-28.3622863491745,-0.990193048621206,0.139705856936075
2618,-208.248074548155,-28.2288925579238,-0.990053231032032,0.140693282437488
2619,-207.664978876839,-28.1012524982785,-0.989645708137823,0.143531781722334
2620,-207.091570324082,-27.9554875021383,-0.988964654808408,0.148151650479119
2621,-206.525243555228,-27.811257589277,-0.988251950064443,0.152833514628911
2622,-205.977739773647,-27.662193590688,-0.98725555241944,0.159142936434474
2623,-205.432845798372,-27.5290541804692,-0.986149632744744,0.165858077395728
2624,-204.883976657394,-27.3762565721872,-0.98494773573406,0.172852416449258
2625,-204.337503809036,-27.2023261239501,-0.983759175403406,0.179493411605024
2626,-203.804327438749,-27.0158425179992,-0.982505331239212,0.18623445998667
2627,-203.28728258665,-26.8443766228946,-0.981203111531647,0.192977858627912
2628,-202.783798899833,-26.6814892913618,-0.979830797085627,0.199828949560732
2629,-202.26720296716,-26.4980361556441,-0.978458762469762,0.20644236519218
2630,-201.764796778193,-26.2968005170379,-0.977118427328593,0.212695977806112
2631,-201.253401676079,-26.0800077606162,-0.975639848103488,0.219378410042106
2632,-200.722346327783,-25.8631632322483,-0.974190701266302,0.225726554854033
2633,-200.196844974309,-25.6432045145286,-0.972649214010214,0.232278941114587
2634,-199.662546201868,-25.4024159443073,-0.971168314683342,0.238394850101919
2635,-199.12820537078,-25.1425405294957,-0.969492368592166,0.245121494858269
2636,-198.586904389601,-24.8892680858832,-0.967777480396965,0.251806966616299
2637,-198.010183537041,-24.6147033023078,-0.966042568380379,0.258382963983776
2638,-197.451153416313,-24.324599351604,-0.964536167756358,0.263950717161139
2639,-196.893779580234,-24.0272805220998,-0.963490262856297,0.267743372244962
2640,-196.326532159575,-23.7192939892495,-0.962604026990078,0.270912323866016
2641,-195.759854385034,-23.4133452553806,-0.961696265946219,0.27411729618012
2642,-195.200211174477,-23.0924820077504,-0.961235012651503,0.275730394503155
2643,-194.635797412096,-22.76587749952,-0.961000255082777,0.276547481873976
2644,-194.071417838153,-22.4375046091753,-0.960882673808527,0.276955749488209
2645,-193.510133880697,-22.1127141423451,-0.960925983113724,0.27680544607526
2646,-192.938723377599,-21.7822319718769,-0.961109103724147,0.276168953248853
2647,-192.377753770264,-21.452898887483,-0.961495433207299,0.274820908814284
2648,-191.799826108412,-21.1371400293856,-0.962116406963876,0.27263899106863
2649,-191.205038236736,-20.8044728262027,-0.963050937474758,0.269319312023833
2650,-190.610172602998,-20.4615643010583,-0.964795105061076,0.263002671564733
2651,-190.014985398267,-20.1175508057624,-0.967017777976172,0.25470888692393
2652,-189.399832942868,-19.7916664772039,-0.969105583890531,0.24664623912031
2653,-188.755996989953,-19.4847486505929,-0.971230392033167,0.238141818232543
2654,-188.102397671496,-19.1899465364033,-0.973739832848546,0.227663650862596
2655,-187.460966958532,-18.8833348632674,-0.976436141163947,0.215806538892732
2656,-186.818999509091,-18.5878942195838,-0.979010119468827,0.203811643380923
2657,-186.165941100273,-18.3305629387015,-0.981460162797378,0.191666243354806
2658,-185.508337192299,-18.1000111090944,-0.983478628325413,0.181024273585516
2659,-184.842998943681,-17.8775728270806,-0.985068301305969,0.172163996707132
2660,-184.185133671682,-17.6473617170912,-0.986640643492714,0.162911757121099
2661,-183.517480764461,-17.4334472962597,-0.988230602821974,0.152971486382655
2662,-182.849968124675,-17.2578429425701,-0.989724330362142,0.14298863552468
2663,-182.179327050221,-17.0837059686258,-0.991247312978543,0.132018046163464
2664,-181.504036364321,-16.9096479886824,-0.99261941854761,0.121271142165825
2665,-180.821093233935,-16.7662172569742,-0.994174127954339,0.107785914229223
2666,-180.133535602489,-16.6343464579314,-0.995534543105898,0.094397952747564
2667,-179.439989820078,-16.5210402975784,-0.996724612250091,0.080870559135611
2668,-178.749927175986,-16.4264577346752,-0.997718050486195,0.067518084496131
2669,-178.059159200185,-16.3376129680249,-0.998500768988354,0.054737686557499
2670,-177.369318241095,-16.289023064362,-0.99910497553822,0.042299501826533
2671,-176.670221988767,-16.2690023276163,-0.99950931459437,0.031322995372292
2672,-175.972546716908,-16.2456760367092,-0.999738713818132,0.022858348437001
2673,-175.267716597089,-16.2423583227885,-0.999821893411008,0.018872770226637
2674,-174.57026880252,-16.2585290198147,-0.999858832895514,0.016802210593264
2675,-173.860658840558,-16.2671679182842,-0.999868875257087,0.016193587994285
2676,-173.144631026174,-16.2590366292929,-0.999885050857541,0.015161961337928
2677,-172.434270399071,-16.2687271466221,-0.999932594981503,0.011610576796915
2678,-171.723547131213,-16.2761853604434,-0.999957971633074,0.00916814962072
2679,-171.021799180957,-16.3052780369442,-0.999983478687365,0.005748247760601
2680,-170.310620521836,-16.3134148879984,-0.999996141642614,0.002777894865622
2681,-169.581322862438,-16.3288642804745,-0.999999611923407,0.000880995479341
2682,-168.863951383498,-16.3610890368136,-0.999999843972503,0.000558618806211
2683,-168.14365864718,-16.404756601631,-0.999999987755322,0.000156490754534
2684,-167.427159322549,-16.4248779972985,0.999999992289116,0.000124184412711
2685,-166.701308510645,-16.4446298433157,0.999999984848806,0.000174075813537
2686,-165.976120881397,-16.4796167044284,0.999999966472223,0.000258950869647
2687,-165.241608738084,-16.5124354518064,-0.999999537115219,0.000962169085305
2688,-164.506023142672,-16.5260950032881,-0.999975696864442,0.006971777425678
2689,-163.785166752571,-16.56469188432,-0.999916067772822,0.012955979690391
2690,-163.066340657984,-16.5852586059982,-0.999817405890955,0.019109026073602
2691,-162.342597016783,-16.5818504025883,-0.999730873150263,0.023198734237288
2692,-161.627258665544,-16.579025743958,-0.999641122545416,0.026788544494633
2693,-160.906119023041,-16.5659812886552,-0.999552546372477,0.029911653921139
2694,-160.195134065587,-16.5629379725395,-0.999455409123727,0.032998260156003
2695,-159.478697998177,-16.5516576702739,-0.999325872614818,0.036712400120846
2696,-158.760939523066,-16.5232978429655,-0.999190764727533,0.040222079548532
2697,-158.044938660687,-16.5021064901224,-0.999023819254573,0.04417475027667
2698,-157.31749568999,-16.4755711441557,-0.998773055270044,0.049521551536096
2699,-156.594203026298,-16.4376829103671,-0.998437052582455,0.055887852262007
2700,-155.868743241944,-16.3869097976925,-0.998096615365713,0.061669655386654
2701,-155.148218156889,-16.3351017482298,-0.997754984474908,0.066970075074447
2702,-154.424026224729,-16.2635133932109,-0.997307986225379,0.07332653415429
2703,-153.710652193188,-16.190997639022,-0.996828787012197,0.079576186034464
2704,-152.996443280655,-16.1033174969913,-0.996360092257182,0.085244158493468
2705,-152.286019471135,-16.0055065339945,-0.99592847993951,0.090146895927578
2706,-151.584221062269,-15.9208367140155,-0.995571538008191,0.094006982230068
2707,-150.873296150891,-15.8305570997955,-0.995302270676938,0.096816269218204
2708,-150.176717515515,-15.7027551273742,-0.995012852824424,0.099746793002085
2709,-149.469295413155,-15.5779850399301,-0.994643463624821,0.103365275931614
2710,-148.748656224145,-15.4716956366754,-0.994282112649397,0.106785207147116
2711,-148.043290956294,-15.3492938616488,-0.99392402963784,0.110068266582507
2712,-147.321610695211,-15.2065804322138,-0.993431447017331,0.114428842854637
2713,-146.584020116427,-15.0845414095888,-0.992874605289615,0.119163829121888
2714,-145.861219639352,-14.9492403786819,-0.992365197847735,0.123334156261051
2715,-145.132391274967,-14.7769725718756,-0.991747643058711,0.128205352803585
2716,-144.375533464984,-14.6196649779256,-0.991574454195164,0.129538032205072
2717,-143.620392868712,-14.4553999586771,-0.991526580538937,0.129903964853898
2718,-142.851808599107,-14.2960044685495,-0.991512552095975,0.130010995827763
2719,-142.091225137485,-14.1360183723587,-0.991491907973561,0.13016833878846
2720,-141.32603701585,-13.9760506578836,-0.991462973085049,0.130388546281315
2721,-140.555260753273,-13.7950766148155,-0.991423832564034,0.130685822582415
2722,-139.561644578188,-13.5597233077946,-0.991416328058635,0.130742741514522
2723,-138.775171744691,-13.4008262111108,-0.991456621250832,0.130436835970077
2724,-137.996018006801,-13.2244125926928,-0.991288312065814,0.131709841552216
2725,-137.227140629152,-13.041281526936,-0.990977106116393,0.134031246928388
2726,-136.450951574504,-12.8636409077926,-0.990709412637279,0.135995807699716
2727,-135.695265434032,-12.6895164426472,-0.990508282540666,0.137453054598072
2728,-134.961597792656,-12.5098536085888,-0.990455973393536,0.137829477141373
2729,-134.230937169858,-12.331611944491,-0.990195613068148,0.139687679702234
2730,-133.494549153199,-12.1641725811113,-0.990178561299724,0.139808500250908
2731,-132.759135253216,-11.9773409512981,-0.990055144243309,0.140679818585899
2732,-132.026242460679,-11.7988083647591,-0.990001104152861,0.141059610718718
2733,-131.2746686852,-11.6240856503212,-0.989917192255254,0.14164728192759
2734,-130.52240293827,-11.4332395026088,-0.989645388438406,0.143533986019326
2735,-129.753618867786,-11.2371702212136,-0.989415180105168,0.145112374997646
2736,-128.985146167939,-11.0452110664684,-0.989367601719978,0.145436407638729
2737,-128.212719743217,-10.8442920020462,-0.98934678100132,0.14557797540262
2738,-127.431822656639,-10.6420518506861,-0.989333128524481,0.145670727340683
2739,-126.667621538697,-10.4366510889739,-0.989310655307436,0.145823274188902
2740,-125.879339247087,-10.2324902781567,-0.989288288339845,0.145974938101097
2741,-125.089869124127,-10.0284281619303,-0.9892468037332,0.146255807760401
2742,-124.311672454616,-9.82509315515504,-0.989298095424085,0.145908458940114
2743,-123.529220534706,-9.61647625303064,-0.989548462767768,0.144200692903841
2744,-122.741358002356,-9.41772152839503,-0.98966671117651,0.143386891970887
2745,-121.970138104729,-9.23197453401745,-0.989718744019183,0.143027297174671
2746,-121.184472094455,-9.03082442291213,-0.989901428707502,0.141757403485132
2747,-120.402949268725,-8.83183384656128,-0.990290019220546,0.139016825716063
2748,-119.620642018474,-8.64514238412457,-0.990661062166713,0.136347570226685
2749,-118.839674480561,-8.46515134389053,-0.990710720980709,0.135986276270376
2750,-118.070801621183,-8.27027823737724,-0.990716851021649,0.135941609162712
2751,-117.299200002177,-8.07803630639774,-0.990677124839449,0.136230812666751
2752,-116.540130160459,-7.91182722237446,-0.99068200031735,0.136195353251179
2753,-115.785714510036,-7.72194847036389,-0.990656647270212,0.136379643713212
2754,-115.049505534514,-7.54563935375004,-0.99069369381308,0.136110267941089
2755,-114.348516586647,-7.37499837517672,-0.990721616470246,0.135906874949659
2756,-113.665163668006,-7.21675059871153,-0.990804939292895,0.135298086730014
2757,-113.012059675711,-7.06500137726151,-0.991026332620066,0.133666779917908
2758,-112.362691997063,-6.91085030594708,-0.991264516764461,0.131888808485484
2759,-111.731471209461,-6.76828467224534,-0.991415673471507,0.130747705123411
2760,-111.108973731296,-6.62154150995248,-0.991445527345222,0.130521133565237
2761,-110.480453356744,-6.48037633226453,-0.991451454064468,0.130476105986698
2762,-109.861851822736,-6.3403926060302,-0.991437552572312,0.130581696073471
2763,-109.246378308224,-6.20917688509165,-0.991448860684086,0.130495810845517
2764,-108.626150947059,-6.06968814133213,-0.991434951640449,0.130601442050619
2765,-108.02153674759,-5.9308487176391,-0.991409445880219,0.130794918171456
2766,-107.40887150162,-5.80076732921851,-0.991427630514839,0.13065700689872
2767,-106.800023715682,-5.66591595276375,-0.991401760284889,0.130853160848422
2768,-106.198301176479,-5.5257187705456,-0.991391789293882,0.1309286833382
2769,-105.598390674745,-5.38283427244294,-0.991378583241031,0.131028640727917
2770,-104.997147523516,-5.24668275927092,-0.991373930469909,0.131063839348019
2771,-104.401838138832,-5.12247672299099,-0.991368668545443,0.131103634680494
2772,-103.642682428918,-4.95061515706324,-0.991383811113247,0.130989079936355
2773,-103.044826253789,-4.80029936006951,-0.991363484413326,0.131142829662431
2774,-102.451325608486,-4.67638600252656,-0.991357589087915,0.131187387190221
2775,-101.85705774524,-4.54000419171924,-0.99133470140771,0.131360229083566
2776,-101.257253557429,-4.40569559218062,-0.991273283602811,0.131822900951621
2777,-100.666954159246,-4.2746282567126,-0.991176969669027,0.132545142490113
2778,-100.0658678885,-4.14246890545153,-0.991081596761936,0.133256401571596
2779,-99.4665997956285,-3.99720850687566,-0.990965890420076,0.134114145502797
2780,-98.8777914156948,-3.85197398665819,-0.990710503891925,0.135987857833736
2781,-98.2815066178821,-3.71662086537093,-0.990270417315455,0.139156388965346
2782,-97.6782389942952,-3.57176400990332,-0.989900463080908,0.14176414635656
2783,-97.0825436349397,-3.42570162978681,-0.989829937033991,0.142255740661969
2784,-96.4922257331653,-3.27368677583635,-0.989690678011655,0.143221373603351
2785,-95.8872803266337,-3.12738393475302,-0.989639582744197,0.14357400971587
2786,-95.2895147767509,-2.97500260190643,-0.989580812506706,0.143978524504761
2787,-94.6811365972186,-2.81649423977961,-0.989574269552772,0.144023487803542
2788,-94.0537115931023,-2.66627889810589,-0.989554952183771,0.144156153557782
2789,-93.4263261836645,-2.5073688005926,-0.989499807278288,0.144534187638191
2790,-92.7759939622308,-2.35435064508506,-0.989493262717839,0.144578985457797
2791,-92.1236136862031,-2.19531939934825,-0.989458448416707,0.144817053059376
2792,-91.452758758242,-2.02548252763547,-0.989459254018671,0.144811548699734
2793,-90.7719794471251,-1.85672932863804,-0.989448689249747,0.144883716621147
2794,-90.0750674733692,-1.67692486589406,-0.989431290411159,0.145002488100408
2795,-89.3735122166699,-1.50187034821233,-0.989389771721754,0.145285510675961
2796,-88.6459274571659,-1.30287187403684,-0.989347374873301,0.145573939396128
2797,-87.9239275026337,-1.1238246496345,-0.989304489335374,0.145865099941263
2798,-87.1942198212581,-0.944631583130787,-0.989312363984824,0.145811681516806
2799,-86.4585819913601,-0.751938085803631,-0.989300101454934,0.145894856870481
2800,-85.716410923509,-0.562464852801616,-0.989321943231546,0.145746672828432
2801,-84.9694789101463,-0.375226367867858,-0.989339933241023,0.145624505131001
2802,-84.218299180412,-0.17369872403824,-0.989339895249853,0.145624763234177
2803,-83.4646576766344,0.011697123255465,-0.989326600764881,0.145715054194842
2804,-82.7136485151535,0.202023426151098,-0.989308329183548,0.145839054467781
2805,-81.9542119192084,0.394832313251135,-0.989311489388844,0.145817615407833
2806,-81.1697424770246,0.583576914296797,-0.989356237796876,0.145513692594242
2807,-80.3970770601038,0.776883868966814,-0.989352231998559,0.145540925651409
2808,-79.605244620152,0.976948305098835,-0.989379785979278,0.145353497018813
2809,-78.8135259232158,1.18138916941979,-0.989383404895377,0.145328861956703
2810,-78.0277384333918,1.37995804684574,-0.98940124649535,0.145207346348066
2811,-77.2448308375687,1.58176904334531,-0.989424722168223,0.145047299741617
2812,-76.4444679975616,1.78087498903399,-0.989517387246192,0.144413781674293
2813,-75.6472800638902,1.99418878267529,-0.989549757992766,0.144191804401147
2814,-74.8518918418626,2.19350042812837,-0.989750631959687,0.142806465313724
2815,-74.0478348030019,2.38248010979077,-0.990025823097104,0.140886016342651
2816,-73.2553384471892,2.59146400643396,-0.990085462508696,0.140466283957901
2817,-72.4631300721876,2.79803019200841,-0.990149964075398,0.14001088758196
2818,-71.6561298341389,2.99161879260378,-0.990319774172136,0.138804700509922
2819,-70.8616157821677,3.18289986154403,-0.990384159694818,0.138344556183426
2820,-70.0583664642928,3.36236951073151,-0.990524061326106,0.137339302219126
2821,-69.2566904102651,3.562567588994,-0.990559769057306,0.137081522916605
2822,-68.4589454525154,3.75948202397878,-0.990614673339367,0.136684194275484
2823,-67.6618345879946,3.94624982735299,-0.99069185106102,0.136123679943244
2824,-66.8525517915741,4.13657324929181,-0.990755813535145,0.13565735492893
2825,-66.0526633735132,4.32202420514012,-0.990837908444675,0.135056429646954
2826,-65.2483159883648,4.50934398354841,-0.990894959619158,0.134637212542992
2827,-64.4523738879053,4.70346702556255,-0.990950056043513,0.134231093370197
2828,-63.6599449132134,4.88704838450554,-0.991029769295464,0.133641297397847
2829,-62.8629607637537,5.05506381071216,-0.991075910571094,0.133298685236118
2830,-62.0674255217508,5.24371846746418,-0.990690006008671,0.136137107338664
2831,-61.2679120102707,5.43019381243998,-0.990510682265881,0.137435760692691
2832,-60.4689271552091,5.6187424959091,-0.990486394252688,0.137610692899604
2833,-59.6744678793505,5.82341874226489,-0.990532772386539,0.13727646130432
2834,-58.8714871659736,6.0056513573274,-0.990590579481214,0.136858700282709
2835,-58.0820696162428,6.20235043439447,-0.990621304524667,0.136636126342365
2836,-57.2771057952798,6.39459397402047,-0.990688510664678,0.136147988736528
2837,-56.476624865003,6.5769812666008,-0.990738026654466,0.135787195791115
2838,-55.6761160690479,6.76753124983611,-0.990396336249882,0.138257358367687
2839,-54.887830347776,6.96055270007678,-0.990231101957543,0.139435880303281
2840,-54.0761056158525,7.15778312279572,-0.990247358877428,0.139320379831087
2841,-53.2631419026311,7.35351109324744,-0.990103779931337,0.140337111861685
2842,-52.4752863709433,7.54792297538935,-0.989689336229945,0.143230645298868
2843,-51.6681676101467,7.74429462165937,-0.989665609792888,0.143394493594669
2844,-50.8617976663031,7.94822761840392,-0.989670053842143,0.143363818755256
2845,-50.0540842059414,8.16848808968391,-0.9897595768498,0.14274445710466
2846,-49.2655009847743,8.35204956292832,-0.989818846910515,0.142332885521019
2847,-48.4559289452911,8.55878285016013,-0.989884401991492,0.141876251338787
2848,-47.6430344262523,8.76996917774743,-0.989922752535031,0.141608417876438
2849,-46.8428539756031,8.99172312351718,-0.989945905746993,0.141446469361262
2850,-46.0391730505221,9.1764569770209,-0.990040536165768,0.140782586808879
2851,-45.2457831897663,9.34545716917774,-0.990189219075189,0.139732996916503
2852,-44.4513834292023,9.54417515609697,-0.990300576725436,0.138941598296795
2853,-43.6422183325936,9.74550629322703,-0.990343919588137,0.138632322835644
2854,-42.8520387099629,9.94799070365436,-0.990427045154816,0.138037198703469
2855,-42.0449904797654,10.1358729025075,-0.99053671615213,0.137248001641392
2856,-41.2561244972584,10.3269447282656,-0.99061074638504,0.136712651742527
2857,-40.4523317919623,10.5140160976832,-0.99067229949508,0.136265898203221
2858,-39.6561762517092,10.7017163174116,-0.990749585747637,0.135702830998049
2859,-38.8596374130907,10.8913461212199,-0.990828764098665,0.135123499935109
2860,-38.0623985626735,11.0660540193964,-0.990921557287197,0.134441315463349
2861,-37.2733741666148,11.2579932838415,-0.990996507420131,0.133887722667547
2862,-36.4721128758432,11.4671076769052,-0.991081371147296,0.133258079547905
2863,-35.659868684373,11.657718240264,-0.991167283013361,0.132617559485582
2864,-34.8774476117539,11.8357744529675,-0.991258221935775,0.131936111223301
2865,-34.097956537299,12.004137349847,-0.991353845999507,0.131215669879729
2866,-33.2919493164167,12.1821611705426,-0.991417966878731,0.130730313814521
2867,-32.4892558138765,12.3737101077747,-0.991471875119106,0.130320838118101
2868,-31.7029897609374,12.5573217871719,-0.991391591262627,0.130930182821827
2869,-30.9361884697646,12.7254448987779,-0.991481876739947,0.130244723870998
2870,-30.1119923439505,12.9169485144317,-0.991517923169628,0.12997002744244
2871,-29.3201448526282,13.0946185215887,-0.991376207600902,0.131046613854967
2872,-28.5347891058764,13.2642110445134,-0.991265758035743,0.131879478865456
2873,-27.7420223333684,13.444014712791,-0.991263840332873,0.131893892385219
2874,-26.9381582399692,13.6346038283305,-0.991169016996409,0.132604599265535
2875,-26.1303264943141,13.820772806306,-0.99066683223961,0.136305640016605
2876,-25.3391977290028,13.991114598832,-0.990672943562202,0.136261215662427
2877,-24.565047351912,14.1877203248926,-0.990636501279585,0.136525903522159
2878,-23.7774860946964,14.3936943304344,-0.99063505159879,0.136536422041387
2879,-22.9872949069396,14.5839852975449,-0.990361195590764,0.138508852670261
2880,-22.1927803530201,14.7602948987441,-0.990474086202333,0.137699254034482
2881,-21.4374903181951,14.9534786322732,-0.989962045663727,0.141333464350413
2882,-20.6370091184817,15.1634687337595,-0.989222519604896,0.146419966898441
2883,-19.8673694662062,15.3387216876193,-0.988875480720046,0.148745701217541
2884,-19.1225700662876,15.5414111791549,-0.988608376945004,0.150510720661902
2885,-18.3795422149723,15.7501057987354,-0.988636415211759,0.15032643984756
2886,-17.642285840102,15.9436489229852,-0.988682570407499,0.150022581541649
2887,-16.9050821214236,16.1389526665464,-0.988783842078539,0.149353652932905
2888,-16.1655145346454,16.3348531788074,-0.988878779458459,0.148723769239317
2889,-15.443983983632,16.5321871818483,-0.988978182098617,0.148061322879797
2890,-14.7046728707306,16.7221052954129,-0.989090982362223,0.147305901476256
2891,-13.9570150544809,16.9086365900525,-0.989193618730006,0.146615090164129
2892,-13.217282907964,17.0940904500719,-0.989328252393581,0.145703840086195
2893,-12.4681879751172,17.2805700576235,-0.989420459637412,0.145076373165624
2894,-11.7137580107478,17.4797069328505,-0.989529415967727,0.144331337326896
2895,-10.9525790580971,17.668210505047,-0.989632502075135,0.143622807508098
2896,-10.1901873979938,17.8543286150651,-0.989678761864712,0.14330369260396
2897,-9.43906062924653,18.0522063176692,-0.989453107696009,0.144853538688947
2898,-8.66876506117343,18.2429211837601,-0.989355863926473,0.145516234538632
2899,-7.89510257865862,18.439342841175,-0.989233635007107,0.146344850851086
2900,-7.11891650804778,18.6522869503885,-0.989127030107968,0.147063653938664
2901,-6.35373800755337,18.8581426216859,-0.989005108962787,0.147881352595606
2902,-5.58006869354348,19.0532152743004,-0.988891679848185,0.148637967986093
2903,-4.79476741811545,19.2558455016273,-0.988755690340078,0.149539910459102
2904,-4.01021211951395,19.4754533835142,-0.988528509516014,0.151034386396106
2905,-3.23246353990108,19.6896788332376,-0.98837524106694,0.152034150261937
2906,-2.44493053295668,19.8897765005444,-0.988430461931103,0.151674724086333
2907,-1.65960158697204,20.0972500860138,-0.988480592328903,0.151347674541439
2908,-0.886617236528779,20.3095622761316,-0.98856996348966,0.150762817982595
2909,-0.107234351307761,20.5181033842429,-0.988656885733811,0.150191751741306
2910,0.671634694996844,20.7306009663919,-0.988732314970683,0.14969438644356
2911,1.44313390532701,20.933873688899,-0.988798347995877,0.149257586073956
2912,2.25011680028628,21.1497127809176,-0.988777515390265,0.149395532258008
2913,3.03605884451066,21.3541583709132,-0.988473625243517,0.151393170909192
2914,3.82971334272257,21.5531364407411,-0.988206054105533,0.153129992585295
2915,4.61378778512171,21.7644529564894,-0.98794289294941,0.154818733591098
2916,5.37957663699987,21.9860587550444,-0.9877234012339,0.156212940100799
2917,6.17228138516212,22.2118748439228,-0.98750085400496,0.157613652135448
2918,6.95387911553672,22.4249627267147,-0.987333778439609,0.158656893805993
2919,7.73617499159352,22.6421665009262,-0.987130753822335,0.159915211465792
2920,8.51034224109152,22.872229392747,-0.986932575375446,0.161133769467453
2921,9.29097465755971,23.1038648419038,-0.986856155078191,0.161601142274087
2922,10.0681418864452,23.3338118240815,-0.986775796626441,0.162091107690249
2923,10.8482232453787,23.54367680468,-0.986714034312066,0.162466656553297
2924,11.6246218630094,23.7719266996846,-0.986603199764439,0.163138365244261
2925,12.397478882519,24.0067939177124,-0.986517469344357,0.163655988825355
2926,13.1754799489452,24.233273724401,-0.986434672590057,0.164154307625928
2927,13.9473341482914,24.4683321053677,-0.986319700619744,0.164843708309961
2928,14.7375030122637,24.6951764864399,-0.986257787012417,0.165213732956343
2929,15.4904170426605,24.9125049496452,-0.98617004891688,0.165736642355508
2930,16.2816591942202,25.1609380994821,-0.986022799493635,0.166610440485389
2931,17.0511117656698,25.3912854310816,-0.985911639018609,0.167266972375422
2932,17.8294576774512,25.609006538096,-0.986005630039472,0.166712019754015
2933,18.6009940803365,25.8467835415256,-0.985967406730332,0.166937931176423
2934,19.3655685852187,26.0895884045274,-0.985814842994105,0.167836513704581
2935,20.1392351127084,26.3267084802323,-0.985412725520393,0.170181551240053
2936,20.9160581639641,26.5677110454937,-0.984974854367968,0.17269781777081
2937,21.6863252325285,26.8129928673169,-0.984577370066217,0.174949713785109
2938,22.4586285790053,27.047424658071,-0.984240489230072,0.176835119136865
2939,23.2186629957934,27.2898839485672,-0.983889134625386,0.178779671009066
2940,23.9816921816569,27.5432800785774,-0.983523583416507,0.180779868523996
2941,24.7427676451589,27.7993336357545,-0.983223295597878,0.182406005914408
2942,25.5120786519274,28.0490239891432,-0.982978344153584,0.183721460164776
2943,26.283901564091,28.3158139374034,-0.982749846593534,0.184939825403794
2944,27.0457772799117,28.566627204423,-0.982663773541863,0.185396623940311
2945,27.8162047757538,28.8262640205361,-0.982772351799299,0.184820195159713
2946,28.5737471914371,29.096669336726,-0.982850106719917,0.184406257270863
2947,29.3377531230399,29.3385780431139,-0.98301398570053,0.183530662062658
2948,30.0941365150397,29.5887633168191,-0.983103004738261,0.183053221972742
2949,30.8541602995993,29.8648009204392,-0.982950571212486,0.183869993617902
2950,31.6105815025428,30.1076898857903,-0.982605254570031,0.185706525710229
2951,32.3758437704087,30.3576072692617,-0.982205426641971,0.187809743823541
2952,33.1262016212315,30.6422327444077,-0.981802956066286,0.189902489345198
2953,33.886684491232,30.9052365942106,-0.981503690949234,0.191443215218067
2954,34.6414741194886,31.1658794850659,-0.98125701220678,0.192703596217151
2955,35.3955287917201,31.4461913369991,-0.980858254596004,0.194723096706271
2956,36.1379339683846,31.7148151167272,-0.980254955384814,0.19773776180466
2957,36.8922099859511,31.9852121494695,-0.979531001644589,0.201293360092049
2958,37.6477747092117,32.2787237660609,-0.978739443886664,0.205107535162472
2959,38.3935038255906,32.5717776741746,-0.978325909914912,0.20707103609428
2960,39.1365223210915,32.8548680900786,-0.97844394994704,0.206512558485036
2961,39.8845898916635,33.1496662293828,-0.978837793854372,0.20463766349894
2962,40.6333748669975,33.436231154631,-0.979197959894454,0.202907257974029
2963,41.37666396084,33.7302202311258,-0.979406765764464,0.201896971683064
2964,42.125438239658,34.0179087276565,-0.979727288979252,0.200335816142211
2965,42.8741330911944,34.2886694246145,-0.980670028821826,0.195668839038307
2966,43.6090014175603,34.5666919463098,-0.981194312338804,0.193022593066153
2967,44.3429819064057,34.8340276672191,-0.981462284524181,0.191655378365896
2968,45.0699881673866,35.0841094284929,-0.981622377548824,0.190833717920587
2969,45.8355020938671,35.3648845659671,-0.981592574806362,0.190986955274482
2970,46.5764510360134,35.6239076070835,-0.981701736828225,0.190425050632646
2971,47.3201897448836,35.8750455328388,-0.981790196544902,0.189968444664693
2972,48.0596263363916,36.138149612655,-0.981172269382992,0.193134610553958
2973,48.7690599891892,36.3920866671758,-0.980357639948119,0.197228035013673
2974,49.4760505274973,36.6534737985473,-0.979963137251582,0.19917893871601
2975,50.1579864581438,36.9209402983823,-0.98002465335042,0.19887603884176
2976,50.8465674826821,37.165362065502,-0.980053040144644,0.198736102666928
2977,51.532156931892,37.4322550982362,-0.979497924220128,0.201454253984524
2978,52.2254413644903,37.6756394782907,-0.979157082178702,0.203104427374912
2979,52.9140753598149,37.9385715014992,-0.979245034268371,0.202679951797747
2980,53.6080051016764,38.2239413643394,-0.979312461364288,0.202353905365379
2981,54.3056657595368,38.4890124277027,-0.97873044342889,0.205150479174406
2982,55.0055819960172,38.7608846306525,-0.978007984492136,0.208567452565422
2983,55.7193130139462,39.0405311871066,-0.977569181113834,0.210614567721294
2984,56.4358752488739,39.315709562338,-0.977672288429682,0.21013542404047
2985,57.1425839665631,39.6062076872075,-0.977754239002751,0.209753779732694
2986,57.8765342931327,39.8883467468062,-0.977888223041321,0.209128245909267
2987,58.6066291387435,40.1749577992413,-0.977969383500908,0.20874837708316
2988,59.3328615039969,40.4575603335539,-0.977807830455256,0.209503810706118
2989,60.046413231405,40.7607725349445,-0.977516209177525,0.210860287382904
2990,60.7831446914718,41.0516516229969,-0.977085480072419,0.212847280066368
2991,61.5108739221458,41.3387185233448,-0.976335993769726,0.216259166903234
2992,62.2411040944313,41.6385207489154,-0.97539485829657,0.220465122884809
2993,62.9693236290798,41.9371129610284,-0.97447159959292,0.224510805055828
2994,63.6786106914792,42.2378295640888,-0.973656116301113,0.228021418269058
2995,64.383490282124,42.5567965653412,-0.973524373851875,0.228583231047936
2996,65.0735566842454,42.8515209293527,-0.973617088377834,0.228188004107731
2997,65.7259667613673,43.1452602805363,-0.973745003371975,0.22764153489228
2998,66.3676579384245,43.4247893293979,-0.973866233483855,0.227122344299211
2999,67.0067036933918,43.7100367106049,-0.973983025265207,0.226620975408799
3000,67.6491222796887,44.003397708177,-0.974117041411768,0.226044220521524
3001,68.288460558719,44.269653552454,-0.97427309054809,0.225370683616734
3002,68.9162040358792,44.5461437609856,-0.974428852216567,0.224696266030177
3003,69.5397761649367,44.8239528546951,-0.974572555864846,0.224072161044299
3004,70.1620990829859,45.0926133308616,-0.974702251252781,0.223507318454589
3005,70.8028528875791,45.364850564105,-0.974371547526539,0.224944631789109
3006,71.4260046837615,45.6351957961816,-0.973838521398643,0.227241136769082
3007,72.0483438070288,45.9009600597581,-0.973403695553525,0.229096585489047
3008,72.6529705455037,46.1679534997826,-0.973102563331549,0.230372310049558
3009,73.2585720799433,46.4433572494426,-0.972799246299993,0.231649792570952
3010,73.8936014614522,46.7296734282878,-0.972638523603854,0.232323701764835
3011,74.5071642072085,47.019025031397,-0.972579776010748,0.232569514973228
3012,75.1146045978075,47.2916600194477,-0.97257963554057,0.232570102403064
3013,75.7140441525487,47.5593153428291,-0.972539432228546,0.232738163524113
3014,76.3183214942668,47.8273570289805,-0.972457096117142,0.233081951706724
3015,76.9159596319267,48.0883117673787,-0.97231758577371,0.233663245708829
3016,77.5060607408939,48.363670217098,-0.972190974867443,0.234189471126032
3017,78.1035813729532,48.6500170066674,-0.972159509644809,0.234320054214668
3018,78.7173213738126,48.9075369568362,-0.972280381353085,0.233818006226852
3019,79.3157508196117,49.1773803455024,-0.97248745076256,0.232955270619358
3020,79.9117017738563,49.4520793015272,-0.972530536018592,0.232775334843258
3021,80.5064169409361,49.7263895927633,-0.97229807901552,0.233744402163411
3022,81.1073205127617,49.9984990050032,-0.971664643585538,0.23636374596327
3023,81.7120909089754,50.2610689728323,-0.970683989194361,0.240359300052489
3024,82.3068487733644,50.5429268334202,-0.969772824280481,0.244009568023589
3025,82.9006105334189,50.843008871327,-0.969086683819812,0.246720488089498
3026,83.4946821278984,51.1269187714735,-0.968518626785687,0.248941096585453
3027,84.1094326802304,51.4199550221303,-0.967851235460112,0.251523330962229
3028,84.7176213287893,51.7348069107629,-0.967117273900952,0.254330844614631
3029,85.331472018726,52.0602930801163,-0.966225449883885,0.257698234368582
3030,85.9587579890143,52.3830212611816,-0.965013603921852,0.262199817402224
3031,86.5918550412129,52.6969138818825,-0.963720811647617,0.266912339911924
3032,87.2014620244202,53.0333753385646,-0.962442885099224,0.27148424065106
3033,87.8017723766972,53.3736473544107,-0.961526825236304,0.274711056113498
3034,88.407488955256,53.7072610857964,-0.960735692274229,0.277465186267319
3035,89.003856682505,54.0461464349585,-0.959822070309801,0.280609325123395
3036,89.6043793752839,54.3981165745736,-0.958941349869332,0.283604456084145
3037,90.2144667811879,54.7545181752703,-0.958019804427586,0.286702030555295
3038,90.8088267873129,55.1026918842566,-0.956675685303097,0.291155685415636
3039,91.4059691894003,55.4697596666907,-0.955316659238703,0.29558430367833
3040,91.9842755870858,55.8293447959472,-0.954086994920642,0.299529641476932
3041,92.5809153212103,56.2060105432831,-0.953085688584033,0.302700628040808
3042,93.1635457935963,56.5860238413844,-0.951989075464548,0.306131997994583
3043,93.7513904598972,56.9677563000057,-0.95146849927972,0.307746153312105
3044,94.3215054637398,57.3386704564473,-0.95160145138904,0.307334797434772
3045,94.8883099310511,57.7269865330316,-0.951769477103751,0.306814051916876
3046,95.4739809448714,58.09774387231,-0.951996807654941,0.306107951897368
3047,96.0267551779794,58.474570302104,-0.951722188561687,0.306960707256405
3048,96.6191379838427,58.8679277317217,-0.951283933305539,0.308316198463108
3049,97.1858432398926,59.2582469621933,-0.950252523992277,0.3114805622287
3050,97.7688259284305,59.6525620497741,-0.948955757939306,0.315409209557737
3051,98.3435878499627,60.0245419643023,-0.948048205974231,0.318126702980183
3052,98.8988527768311,60.4185513770281,-0.946519922432638,0.322645372565784
3053,99.4369992912617,60.8143420237586,-0.943838692501254,0.330406601837075
3054,99.9609671909758,61.1947321933466,-0.941113492781857,0.338090806890594
3055,100.488519439253,61.5815932402431,-0.938376714902338,0.345614150360044
3056,101.019355936502,61.9549026358177,-0.935669688620171,0.352877080294869
3057,101.502530718249,62.3495989847169,-0.932599310366274,0.360913460963081
3058,102.010062937296,62.7905832525894,-0.92939339411869,0.369090664970739
3059,102.518821743156,63.2147531771955,-0.926532204338373,0.376215462632618
3060,103.040575604556,63.6419665691232,-0.923873121428747,0.382698909720819
3061,103.551266653519,64.0924062591377,-0.921199363944923,0.389090904375147
3062,104.036574791345,64.5640336404173,-0.918206890336773,0.396101131705116
3063,104.543375698636,65.0512326895787,-0.915202196443517,0.402994962282363
3064,105.053520063443,65.5622448625232,-0.912237142112278,0.409662539843253
3065,105.56797597008,66.0745475241606,-0.909763483933767,0.41512697250443
3066,106.077964783364,66.6157425014738,-0.908150331268718,0.418644211492908
3067,106.571169864756,67.1850210712244,-0.906965800292989,0.421204270038777
3068,107.083258341511,67.7305759806815,-0.907154788561931,0.420797088380086
3069,107.625402485914,68.3019512223401,-0.907454128963738,0.420151167827323
3070,108.147702583915,68.8619456351927,-0.907836374712487,0.41932459592646
3071,108.675820780765,69.4378841128209,-0.908189990698962,0.418558168949334
3072,109.212284477326,70.0134386018239,-0.909306417757928,0.416127190440909
3073,109.728873926942,70.5751005569398,-0.910534391400586,0.41343333450118
3074,110.257568073745,71.1245823388647,-0.912007902460254,0.410172629328247
3075,110.778918318196,71.6703709114878,-0.9139973967424,0.405720049724088
3076,111.300597662418,72.2100453315475,-0.917376661247748,0.398020177124143
3077,111.825590955718,72.7251928980481,-0.920682551303243,0.390312233635779
3078,112.383367861734,73.2549477579664,-0.923753245989794,0.382988172824332
3079,112.939694024115,73.7817256676483,-0.926932770987567,0.375227448448686
3080,113.510981678493,74.3162702774356,-0.9304409248893,0.366441926219072
3081,114.109784209213,74.8276891115971,-0.934465266160843,0.356054302514302
3082,114.738144268194,75.3144368008719,-0.938681591945114,0.344785250472502
3083,115.343804737698,75.8033604279553,-0.94288770926149,0.333110743933035
3084,115.953826905573,76.2820190014962,-0.947094451566127,0.320954980974992
3085,116.588471917822,76.7154271609724,-0.951546774427151,0.307504042375519
3086,117.202414841504,77.1227261236519,-0.955574418395399,0.294749946409318
3087,117.878044140259,77.5592588778369,-0.959208525029372,0.28269949683538
3088,118.543795710394,77.9632442192901,-0.962741360038767,0.2704238777747
3089,119.225042814101,78.3358958043834,-0.966027704078322,0.258438532253156
3090,119.921582014137,78.7057918221034,-0.968962526862646,0.247207648619447
3091,120.623499099716,79.0756596020134,-0.971377182251855,0.237542353698127
3092,121.34290306149,79.4194389047127,-0.974059603594415,0.226291600916804
3093,122.064737924772,79.7288663313222,-0.976598499762731,0.215070616917288
3094,122.790356891122,80.045578799487,-0.978793226536033,0.204850725376267
3095,123.53170727288,80.3499129818019,-0.980592419561236,0.196057406641628
3096,124.282970280375,80.6333498896447,-0.981349115620744,0.192234006539905
3097,125.035024316654,80.906519467125,-0.981571835062939,0.191093517972678
3098,125.802891143622,81.174315743667,-0.981700041457572,0.19043379059978
3099,126.55210579779,81.4392518102837,-0.981821107780627,0.189808620237391
3100,127.30650622999,81.7103874171911,-0.981925247863032,0.18926914066779
3101,128.05592142884,81.9755044031176,-0.981993181813965,0.188916359458053
3102,128.807385077955,82.2332765905955,-0.982079660932363,0.188466282350385
3103,129.548463945868,82.4986664296329,-0.982128612473314,0.188211021359653
3104,130.298550459429,82.7596155768768,-0.98221700532314,0.18774917963614
3105,131.044470405413,83.0206016651177,-0.982286903209861,0.18738313633404
3106,131.798584961259,83.2843248675873,-0.982317437452411,0.187223000929181
3107,132.547301304149,83.5532635861562,-0.98192542427056,0.189268225466083
3108,133.303399583051,83.8192034813766,-0.981369516320047,0.192129832243087
3109,134.067998310544,84.0772964431751,-0.980764149888528,0.195196522237034
3110,134.81308310848,84.3648747659676,-0.979897819732951,0.199500032287238
3111,135.564059142726,84.6501587496835,-0.978936200718282,0.204166390288058
3112,136.318682276725,84.9163576357651,-0.978105606020842,0.208109162389844
3113,137.054632964996,85.2096933421301,-0.97711486082734,0.212712361536344
3114,137.782503080658,85.5089043714707,-0.9760008191905,0.217766849955343
3115,138.502518707094,85.8145364775861,-0.974785532647127,0.22314382210103
3116,139.159640453632,86.1001861855239,-0.973466437439078,0.228829838918946
3117,139.846990980943,86.3767808279447,-0.972272941434979,0.233848941313348
3118,140.485562977374,86.6642386366099,-0.971368392182203,0.237578295871829
3119,141.095397638055,86.9619354494216,-0.971070473438198,0.238793081173879
3120,141.707189267679,87.2632502901402,-0.97119069147704,0.238303673468012
3121,142.313616174057,87.5307949093979,-0.971323341518069,0.237762415495327
3122,142.891014990721,87.8193394045747,-0.971257284501565,0.238032114015413
3123,143.508149840258,88.0864580019314,-0.970092257817907,0.242736505951936
3124,144.114714285273,88.35565961627,-0.968533995861748,0.24888129471713
3125,144.691192631593,88.6496250572635,-0.96678686692618,0.25558394695102
3126,145.254599747761,88.94013862697,-0.965073121593909,0.261980667181737
3127,145.82620475453,89.2323799354513,-0.963798196383156,0.26663277489569
3128,146.373411997506,89.5332985588071,-0.962501232437388,0.271277307485364
3129,146.903720629195,89.8324667571872,-0.96144263605091,0.275005559186497
3130,147.433590385142,90.1456658480568,-0.960861113071998,0.277030542334308
3131,147.971440509317,90.4470650144226,-0.960269311937159,0.279074987327303
3132,148.505770834159,90.753218012913,-0.959450735015454,0.281876368428263
3133,149.021535564643,91.0553740343443,-0.957776935827862,0.28751233225062
3134,149.564841847906,91.376695303581,-0.956072850348619,0.293129160654937
3135,150.091834087237,91.7032017150162,-0.954563703484506,0.298006939499643
3136,150.622394904454,92.030119729245,-0.952936890453134,0.303168736537117
3137,151.148643505271,92.3483513888524,-0.951567545652521,0.307439760052011
3138,151.65253598737,92.6951766576591,-0.951055831679019,0.309019101398814
3139,152.154789877247,93.0340831114431,-0.950744695088656,0.309975038931813
3140,152.665387739345,93.3729045220944,-0.950873076955295,0.309580993475972
3141,153.169378405358,93.7115003250308,-0.950857557545999,0.309628657035581
3142,153.67220047159,94.0375707796923,-0.950222582265142,0.311571892431533
3143,154.173293813486,94.3703987867291,-0.949597580295845,0.31347158642575
3144,154.662094759232,94.7028512642541,-0.948723798492448,0.31610623874587
3145,155.149790668797,95.0367412522858,-0.94775005874803,0.319013833780144
3146,155.621747491811,95.362648928634,-0.946693267600691,0.322136395148898
3147,156.093163920558,95.6913701551233,-0.945480918094438,0.325677499252403
3148,156.55926541726,96.0243959433465,-0.944200441985065,0.329371409438051
3149,157.012213747178,96.355719466645,-0.942762163804203,0.333465894056975
3150,157.466270698157,96.6911369887991,-0.942189758391581,0.335079780324051
3151,157.925046353792,97.0378796534212,-0.942051510099143,0.335468258289698
3152,158.392374234443,97.3889757265391,-0.941855395315681,0.336018473174828
3153,158.858543262994,97.7376638836672,-0.941690624724121,0.336479965683983
3154,159.346849332319,98.1039311823091,-0.940504526033086,0.339781159735616
3155,159.841567060755,98.4663509310882,-0.939257103576808,0.343214354857871
3156,160.319886629171,98.8486825870174,-0.938075191518807,0.346431717740963
3157,160.818958213801,99.2348972025123,-0.937230098053197,0.348711547418773
3158,161.322899697646,99.6349674246027,-0.936541844531308,0.350555806458679
3159,161.831419270579,100.05311232022,-0.936555147438527,0.350520264473253
3160,162.358829266287,100.4705427931,-0.936644181214128,0.350282283020019
3161,162.900057509307,100.887613271867,-0.936720134213023,0.35007911985712
3162,163.447265421364,101.318695476798,-0.93641199402552,0.350902518436601
3163,163.985780888213,101.764714431729,-0.936060082704734,0.351840193222443
3164,164.532707550551,102.203628379358,-0.935486492349532,0.353362452209583
3165,165.098371131677,102.639561497347,-0.935213151926545,0.354085244628489
3166,165.659052126366,103.10349189099,-0.934922146525292,0.354852899011041
3167,166.222437941674,103.555008299167,-0.934305058129571,0.356474484856208
3168,166.786312409975,104.007270000222,-0.933738890558623,0.357954863437211
3169,167.347711945476,104.466460178828,-0.933152610412005,0.35948046634172
3170,167.90315903382,104.935472282346,-0.932805702388222,0.360379690870638
3171,168.605478165552,105.526931520402,-0.932793654359147,0.36041087440213
3172,169.190550217316,106.006512581001,-0.932847574528346,0.360271290414018
3173,169.766834805732,106.478666944074,-0.932470179338905,0.36124695797151
3174,170.326381358078,106.961292701647,-0.932025104731027,0.36239371428202
3175,170.930094325884,107.462613303555,-0.931624967683024,0.363421132557816
3176,171.483098314969,107.929807705321,-0.931308721649499,0.364230785326524
3177,172.041634310728,108.421055113116,-0.930584458011051,0.366077268494341
3178,172.611918264436,108.911663389599,-0.929985932857556,0.367595109715922
3179,173.188096690367,109.401364982499,-0.929323059430193,0.369267722948142
3180,173.752969470976,109.912405192028,-0.928868651860339,0.370409270390411
3181,174.300977213904,110.407236797399,-0.928536708946255,0.371240596028046
3182,174.875280817362,110.889791947465,-0.928294530564914,0.37184575367115
3183,175.474109629464,111.396083751447,-0.92850074805501,0.371330527779883
3184,176.060706347326,111.911707983065,-0.928491075458938,0.371354712900085
3185,176.657323389959,112.468592127952,-0.927993729838273,0.372595809666254
3186,177.244015314636,112.974453853769,-0.927099722798063,0.374814759564982
3187,177.837315794098,113.497122231519,-0.926362142708121,0.376634014073636
3188,178.425178766065,114.021488866216,-0.925908425123561,0.377748048684843
3189,179.031586443219,114.55778329798,-0.925729915760453,0.378185302551731
3190,179.643834913489,115.098767173128,-0.925669754217483,0.378332533793944
3191,180.222884198306,115.628553178447,-0.925698394921958,0.378262450738783
3192,180.804955738579,116.139871281506,-0.925733176135213,0.378177321639744
3193,181.41858148936,116.684094600761,-0.925816033889358,0.377974432195326
3194,182.006990031839,117.226969914917,-0.925739980591473,0.378160664710781
3195,182.612022124386,117.765043080297,-0.92577674914557,0.378070642527902
3196,183.204758788366,118.300095330706,-0.925824263539425,0.377954273744432
3197,183.793849283268,118.824536516076,-0.925879113466103,0.377819887310374
3198,184.391708076363,119.369764840303,-0.925633760696448,0.378420587519958
3199,184.995751593773,119.902630753327,-0.925596828835805,0.378510911928707
3200,185.59223629605,120.444865782602,-0.925605235576047,0.378490353739974
3201,186.184137070292,120.980430928561,-0.925240017759719,0.379382273618569
3202,186.774818320589,121.501557637488,-0.924670003366968,0.380769464208109
3203,187.38556377604,122.06392812417,-0.924146547962266,0.382038162870448
3204,187.971194438695,122.604495411802,-0.923829504565554,0.382804188187856
3205,188.591501617044,123.149853033145,-0.923557941876597,0.38345890000972
3206,189.169317326693,123.684338482009,-0.923183753103504,0.384358892190267
3207,189.750233380552,124.23346431336,-0.923013262264638,0.384768134963891
3208,190.349638598293,124.773805094441,-0.922779315599616,0.38532886564791
3209,190.941043484572,125.317775165839,-0.92275458867801,0.385388075936031
3210,191.538712510004,125.889840575744,-0.922759873756302,0.385375421355922
3211,192.106118024491,126.424217031154,-0.922783943476834,0.385317782695457
3212,192.682649163011,126.957996680827,-0.922829880044839,0.385207752383603
3213,193.266582121902,127.499305603131,-0.922773828981245,0.385342004649496
3214,193.849166101044,128.043377120656,-0.922842269582374,0.385178069822327
3215,194.457534366448,128.611711814801,-0.922832364672453,0.385201799986772
3216,195.020202414968,129.112227603659,-0.922873661747473,0.385102849188123
3217,195.627718604459,129.667361781714,-0.922748988743477,0.38540148387479
3218,196.217834275956,130.216033166044,-0.922708512833749,0.385498379171859
3219,196.804784064776,130.770829721074,-0.922681498989269,0.385563031711958
3220,197.417259877416,131.32371751317,-0.922133802622952,0.386871102642901
3221,197.996363942693,131.858984959827,-0.921345465294238,0.388744818077031
3222,198.572078808961,132.398616121427,-0.92035260779181,0.391089602688201
3223,199.163515430351,132.942193133527,-0.919867681643294,0.392228821312497
3224,199.740343576108,133.512440731566,-0.919824780511478,0.39232941918369
3225,200.339185849595,134.072320599319,-0.919658454389098,0.392719145536164
3226,200.89664373855,134.601396779044,-0.91932440167384,0.393500501253856
3227,201.476802923262,135.158003788416,-0.918883619427596,0.394528698509551
3228,202.049781967848,135.709560145536,-0.918594967059394,0.39520031185862
3229,202.630747349054,136.263224931787,-0.917865271812038,0.396892104735547
3230,203.214974389684,136.834130104359,-0.916966299046736,0.398964668125553
3231,203.769828702156,137.383223136774,-0.91610870500911,0.400929969703602
3232,204.338479937385,137.95137794985,-0.915145281991843,0.403124190353382
3233,204.911835924956,138.517772135993,-0.91460127979374,0.404356895575743
3234,205.470277258771,139.089960083212,-0.914508980051395,0.404565600867593
3235,206.051759306412,139.666022723863,-0.914536036808467,0.40450443431273
3236,206.609992465935,140.213837375247,-0.914625747486659,0.404301548394845
3237,207.172400178546,140.781112289747,-0.914631539496097,0.404288445245471
3238,207.73505296303,141.348477677727,-0.914630109648377,0.404291680009121
3239,208.299646306045,141.92336722822,-0.914478613561565,0.404634236488361
3240,208.884067796706,142.50092872517,-0.91454632096811,0.404481182261541
3241,209.433045634044,143.05470999699,-0.91454266182383,0.404489455615576
3242,210.001219400008,143.619208026563,-0.914466417938337,0.404661797632327
3243,210.562325125553,144.183318761468,-0.914386584803807,0.404842158786397
3244,211.121299746593,144.759240202509,-0.914150974978693,0.405373895244261
3245,211.702329652486,145.342092495285,-0.913686583358891,0.406419521418395
3246,212.251849548378,145.897366108814,-0.91302798691347,0.407896917263095
3247,212.80417082267,146.472352099689,-0.912303466908017,0.409514815687555
3248,213.35878025609,147.052027575392,-0.911588457433239,0.411103982314072
3249,213.927619868921,147.614255036926,-0.910980513752493,0.412449395154417
3250,214.497067547881,148.199397851468,-0.910823582622849,0.412795834933056
3251,215.031651583417,148.777594228108,-0.910680951109146,0.413110403266418
3252,215.594224927451,149.34402227179,-0.910745605434305,0.412967846426452
3253,216.147931672979,149.935299946601,-0.910702827346591,0.413062174815034
3254,216.688956808008,150.525045000379,-0.910612409136775,0.413261467265119
3255,217.25973935446,151.114568155306,-0.910335665938525,0.41387072295617
3256,217.800456971277,151.685850777245,-0.909961925759863,0.414691805642939
3257,218.345206249009,152.268887207578,-0.909523003916672,0.415653588155322
3258,218.898133643448,152.845658067795,-0.908803170367476,0.417225116130398
3259,219.4446241599,153.433514114995,-0.907988960972278,0.418994089161749
3260,220.006707521443,154.038668659065,-0.907092213893555,0.420931960646479
3261,220.542292188183,154.612315802683,-0.906266295250352,0.422707229762162
3262,221.075646600597,155.202277065501,-0.905815313038597,0.423672773098283
3263,221.617184343898,155.796145198219,-0.905188105986587,0.425011167830229
3264,222.163002497477,156.382169892166,-0.904764233925462,0.425912762205211
3265,222.717114713216,156.995730339765,-0.904227304765553,0.427051497265171
3266,223.230919610055,157.569768272244,-0.903647423591974,0.428277169407368
3267,223.755838773981,158.174048348358,-0.902923073737568,0.429802190446143
3268,224.286623188902,158.761486757235,-0.902072097639573,0.43158536891343
3269,224.82213363607,159.357626057111,-0.901195525396889,0.43341276516114
3270,225.34977788068,159.960444716121,-0.900279529239355,0.435312266347465
3271,225.869704423669,160.563771742966,-0.899463493631007,0.436995908018717
3272,226.390080488173,161.166780408347,-0.898708678182251,0.438546134129479
3273,226.91687823275,161.777140414106,-0.898017988399321,0.43995873955547
3274,227.438212900489,162.387171760128,-0.897276375177337,0.441469258894229
3275,227.982243437907,163.017193618333,-0.896682475163452,0.442674303223877
3276,228.477752732713,163.611625100418,-0.896295232834522,0.443457839707575
3277,228.985137711025,164.227225240132,-0.896014746257703,0.444024294930744
3278,229.494889283861,164.851395200303,-0.895826435803201,0.444404091921006
3279,230.002816728041,165.472832284644,-0.895502368041373,0.44505674787862
3280,230.531709266576,166.099675623182,-0.895163686507902,0.445737562201776
3281,231.026043892114,166.688190312555,-0.894474425851016,0.44711911332272
3282,231.533980501099,167.342793518868,-0.893354109055402,0.4493533529794
3283,232.03043570737,167.938830454799,-0.89226728252603,0.451507581922623
3284,232.534467093762,168.566624413845,-0.891421120462715,0.453175888583007
3285,233.055457175624,169.220908126936,-0.891063517810059,0.45387862609729
3286,233.528773047727,169.821581767136,-0.8909525534961,0.454096407625935
3287,234.022647274079,170.443710523836,-0.890903191569753,0.454193244391447
3288,234.535929907567,171.082025555915,-0.89093265783513,0.454135441474052
3289,235.019224856998,171.695451476921,-0.890747880390249,0.454497759708758
3290,235.542549378731,172.354800438951,-0.890692869032955,0.454605557658333
3291,236.128767943792,173.094876288357,-0.890513679037824,0.454956467638959
3292,236.613445338288,173.692560339148,-0.890185719584476,0.455597832136928
3293,237.120790126527,174.340765082272,-0.889699000809966,0.456547574692659
3294,237.605837653567,174.973491351976,-0.888968493336865,0.457968359010078
3295,238.105333181398,175.606108262063,-0.88819940798104,0.459458171830831
3296,238.596377169484,176.244349534387,-0.887382115312852,0.461034685704762
3297,239.08790303008,176.864584760283,-0.886493890970465,0.462740295708128
3298,239.573239546569,177.495927741378,-0.885552751714298,0.464538829304113
3299,240.057115881313,178.148772311842,-0.884643049720541,0.466268886567763
3300,240.544940065035,178.780941375546,-0.883861339489715,0.467749005937423
3301,241.035917534348,179.421141504904,-0.88294190535591,0.469482259267031
3302,241.529868400068,180.046899555852,-0.882284840767493,0.470715901316154
3303,241.98028518705,180.6785683071,-0.881576027344536,0.472042061697288
3304,242.464932747472,181.36617805731,-0.881041011796324,0.473039887887809
3305,242.925846936029,181.982380649198,-0.880623279688679,0.473817094742639
3306,243.415142068416,182.654492967163,-0.880235769801289,0.47453660508156
3307,243.876278536856,183.316972643685,-0.879794192088694,0.475354793356502
3308,244.344443234066,183.961001141341,-0.879233245631737,0.476391540411753
3309,244.8074046558,184.594541021011,-0.878806271611682,0.477178726449508
3310,245.280827713038,185.239839928056,-0.878513414163374,0.477717679320131
3311,245.743100643342,185.896441614162,-0.878106554258749,0.478465128685285
3312,246.218236785123,186.549229946165,-0.877652536627943,0.479297428483127
3313,246.679236500817,187.194894156175,-0.877589897713393,0.479412110226053
3314,247.131878504923,187.859386027684,-0.877527636865751,0.479526064502035
3315,247.576128720345,188.523985468058,-0.87745804889806,0.479653387795822
3316,248.035709024361,189.180379151633,-0.877470000953113,0.479631522553871
3317,248.506883376912,189.831685023199,-0.877469240865924,0.479632913105616
3318,248.961567476648,190.490301633502,-0.877484440919185,0.479605104168779
3319,249.420340564147,191.140204635359,-0.877484798124753,0.479604450625682
3320,249.876008467776,191.791698955449,-0.877364258664879,0.479824923922703
3321,250.352115909618,192.45119701767,-0.877346974781156,0.479856526310057
3322,250.816553115157,193.100036014375,-0.877363926015003,0.47982553217554
3323,251.281012280863,193.752555315573,-0.877403144664662,0.479753813671722
3324,251.737786002514,194.408835180539,-0.87741450724294,0.47973303250832
3325,252.199415275194,195.069539770535,-0.877418584084355,0.479725576036347
3326,252.660300190957,195.717207277255,-0.87751294668532,0.479552946398671
3327,253.123990556687,196.370958999434,-0.877539236189837,0.479504837251261
3328,253.591003507962,197.017201544409,-0.877576405379621,0.479436807849567
3329,254.055685687006,197.675357494174,-0.877592748931273,0.479406890880024
3330,254.525673899187,198.3138926616,-0.877570697408861,0.479447255753253
3331,255.140485868828,199.169312774545,-0.877637077325645,0.479325735281656
3332,255.593437641204,199.801262253387,-0.87761924715101,0.47935838057772
3333,256.049620262786,200.466476111361,-0.877651315384662,0.479299664722993
3334,256.512600385877,201.112853443381,-0.877691690070748,0.479225726751762
3335,256.978232754326,201.768584354917,-0.87781783889708,0.478994615537648
3336,257.4373970117,202.420306092635,-0.877801373432514,0.479024789337663
3337,257.89841163439,203.069894673462,-0.877837717105163,0.4789581844249
3338,258.367554666066,203.723447994633,-0.877081128171521,0.480342268185272
3339,258.833465266097,204.374992556716,-0.876945303796243,0.480590193563826
3340,259.295047519818,205.023820032598,-0.876987811920235,0.480512619754527
3341,259.756600776129,205.683826906403,-0.876988068606946,0.480512151273055
3342,260.220631857401,206.334391285539,-0.876986749049317,0.480514559604505
3343,260.681482308242,206.990916512516,-0.876909098112836,0.480656253102914
3344,261.144584235526,207.653737721723,-0.876877464779472,0.480713960440017
3345,261.606422653693,208.293471103338,-0.876808470662924,0.480839792211235
3346,262.079273770233,208.951508249463,-0.876658117018989,0.481113859564159
3347,262.533991742127,209.603716614969,-0.876589680362506,0.481238539896753
3348,262.987786339038,210.254911482092,-0.876535387681174,0.481337422337609
3349,263.442505241978,210.90277097948,-0.876042777211161,0.482233400436092
3350,263.90547888541,211.565049702805,-0.876040036960936,0.482238378441079
3351,264.507463970124,212.42465770346,-0.876018176922099,0.482278087520137
3352,264.953122515123,213.04813456855,-0.875849928943755,0.482583569932939
3353,265.41089303603,213.706953188117,-0.875385849465053,0.483424879951733
3354,265.867089753442,214.371020462807,-0.875298729852073,0.483582602581346
3355,266.329721239765,215.025514374919,-0.875377116187172,0.48344069383517
3356,266.803628139156,215.672318747179,-0.875518120853658,0.483185285430837
3357,267.248761788342,216.329928693856,-0.874952316584674,0.484209090892677
3358,267.696614393591,216.98603459226,-0.874436280910607,0.485140382391763
3359,268.173660729422,217.629988561937,-0.874484119813298,0.485054145631559
3360,268.639517801918,218.290483925015,-0.874390310898382,0.485223231314237
3361,269.087246028865,218.945054277404,-0.874391435876164,0.485221204056893
3362,269.540749093948,219.598127107088,-0.874272169323924,0.485436065765245
3363,269.99330327605,220.254205366752,-0.874265258270997,0.485448512388643
3364,270.452591063749,220.910160178091,-0.87424798045874,0.485479627444669
3365,270.90247723012,221.573910647708,-0.874125242873743,0.485700586545784
3366,271.359041743248,222.221109216355,-0.874161626058801,0.485635101208955
3367,271.817271151394,222.879471528567,-0.874063503816725,0.485811682955062
3368,272.278210348812,223.540790563058,-0.874066175831569,0.48580687548364
3369,272.736582926889,224.194615475715,-0.874385009169731,0.485232785103449
3370,273.190332217995,224.847644071371,-0.874916642281472,0.48427354775882
3371,273.549829840203,225.373116842427,-0.87658029402011,0.481255636991004
3372,274.109476220779,226.145137494319,-0.878671581071047,0.477426698685889
3373,274.572237498341,226.79167965639,-0.881153879326092,0.472829610905005
3374,275.046359189206,227.428514572505,-0.883713450891901,0.468028350330115
3375,275.513478693276,228.07500358107,-0.886194787794462,0.463312851198764
3376,275.993541544185,228.697281270005,-0.888967982870642,0.457969349881521
3377,276.483601370179,229.324854381173,-0.891339316329578,0.453336765732849
3378,276.993377629452,229.937152968851,-0.893617026315646,0.4488302688977
3379,277.498354640465,230.546881483862,-0.895729856582244,0.444598722475843
3380,278.000758864229,231.164168468942,-0.898109247247573,0.439772418426164
3381,278.521748116363,231.762905550317,-0.900610133686556,0.434627871979103
3382,279.045738211455,232.360387716236,-0.902427840003036,0.43084103052919
3383,279.582348475949,232.952746914748,-0.902793838812605,0.430073580451067
3384,280.120868068757,233.537962044954,-0.902953694315735,0.429737857212471
3385,280.646567067719,234.133052719544,-0.902941703416682,0.429763051263113
3386,281.177851599153,234.72630148331,-0.902874622476134,0.42990396147114
3387,281.717849755077,235.307569245229,-0.90284792986586,0.429960016207242
3388,282.232267964599,235.911933949698,-0.902785177112317,0.430091762286007
3389,282.765608471443,236.50732170453,-0.902752356957543,0.430160646744447
3390,283.297999757057,237.091139438653,-0.902712836428536,0.43024357629969
3391,283.819816989845,237.692489758796,-0.902525671341229,0.430636055817513
3392,284.35791796124,238.26962522845,-0.902435312854331,0.430825377750088
3393,284.87662800231,238.857038464311,-0.902280561098019,0.431149381380334
3394,285.387742084683,239.44662378924,-0.902288821823331,0.431132093461697
3395,285.917761599326,240.023199141734,-0.902238507250045,0.431237377827121
3396,286.433185394739,240.597958511502,-0.901633832682296,0.432500210130161
3397,286.937694157605,241.168506411043,-0.900060165211565,0.435765646878377
3398,287.452394541364,241.735045783703,-0.899552146419332,0.436813387927124
3399,287.946155913547,242.305036850483,-0.89909287638743,0.437757923548366
3400,288.434230916724,242.871367321259,-0.899079673497319,0.437785039378865
3401,288.922148118133,243.438750765318,-0.897829581387138,0.440343096671445
3402,289.422784564246,243.997144671861,-0.896826415670943,0.442382617374156
3403,289.913025424087,244.561962952758,-0.896545613278392,0.442951423195899
3404,290.377632350464,245.127599383036,-0.896173333164398,0.443704132192854
3405,290.855966263411,245.665169177565,-0.895089163094255,0.445887194379057
3406,291.321366301677,246.202247990092,-0.893887636737595,0.448291080535491
3407,291.756081327382,246.734511348899,-0.892806694705684,0.450440013640786
3408,292.179136455744,247.256999946251,-0.892202654135163,0.451635277579344
3409,292.597018256042,247.77346413695,-0.892101150751913,0.451835740980185
3410,293.01720313819,248.277605138812,-0.891828073595069,0.452374498781384
3411,293.434341074453,248.789326671223,-0.89096779057701,0.454066510716571
3412,293.834298892882,249.289690941604,-0.89019679459378,0.455576192195069
3413,294.229492097584,249.773046285787,-0.889369827227143,0.457188484564038
3414,294.604890836424,250.2479778752,-0.888407530101371,0.45905561804555
3415,294.9609607465,250.708432124318,-0.886812629098771,0.462129160377189
3416,295.310653713903,251.152864672205,-0.885470557242567,0.464695483361457
3417,295.641691378921,251.583945946702,-0.884916691435387,0.465749341619554
3418,295.95785057809,252.003018813188,-0.884839748902503,0.465895501976736
3419,296.276481752267,252.409455301593,-0.884905909936,0.46576982572977
3420,296.600099531487,252.811929384919,-0.884811357076436,0.465949420418736
3421,296.904685154695,253.221558414125,-0.884883326055611,0.46581272982687
3422,297.209537968298,253.630675223948,-0.885038465736713,0.465517898867923
3423,297.523905518322,254.018010611827,-0.886175417112657,0.463349900296967
3424,297.815124467563,254.401088296122,-0.888343679862966,0.459179165955431
3425,298.088451589877,254.767391353136,-0.892082988895994,0.451871597826628
3426,298.366476626299,255.100584422966,-0.896655159993462,0.442729628618979
3427,298.621568248976,255.421692417357,-0.902329048847393,0.43104789479379
3428,298.884929653584,255.721672267736,-0.909137609497208,0.416495866723432
3429,299.149555910878,256.007718312377,-0.916953314831719,0.398994509259366
3430,299.418564188914,256.2874235585,-0.925243218167404,0.379374468349183
3431,299.726405932679,256.575876131748,-0.934223162825988,0.356689055115807
3432,300.037010422853,256.823995030643,-0.941887964986005,0.335927166830137
3433,300.366427690759,257.095388329282,-0.949219127442106,0.314615714957228
3434,300.707736645483,257.34468714816,-0.956107456084372,0.293016266476576
3435,301.066472062777,257.575825755165,-0.962524035937268,0.271196386854679
3436,301.443958756602,257.799638556562,-0.968455717841695,0.249185719052533
3437,301.837607516699,258.006141977446,-0.973909552012463,0.226936520857451
3438,302.229691658571,258.195877796623,-0.978908910010249,0.204297199938096
3439,302.642179178771,258.3655242866,-0.983384168731719,0.181536708926395
3440,303.059768083,258.513497115192,-0.987319494885401,0.158745755909369
3441,303.60725025827,258.682920472422,-0.991380700269421,0.131012622038158
3442,304.046887915391,258.793551517682,-0.994162126791536,0.107896550701728
3443,304.474690000716,258.880883614611,-0.996412166029078,0.084633299529453
3444,304.921585173821,258.943729212642,-0.998131624859049,0.061100404714171
3445,305.35262513787,258.982572302807,-0.999291050058744,0.037648336915353
3446,305.794328388749,259.000858500199,-0.999902893682928,0.013935680984681
3447,306.251798044366,259.011549918871,0.999955380251756,0.009446560515133
3448,306.694196441169,258.987198936533,0.999455255866303,0.03300290170912
