1,316.275974642682,252.978681279982,-0.209630158787769,0.97778075074457
2,315.697107321467,253.245960416949,-0.185527545648161,0.982639063850898
3,314.783906438037,253.624185701537,-0.138748882478691,0.990327596106922
4,314.339109843354,253.785597586291,-0.118132267270423,0.992997868794062
5,313.939456820312,253.903174143185,-0.097191484092284,0.995265700916062
6,313.513497559745,254.00747677846,-0.075686052769486,0.997131697127403
7,313.035087961781,254.096942058571,-0.051003893755139,0.998698454400433
8,312.503130418356,254.180215654229,-0.029633028701121,0.999560845376608
9,312.045948845047,254.228708688607,-0.008749317773941,0.999961723986719
10,311.593945397525,254.256677392334,0.011097512657797,0.999938420710401
11,311.109399884204,254.266942821269,0.031909270336864,0.999490769575472
12,310.680957350199,254.254209383718,0.053477682848234,0.998569044902346
13,310.257130496556,254.228149590339,0.073808311716287,0.997272446787532
14,309.832386945693,254.187548671822,0.094816723107643,0.995494745852096
15,309.367917413549,254.127728328103,0.119777937790984,0.992800707905942
16,308.962518826925,254.049721202349,0.139008366380888,0.99029120670443
17,308.508646194557,253.942533777801,0.161977416911678,0.986794465129705
18,308.115262439531,253.832075517815,0.181733513750998,0.983347817397138
19,307.631819775278,253.676011648203,0.206008683379978,0.978550163441838
20,307.143857156762,253.49073783599,0.23063829827713,0.973039554883474
21,306.61191282423,253.253034034101,0.259365683184156,0.965779189248979
22,306.045665901373,252.964295215225,0.284589418867832,0.958649499383622
23,305.566021272047,252.686383180147,0.304534522788896,0.952501298912363
24,305.141964034233,252.407294173324,0.317989433325909,0.948094257072084
25,304.779896579787,252.146240322382,0.325808939725471,0.945435632285437
26,303.136304575132,250.86270163606,0.381289485584429,0.924455692925714
27,302.439519979668,250.218756457704,0.410497250543649,0.911861835639646
28,302.164038477191,249.932020596981,0.420434542236476,0.9073228729038
29,301.923091386993,249.669587997668,0.428844183264,0.903378473553932
30,301.681752446552,249.39435829041,0.436217031945014,0.899841486619217
31,301.414652206677,249.08237003864,0.441213551563098,0.897402140579728
32,301.140633738585,248.746366459596,0.442143783396828,0.896944187117314
33,300.876117554856,248.425233901328,0.441813418427003,0.897106963130844
34,300.601578305018,248.095288908435,0.442863905767179,0.896588847225215
35,300.299815545177,247.732507549991,0.447453634744788,0.894307131109709
36,299.98225701728,247.349796077367,0.451923334691408,0.892056780458171
37,299.735940002752,247.040200510232,0.454603173126139,0.890694086083233
38,299.434264588664,246.656214989673,0.457713703022329,0.889099637872824
39,299.126814831842,246.264447502671,0.460960152227755,0.887420834811852
40,298.792347462929,245.832539297452,0.464806141315061,0.885412475062219
41,298.451194728841,245.377888858909,0.467924286701375,0.883768556758504
42,298.135857531635,244.943477888502,0.470676751057534,0.882305727066262
43,297.81124538483,244.496485600716,0.472155434902288,0.881515312001006
44,297.469609356353,244.023536629727,0.47231549238341,0.88142956363774
45,297.179751738092,243.620690625811,0.47235457334239,0.881408620925918
46,296.808187560602,243.105856981991,0.472449326125343,0.88135783552636
47,296.44446064885,242.602329121555,0.472894281664431,0.881119173760895
48,296.092338433088,242.120700800349,0.473360940361621,0.880868560081447
49,295.692394772739,241.571071048286,0.475744782609986,0.879583368316715
50,295.27514725002,240.991373869291,0.477062504554424,0.878869368420734
51,294.880006258472,240.436468601255,0.478368857366472,0.878159003997508
52,294.491586867893,239.893984160189,0.479614986623771,0.87747903941113
53,294.055345632261,239.284539008601,0.480139306716781,0.877192251530717
54,293.607689168879,238.655539066341,0.480437555304973,0.877028936496728
55,293.184998294965,238.052713941846,0.479704661929708,0.877430018476063
56,292.783579595407,237.477250238313,0.478826481350038,0.877909562972144
57,292.333082495404,236.833793162608,0.477890773140985,0.878419267176393
58,291.893157248939,236.196757274158,0.476761364039142,0.879032764895335
59,291.547024710792,235.692017135257,0.475826676888426,0.879539068808952
60,291.135572890338,235.100743793265,0.475000996558574,0.879985257415351
61,290.720932411513,234.520223734214,0.473591722286571,0.880744503577309
62,290.277159730835,233.900888860612,0.472259883313883,0.881459359592011
63,289.855285280488,233.308205814045,0.471484899810862,0.88187413458517
64,289.445174419329,232.741564503761,0.472103363066874,0.881543200632248
65,289.036341275314,232.18211272112,0.472966112880494,0.881080618369691
66,288.607533434932,231.600105625683,0.473737258941004,0.880666230470468
67,288.255399953153,231.130137084837,0.474551743408203,0.880227608535562
68,287.843171941903,230.561331472462,0.475406477483123,0.879766265076747
69,287.445723652052,230.009078805722,0.475764315562792,0.87957280314768
70,287.052967129167,229.453886380347,0.475743145095813,0.879584254005462
71,286.635587953932,228.851731137057,0.475853118840294,0.879524763318217
72,286.218105022636,228.264365235014,0.475902166298102,0.879498225190235
73,285.822480891914,227.71304758338,0.476477003449622,0.879186934152043
74,285.425729623776,227.163614845254,0.477155656534573,0.878818797840067
75,284.997188749421,226.573371558706,0.477776802808334,0.878481261438311
76,284.562077424235,225.965118698986,0.477896748378867,0.878416016411874
77,284.156899473459,225.383225199956,0.47770554322406,0.878520013416317
78,283.745261470325,224.800409658415,0.477899387682766,0.878414580509931
79,283.297007157635,224.157283893571,0.478754675018663,0.877948723529897
80,282.828866363882,223.44020494014,0.479055738323917,0.877784483560131
81,282.458831220954,222.885184254466,0.478496097045249,0.878089679424866
82,282.00589716032,222.228127766731,0.478001694616847,0.8783589129413
83,281.54302752412,221.559532491246,0.477993604450962,0.878363315549993
84,281.037243676587,220.825659717897,0.478466783919643,0.87810565234805
85,280.468014550901,220.028188119284,0.477753967536338,0.878493680400313
86,279.966354578079,219.310596355509,0.477526148964712,0.878617537415986
87,279.452849510624,218.580414536657,0.477486064910207,0.878639321801936
88,278.893346882985,217.784830281625,0.477541085354495,0.878609419365881
89,278.281711640681,216.929459011964,0.477400433315832,0.878685851866215
90,277.734148511635,216.154585476666,0.477502485708152,0.878630397916289
91,277.175900364473,215.365272640993,0.477632292381814,0.878559840462842
92,276.568445002629,214.506510440721,0.477336096749305,0.878720803634544
93,275.928457764887,213.614958629408,0.477835731537227,0.878449209497216
94,275.350992276724,212.802642174761,0.478578058496995,0.878045011332134
95,274.775361722108,211.986933220687,0.479225571577583,0.877691774796904
96,274.156232376913,211.10454543714,0.479348657238795,0.877624557999242
97,273.535229921227,210.225412598247,0.479680532365214,0.877443210053976
98,272.962717817787,209.406962987937,0.479719332819963,0.877421997512468
99,272.391642588535,208.588686607918,0.479276315698479,0.877664066263677
100,271.784220692964,207.716940371274,0.477960909438167,0.878381106951328
101,271.19928418201,206.858300722517,0.477956341689846,0.878383592423298
102,270.637376588033,206.046392152672,0.480580650234438,0.876950533736222
103,270.171722526361,205.360171742302,0.483043478591372,0.875596366935329
104,269.637225867103,204.559621628188,0.484975319621807,0.874527837954702
105,269.050903872498,203.678415823427,0.485708630373784,0.874120773337656
106,268.486213632311,202.828791107221,0.484620552119585,0.874724482601984
107,267.942207273144,202.020944887114,0.483350446027725,0.875426950878712
108,267.400814860309,201.224350395643,0.481994895749761,0.876174024079222
109,266.803096555313,200.350790073277,0.480695890562659,0.876887370644698
110,266.209579387026,199.49832910372,0.479485703160335,0.8775496911656
111,265.656832610852,198.700584760274,0.478293240555468,0.878200191322542
112,265.104872506547,197.90948511171,0.477089088183877,0.878854937936789
113,264.499951631347,197.052266653583,0.475749180772903,0.879580989445493
114,263.898540269386,196.204444647919,0.47480907807497,0.880088824708959
115,263.345780301758,195.416438158878,0.473386172853298,0.880855000185222
116,262.785765628407,194.625834484258,0.472073800461847,0.881559032009489
117,262.190848632661,193.798831413637,0.47078228747396,0.882249419269169
118,261.702082999157,193.123308022098,0.471681435789251,0.881769030490293
119,261.104109296825,192.27645618913,0.474098382696926,0.88047187548732
120,260.531758950893,191.472857127072,0.476403052788837,0.879227007827601
121,259.999716864076,190.719590090522,0.478416300578754,0.878133158091949
122,259.416767444903,189.880312576615,0.479390883119437,0.877601493379521
123,258.843455445606,189.01272628464,0.478407091604969,0.878138175176364
124,258.284882762915,188.195286423084,0.477313115536978,0.878733287031045
125,257.756113812567,187.436737654806,0.47573923276919,0.879586370065034
126,257.166265381554,186.596447452415,0.474163812008157,0.880436641321733
127,256.557369444575,185.745991957573,0.472578388773416,0.881288639700026
128,255.98756868064,184.952128049828,0.471414146460118,0.88191195848411
129,255.440723137497,184.193108976736,0.469876309963123,0.882732265942193
130,254.836323532709,183.355949545325,0.469087854917302,0.883151507029844
131,254.212569922641,182.506338016831,0.467878882107322,0.883792595396682
132,253.733643566335,181.852100184462,0.467286597240424,0.884105896394468
133,253.165604478665,181.080661534893,0.466387926657054,0.884580297015785
134,252.600105434093,180.30684572364,0.465948736343925,0.884811717315893
135,251.9884125904,179.474891232862,0.465032982663666,0.88529335535456
136,251.35987187589,178.635256492744,0.464252466467558,0.885702911465684
137,250.786850128099,177.867315022982,0.463719762735446,0.885981930768671
138,250.208444937446,177.102479914727,0.463492369530039,0.8861009103863
139,249.602579546455,176.304982201489,0.463401132497887,0.886148627714153
140,249.091884496423,175.629171182503,0.463426612090933,0.886135302990418
141,248.468277038781,174.805998521151,0.462924967749237,0.886397469668302
142,247.894591554309,174.048631858582,0.462183580130226,0.886784268161094
143,247.323245967027,173.290319189253,0.462056781050332,0.886850343116247
144,246.706631887467,172.47323781678,0.464313243242225,0.885671051886583
145,246.079805501892,171.641520014284,0.466293880780566,0.884629875567516
146,245.505484829099,170.872255047093,0.46686694037317,0.884327575045919
147,245.01774973786,170.223664422505,0.466010314430354,0.884779287079282
148,244.445564305372,169.463747613021,0.464749077879475,0.885442428738412
149,243.808692236642,168.618229242561,0.463726854293466,0.885978219036499
150,243.211416401186,167.822215650996,0.461989424333648,0.886885433302332
151,242.627396591275,167.059915882457,0.460768106558222,0.887520564256824
152,242.043351429794,166.299391755024,0.459413606973094,0.888222459594426
153,241.416525016721,165.482977466765,0.458130865461941,0.888884756372328
154,240.859296526275,164.760468597596,0.456660320513658,0.889641136452425
155,240.282441496866,164.016114535242,0.455448255737257,0.890262257060182
156,239.69470766935,163.262473027308,0.45400052701819,0.891001414963638
157,239.103973975314,162.508898264206,0.452955097227321,0.891533330782303
158,238.470617860455,161.709215272229,0.451079650318336,0.892483696808344
159,237.811234793337,160.881919397537,0.44977025839045,0.893144285469816
160,237.20926792513,160.13500940834,0.448202848299891,0.893931880389029
161,236.607971385221,159.396311218788,0.446836477158256,0.894615650813689
162,235.953471443238,158.594837082857,0.444399517549597,0.895828705055652
163,235.284696734364,157.781772913812,0.44004632255304,0.897975074268516
164,234.690420031034,157.077976684042,0.43657998211579,0.899665448495037
165,234.1568873191,156.456736192602,0.434090260074974,0.900869383489106
166,233.649687530214,155.87391139318,0.432038301260648,0.901855257923251
167,233.61012801344,155.810270994106,0.431024375916591,0.902340283576941
168,232.320231546612,154.244951299865,0.435789626920981,0.900048554839167
169,231.910945726404,153.763177339693,0.434957534562713,0.900450966531286
170,231.675810105794,153.487899407979,0.434434119686594,0.900703611435046
171,231.468585383299,153.247577269975,0.433981096377148,0.900921976636872
172,231.186975250223,152.926057507803,0.433439029055249,0.901182893807713
173,230.928965985165,152.62793048511,0.432874646368255,0.901454125583526
174,230.661199042429,152.317116829992,0.432332113558111,0.901714446810284
175,230.36189882661,151.97194081704,0.431536259306788,0.902095591887858
176,230.039707270144,151.602322383901,0.430802890162339,0.902446048153448
177,229.739042668366,151.256854112941,0.430192128346653,0.902737355330207
178,229.470369907265,150.945667932334,0.42974189510803,0.902951772570916
179,229.160212301601,150.585275199612,0.430663981936883,0.902512345988833
180,228.807808553202,150.176973411078,0.432369528307272,0.901696507141592
181,228.440102333454,149.745623370345,0.433894161641177,0.900963848605315
182,228.084020974972,149.331645073185,0.434505396486252,0.900669229198114
183,227.734119863247,148.919935195528,0.433892102006522,0.90096484049954
184,227.423234763353,148.556181289596,0.433308078540961,0.901245864939829
185,227.014971836946,148.089674840849,0.432422417814848,0.901671144359827
186,226.586038523295,147.626029949338,0.4316369137127,0.902047434850615
187,226.185080854037,147.176152669431,0.430753547740212,0.902469601210601
188,225.771615073526,146.716082099658,0.429904011607489,0.902874598603698
189,225.319289259302,146.206813831743,0.428929175505714,0.903338121856921
190,224.851243686758,145.670648721907,0.427970032235899,0.903792925126106
191,224.408904979715,145.16689096247,0.427231272857823,0.904142377887622
192,223.956832728949,144.659830253588,0.426433343526882,0.904518990142542
193,223.56999363506,144.224724015664,0.425491623933395,0.904962362732574
194,223.066640918412,143.65559334531,0.424292986007118,0.90552496488234
195,222.541513036437,143.079515501996,0.42307295211166,0.906095622542966
196,222.035209340287,142.540728740016,0.421711623588295,0.906730007516308
197,221.517023150484,141.99192567309,0.420541394936833,0.907273351942281
198,220.947665123056,141.393940267341,0.419376753644544,0.907812281533227
199,220.34730696573,140.78430962996,0.418082907121934,0.908408874225958
200,219.879036518546,140.293515121146,0.416770282117916,0.909011843676062
201,219.322150365058,139.699329710084,0.415531646016967,0.909578721803907
202,218.756294988662,139.093003870293,0.414200618668046,0.910185611562283
203,218.133036825316,138.429640314003,0.412765273532265,0.910837432786902
204,217.499437210719,137.738175818745,0.412716894549138,0.910859355199098
205,216.896747604556,137.099163408229,0.412044718668971,0.911163624063762
206,216.282174690319,136.453439328133,0.411667318413228,0.91133419718041
207,215.606800859933,135.747864894493,0.411959355293326,0.911202222114448
208,214.906676770938,135.020494363842,0.412696628133399,0.910868537785406
209,214.255753192027,134.34257990784,0.412493124239162,0.910960714002209
210,213.593739520218,133.652394474754,0.41135066094385,0.911477171267091
211,212.867017843593,132.893148615023,0.410104817511939,0.912038397576275
212,212.130551643116,132.128380735561,0.408740128591037,0.912650813443664
213,211.434804205384,131.414445070983,0.406205478849356,0.913781762212819
214,210.732614681339,130.699030691235,0.401186502650896,0.915996391963823
215,210.138181763528,130.094617043656,0.399705562697111,0.916643585669472
216,209.364110048922,129.329629894663,0.397288836431946,0.917693620140486
217,208.599851262623,128.584393220767,0.395477532840839,0.918475650748632
218,207.88071982713,127.882830227211,0.393690167339423,0.919243195318985
219,207.159252406157,127.185633760314,0.393150601235643,0.919474091395757
220,206.374786937684,126.431599125075,0.394872755830374,0.918735819864952
221,205.61363400345,125.712777008318,0.394617382318793,0.918845537384747
222,205.012216520148,125.134370475211,0.393537444403685,0.919308587935638
223,204.281679088729,124.42737199237,0.391967558750173,0.919979039373958
224,203.589685857492,123.752991393632,0.39062161623443,0.920551330959008
225,202.820677266031,123.006065088809,0.389097474551564,0.921196588843877
226,202.08072292675,122.28877846411,0.387686828943435,0.921791149156784
227,201.353569583011,121.597258479875,0.386242152543153,0.922397419553433
228,200.655828254881,120.935866935442,0.384701952446847,0.923040848382987
229,199.913072075744,120.236801035969,0.383158912178985,0.923682438946317
230,199.287607980676,119.653231125854,0.382290108868205,0.924042354365608
231,198.542986490054,118.961255309502,0.383747308172109,0.923438142741928
232,197.827215039964,118.29044155908,0.384711309774036,0.92303694841103
233,197.122444170058,117.626442407275,0.383479197175022,0.923549514283885
234,196.355212943974,116.913325060875,0.382542328166476,0.92393796716066
235,195.596082015894,116.228722336743,0.382966758238021,0.923762124188181
236,194.881259372317,115.575662298741,0.383236747286431,0.923650147799109
237,194.157189658689,114.916502658677,0.381987620259241,0.9241674404396
238,193.385845212211,114.218345005337,0.380629443887787,0.924727649876262
239,192.610355122115,113.516291871157,0.379289829048177,0.925277918022799
240,191.898434483334,112.870743991203,0.377849240556723,0.925867134858295
241,191.172951990884,112.215219229073,0.376290792768173,0.926501613208471
242,190.402855898718,111.517653114877,0.374718946892652,0.927138452896687
243,189.624478657555,110.810679736186,0.373236935824286,0.927736056072253
244,188.902914484303,110.167784132551,0.371974304440241,0.928243026817977
245,188.189240625733,109.537224129996,0.370875286526576,0.928682680921654
246,187.402788134242,108.851051436895,0.369638114287653,0.929175798471887
247,186.606452988859,108.167532879435,0.370217858878557,0.928944959062364
248,185.881405391269,107.536579189513,0.371981793258047,0.928240025793182
249,185.168737387339,106.906613277544,0.372505266431491,0.928030078435394
250,184.389122951394,106.205673875741,0.371462639523422,0.928447902382407
251,183.708637805627,105.59191298988,0.369955806987743,0.92904935330479
252,182.995765770631,104.964084352985,0.368683894119021,0.929554832281149
253,182.269413101304,104.322376139694,0.367427736770914,0.930052072870871
254,181.556578186319,103.697332821693,0.366118361563861,0.930568291597019
255,180.773802915022,103.022014828726,0.36473592778172,0.931111004652618
256,179.962488370148,102.333400307201,0.363524036963421,0.931584818763067
257,179.230428288886,101.710830077594,0.362312570805808,0.932056651194597
258,178.500867913104,101.087893613363,0.360966547817487,0.932578764157069
259,177.896054048438,100.568181508134,0.359963954760879,0.932966211217163
260,177.106574872209,99.902504052598,0.358376175307849,0.93357726888122
261,176.277486544575,99.2282154642039,0.356860995312962,0.93415749744047
262,175.524248826637,98.6156916170283,0.355456092727182,0.934692979615834
263,174.767994286667,98.0053863524918,0.353974050498648,0.935255244077028
264,173.962884873068,97.3652864694449,0.352204371208394,0.935923116982212
265,173.118545946687,96.7150463044444,0.350742080545876,0.936472099389165
266,172.355868385875,96.113090020553,0.349171802073274,0.937058724220047
267,171.590359773345,95.5021385324957,0.348116952468151,0.937451112007601
268,170.786030356947,94.8568939107015,0.346721763251411,0.937968026580775
269,169.962046754818,94.2031882927249,0.347264659624087,0.937767165226085
270,169.199560648861,93.5978220908648,0.350177989790988,0.936683177742583
271,168.449045920212,92.9946615568312,0.350218562732164,0.936668008590993
272,167.639598085674,92.3437556891406,0.34944244177333,0.936957832502345
273,166.827281504519,91.6913562271283,0.348274830736451,0.937392469713458
274,166.075824778977,91.09525220026,0.347375537486142,0.937726098579012
275,165.325225851413,90.5006057052035,0.346793836046571,0.937941381579949
276,164.517757456432,89.8582546335335,0.345796623147766,0.938309488079281
277,163.697014040577,89.2036268364587,0.344580361918358,0.938756823772916
278,162.942533084951,88.607437813258,0.3435522577236,0.939133561434697
279,162.182032488666,88.0070861044256,0.342373910505023,0.939563784639179
280,161.372281312195,87.3708050171836,0.343460762207717,0.939167027116952
281,160.542576054337,86.7201500722773,0.346686163731727,0.937981185246793
282,159.787953291218,86.1074989251194,0.349191492064194,0.937051386995389
283,159.027618366207,85.4882931618861,0.348382841709164,0.937352332691741
284,158.207691469977,84.8270478952592,0.347104642835578,0.937826405536753
285,157.365195665503,84.1615651099658,0.346082779764271,0.938203980779572
286,156.590207155733,83.557952106307,0.345532961816117,0.93840661352027
287,155.81630255443,82.9570209721778,0.345287074460147,0.938497115717866
288,154.996537136032,82.3195627010375,0.345249415777364,0.938510970050638
289,154.232552470478,81.73992066647,0.346566295851079,0.938025480773344
290,153.563352896136,81.2107948149299,0.34980987598539,0.936820714258116
291,152.931867728167,80.7043625460244,0.35313120336804,0.935573809599136
292,152.283642171284,80.1760590600497,0.357394904600731,0.933953361879187
293,151.758467208711,79.7424661926019,0.361916430165461,0.932210543587815
294,151.21788839101,79.2941507836673,0.367000108006051,0.930220898885607
295,150.693366616179,78.8499352792468,0.373447216375757,0.927651430539078
296,150.146184542033,78.3693457380586,0.380630043178786,0.924727403200378
297,149.636817842955,77.9071056185194,0.385452144672474,0.922727827784223
298,149.144450449495,77.4552006029179,0.386068856072377,0.922469966107822
299,148.656446571446,77.0018523440118,0.385920073281442,0.922532220054371
300,148.13770315843,76.5204011000078,0.386158488883091,0.922432448184434
301,147.635088389105,76.046150373889,0.386597331782972,0.92224861239163
302,147.265305290286,75.7026028604814,0.386891040454887,0.922125437679568
303,146.856041175511,75.3235083797706,0.386940579698609,0.922104651209668
304,146.489180038405,74.9797687126497,0.387306495584985,0.921951017396086
305,146.126678228178,74.6382098234127,0.387045661781473,0.922060548823201
306,145.843516437285,74.3746438747432,0.386461633216881,0.922305484127326
307,145.560208860323,74.1123401440099,0.386021088943263,0.922489955983835
308,145.302625068341,73.8737143696588,0.385619310181422,0.922657979760217
309,144.253055596025,72.8990879782852,0.392045045973521,0.919946021203212
310,143.394282261389,72.0783567166653,0.397189546422834,0.917736598492413
311,143.165020825908,71.8584959289274,0.398144081711257,0.917322893096155
312,142.92067512308,71.6236006029437,0.400831795838172,0.916151663997368
313,142.649763275779,71.3562823242329,0.404048713204722,0.914737469090235
314,142.325046044545,71.0348338628335,0.404575195071692,0.914504735653514
315,142.055790148513,70.7623005266493,0.405309856566539,0.914179369801141
316,141.764128184946,70.4672647851969,0.409021414448855,0.912524784607113
317,141.447574987966,70.1414569414064,0.413877565825591,0.91033255489754
318,141.10347479108,69.7753171010285,0.416347673162688,0.909205485603786
319,140.788271929483,69.4407129575685,0.418335755980588,0.908292461307562
320,140.458781720683,69.088313244887,0.41905588099412,0.907960444405065
321,140.103797392566,68.7051330704064,0.419567225855595,0.90772426594635
322,139.731047176586,68.2937083302554,0.419865957666102,0.907586126818346
323,139.381982746358,67.908637065253,0.421117133421473,0.907006262348216
324,139.023829529507,67.5098824988342,0.424100477849735,0.905615141595825
325,138.628739581699,67.0730969139018,0.427297083032468,0.904111277903303
326,138.207947632199,66.6187192394463,0.428020498368033,0.903769026342893
327,137.820298285847,66.1921032103936,0.427356421715625,0.9040832311344
328,137.421484303779,65.7473438081334,0.42691079595876,0.904293742261804
329,136.975255002771,65.2512516387543,0.426150550918012,0.904652258026406
330,136.507045286798,64.7470516881841,0.425232720740548,0.905084047595355
331,136.066087622676,64.2731023440331,0.423544102227252,0.905875484527819
332,135.612588346651,63.7888196120892,0.417620292301988,0.908621643731648
333,135.111105546603,63.256223707766,0.408659740270684,0.912686811935999
334,134.587282279773,62.7102131173924,0.400544271135368,0.91627740715388
335,134.085591819905,62.2096871499633,0.389904770930674,0.920855183840271
336,133.567778852865,61.7056463722636,0.376989160239543,0.926217670454351
337,132.983293152386,61.1650607159158,0.361779784977373,0.932263582460307
338,132.361143439082,60.6338231444855,0.347831262608541,0.937557151725775
339,131.758128629378,60.1580112834761,0.333687530470226,0.942683739123934
340,131.130072299864,59.6869204938503,0.319535246841165,0.94757439076104
341,130.425812920577,59.1913579406573,0.302631443381704,0.953107658911996
342,129.678111223199,58.7156666584477,0.287270977480543,0.957849354281441
343,128.962786238625,58.2928135202607,0.271810291671199,0.96235085355686
344,128.218472576986,57.885305047748,0.256011993271298,0.966673605360805
345,127.390942032508,57.4630006969041,0.237929440382412,0.971282441620002
346,126.514727990597,57.062318011317,0.221686124134621,0.975118076114975
347,125.688532512056,56.7125801878408,0.207380713954064,0.978260312738845
348,124.839696976517,56.3758690399177,0.20061553012215,0.979670051126301
349,123.909733062874,56.0221874790462,0.198163492635822,0.980168980424484
350,122.970282697013,55.6829495895347,0.194148730699569,0.980972104785731
351,122.103305367323,55.3629028744157,0.185925571593356,0.982563830917709
352,121.235087635053,55.059208355274,0.179099838776532,0.983830904043078
353,120.294377368006,54.7561162068655,0.176983316950549,0.984213851518653
354,119.386766906555,54.4779146228762,0.175815161923234,0.984423196007645
355,118.525980806944,54.1991253839717,0.175173022269123,0.984537664220674
356,117.66667322284,53.9286267248544,0.174195649252498,0.98471106207938
357,116.745361371132,53.6428949248369,0.173499248748114,0.984834001588004
358,115.881437275448,53.3764407326252,0.172409159938217,0.985025421788392
359,115.048551788526,53.1151819256586,0.170851156485509,0.98529684985164
360,114.219859984159,52.8562232016577,0.16973364980424,0.985489973629428
361,113.328524585201,52.5764660218474,0.168988789789996,0.985617973113981
362,112.469531455575,52.3046809880883,0.168047156929559,0.985778957499039
363,111.648632702094,52.0510748676942,0.168017500289398,0.985784012650085
364,110.831340198091,51.7977540603036,0.170928238370381,0.985283480693551
365,109.953661720448,51.5226798343625,0.170958111251837,0.985278297841379
366,109.097044425882,51.2498751932117,0.170295844774759,0.98539298011121
367,108.288421065193,50.9947153125295,0.171922308666589,0.985110511456837
368,107.48586182446,50.7373909392962,0.175163414741681,0.98453937358342
369,106.625111301942,50.4577659799268,0.179766747984714,0.983709264121773
370,105.780688115798,50.1808662270275,0.183666508940624,0.982988613104732
371,104.992352186632,49.914799409967,0.187170123750092,0.982327514007103
372,104.210035269184,49.6438782319905,0.190936171225178,0.981602454417199
373,103.37247132026,49.3484409305367,0.195227479262582,0.980757988160575
374,102.534551619372,49.0555408772947,0.199586437738658,0.979880224247225
375,101.755034394862,48.7665954298013,0.20380114246729,0.979012305504393
376,100.989230923678,48.4684148354734,0.208475002939961,0.978027695491893
377,100.176347623289,48.1458234651042,0.213196513038903,0.977009338147826
378,99.3452408073528,47.8188417255506,0.217333970253427,0.976097303230514
379,98.5940071060672,47.5035510239451,0.221594669918246,0.975138863067114
380,97.8434682868477,47.1794972845268,0.225726142768722,0.974190796749156
381,97.0561323542186,46.8324068335336,0.230103608470333,0.973166136571208
382,96.2471564343939,46.4692758589255,0.233535503174117,0.972348275443121
383,95.5089230255251,46.1316248583627,0.236461467116182,0.971640867074488
384,94.7645542930255,45.7866399019523,0.236885672865113,0.971537532981224
385,93.9768444682672,45.4215321712086,0.23668238572637,0.971587077048102
386,93.1421508213166,45.0355057435055,0.236255987390356,0.971690850230776
387,92.3754104269009,44.6804682039825,0.237866252483487,0.971297918215345
388,91.5976668108296,44.3158264878067,0.239667796946752,0.970854956781233
389,90.7465054791433,43.9132268928075,0.242030938236075,0.970268532385012
390,89.7992905114526,43.4711540595759,0.24415432025577,0.969736390933352
391,88.9646328625775,43.0719138934577,0.245707992468876,0.969343892762994
392,88.1252600494175,42.6634220114736,0.245447343790227,0.969409924348994
393,87.2072145311148,42.2147639807758,0.244925381668128,0.969541931746493
394,86.2211342697992,41.7341345023718,0.244207773094993,0.969722931336567
395,85.3535429278654,41.3146015949629,0.24354426683858,0.969889782444407
396,84.4748813580167,40.8917450037335,0.243134419326829,0.969992605197898
397,83.5477536786676,40.446484883417,0.242547692152505,0.97013948328655
398,82.6050725445361,39.9922168985348,0.242091180630945,0.970253503091185
399,81.742196281381,39.5752941113624,0.241618333031944,0.970371362491116
400,80.8752615774371,39.1621525329611,0.241197838318634,0.97047596713696
401,79.9454930079043,38.7181258837586,0.240578546844133,0.970629673355583
402,79.0330308116219,38.2705545563793,0.240203024014076,0.970722672679738
403,78.1788363712536,37.8644088096517,0.239811235827307,0.970819535841229
404,77.3224830465023,37.4562738730753,0.239385550894638,0.970924589256483
405,76.397810443139,37.0169757191299,0.238873398368598,0.971050719350867
406,75.4670251461086,36.5903346885646,0.238255713438475,0.971202458303068
407,74.6165599474493,36.1952967911482,0.237834526529798,0.97130568720169
408,73.7598149808638,35.799275722115,0.237396487328373,0.971412841074355
409,72.8351068765913,35.3711476649442,0.236822215132701,0.9715530034021
410,71.9057026695733,34.9470695446085,0.236172267354851,0.971711202020677
411,71.0359240004568,34.5492338817774,0.235661399811948,0.97183522504521
412,70.1878852744118,34.1600606344479,0.23499075512535,0.971997605452615
413,69.2643545039796,33.7387702167798,0.234158160574987,0.972198516680692
414,68.3472711725904,33.3187390329596,0.232722472544886,0.972543187098956
415,67.4828864467171,32.9289445352083,0.231994125214964,0.972717186990003
416,66.6291437248931,32.5493952786369,0.227568228410035,0.973762138008209
417,65.7163420637169,32.1482829374618,0.221218348107268,0.975224303665927
418,64.7991294277463,31.7569903806834,0.213403893552765,0.976964061885861
419,63.9413115189782,31.4078839639565,0.207224891463164,0.978293332471442
420,63.0781061499537,31.0699152299858,0.205698054524846,0.978615506909988
421,62.1444500462343,30.7046832319175,0.205046297267935,0.978752275081243
422,61.1987692409651,30.3248365951105,0.204520868382815,0.978862203987844
423,60.3289875689367,29.9802193222243,0.204399376342437,0.978887580343536
424,59.4549809848304,29.6353355645907,0.204858292128495,0.978791642866957
425,58.513237309682,29.2642279165157,0.204732160902243,0.978818033289282
426,57.5326582826746,28.8792359369771,0.204465602137677,0.978873749542032
427,56.6614007527008,28.5380114583226,0.206615024265817,0.978422317686814
428,55.9161041637833,28.2461994234345,0.208626324817648,0.977995427695386
429,55.0375932866201,27.8991120847467,0.20880415429802,0.977957476144995
430,54.0909908663889,27.5217504623737,0.208495624337145,0.978023299636703
431,53.1220364427622,27.1386842702346,0.208347779266044,0.978054805660147
432,52.2460729573691,26.7945695905098,0.208234566598312,0.978078915667654
433,51.3597568756142,26.4442536747943,0.208155276202486,0.978095793360276
434,50.4064792500263,26.0693924223351,0.207871378802875,0.978156168448879
435,49.4438710961372,25.6994896046592,0.207426145976196,0.978250680534116
436,48.5572706470097,25.3522609983834,0.205330845546948,0.978692619705991
437,47.6710395577912,25.0107799598037,0.197589241404883,0.98028490332201
438,46.7156972158951,24.6580304006981,0.188862019675867,0.982003634170441
439,45.748182918685,24.3247499663827,0.186821518008541,0.982393872338882
440,44.851177719249,24.019463170448,0.187323798613568,0.982298220742043
441,43.9530768944381,23.7096130024793,0.187718630044381,0.982222844335368
442,43.0054501770496,23.383781578868,0.187889874100158,0.982190101360539
443,42.2181488230667,23.1101200086524,0.187696886565171,0.982226999615538
444,41.2357808386403,22.7677774846135,0.187667830416179,0.982232551602157
445,40.3357733309535,22.4583482748121,0.1875014703718,0.982264322170165
446,39.4370355390465,22.1494817694183,0.187204722739726,0.982320920974374
447,38.4599017045223,21.8137237423892,0.186971576437145,0.98236532390176
448,37.4777808699397,21.4713824691603,0.186680816969529,0.98242061896908
449,36.5894974352266,21.1603361871744,0.186703436895465,0.982416320432138
450,35.8282693625384,20.8954572589221,0.185679269354905,0.982610405466902
451,34.9300296056501,20.5855535050797,0.183680388519307,0.982986019673422
452,33.9647174154172,20.2538092950399,0.181433572081894,0.983403202619152
453,32.9805141166623,19.9207831263811,0.179560190284269,0.983746988846765
454,32.0745836141407,19.6231629616869,0.178181578969845,0.983997624446225
455,31.1649618463577,19.3305411600864,0.177113883178215,0.984190363895895
456,30.187132777125,19.0176690931441,0.176861325271369,0.98423578050346
457,29.3255090969286,18.7373089043262,0.176961107099443,0.984217845080112
458,28.4302649920353,18.451811841686,0.176783280111529,0.984249801561072
459,27.4977895009151,18.153881481455,0.176508584513142,0.984299100676805
460,26.6225726001211,17.8662268923394,0.176760779098679,0.984253842752177
461,25.6531244818552,17.5505610909385,0.176701179391454,0.984264544318076
462,24.665789033933,17.2456552855309,0.176325266643903,0.984331956375976
463,23.7389974851234,16.9490672625136,0.176555367690224,0.984290710176506
464,22.8510491352189,16.6716484286938,0.176083989357825,0.98437514631965
465,22.079180879891,16.4355452976056,0.174107651064263,0.984726624927388
466,21.1065853562913,16.134831462184,0.170383618779936,0.985377806961093
467,20.1133106966583,15.8344321559957,0.166461043429543,0.986048031801873
468,19.194555156691,15.5637998121218,0.166009627668947,0.986124131902885
469,18.2701373272954,15.2977251683508,0.165711048912221,0.986174349832935
470,17.2761773334566,15.008965954156,0.165759126996919,0.98616626986387
471,16.2621107509985,14.7039871692278,0.165753758506908,0.986167172208056
472,15.3395222137671,14.4289307456569,0.165007381362827,0.986292331966432
473,14.4161737560628,14.1522087996075,0.164661942275627,0.986350061979021
474,13.428932245211,13.8590579374713,0.161494687025333,0.986873581601306
475,12.4268877070889,13.5728150749826,0.158100953462401,0.987422953204087
476,11.5015359659779,13.3170212574616,0.155333070589066,0.987862154949451
477,10.5763147011952,13.0657281953781,0.152986633304023,0.988228258061011
478,9.58007782312039,12.7948030739836,0.150242044915448,0.988649244140522
479,8.6982626292726,12.5650075156794,0.148472956496822,0.988916468256593
480,7.78485617013734,12.3279146339239,0.147208246737761,0.989105521212168
481,6.86536203293882,12.0890116009823,0.146997230772603,0.989136903641344
482,5.94154872280967,11.8516095609038,0.146642501655193,0.989189555498999
483,4.94855507250309,11.5991644924419,0.146265212792735,0.989245413194671
484,3.94255258186048,11.3330083975501,0.146246677669875,0.989248153534048
485,3.01357108774791,11.0925853987037,0.14598779493606,0.98928639115764
486,2.08070438178638,10.8574640113976,0.145595635095911,0.989344182295028
487,1.2963674784731,10.6540388096826,0.145562127546827,0.989349112813087
488,0.305676683235882,10.3980112827704,0.14513866545587,0.989411323863685
489,-0.728328259931855,10.1375089319919,0.144920536516207,0.98944329705944
490,-1.66219135472313,9.89815903955807,0.144880658170726,0.989449137089935
491,-2.58627423911584,9.66125260140325,0.144853752573061,0.989453076383869
492,-3.58845225908273,9.40545996736905,0.14460886135023,0.989488896965999
493,-4.61131845068775,9.13820346785806,0.144368510859324,0.989523993176649
494,-5.38627767766597,8.93953235826648,0.144153731184305,0.989555305066697
495,-6.29924665335818,8.70419528794475,0.144175542651939,0.989552127429889
496,-7.2245672829476,8.46749947661767,0.143945940565174,0.989585552741554
497,-8.2193985212258,8.2140077499489,0.143827758119579,0.98960273645251
498,-9.22880949909512,7.95513841530229,0.143683970414918,0.989623623730661
499,-10.1645286661682,7.7174842073452,0.143453865856214,0.989657005416981
500,-11.0792448736347,7.48545121942401,0.143128295833922,0.98970414313151
501,-12.0562843166192,7.23480993027842,0.142955145001751,0.989729168266515
502,-12.8592393316906,7.02976305280969,0.142595908898891,0.989780989292732
503,-13.8674914238219,6.78006968077153,0.142321779105465,0.989820443915085
504,-14.8216320973477,6.5392998458949,0.142217901399023,0.98983537445459
505,-15.7191837323921,6.313519537864,0.142196387786625,0.989838465256042
506,-16.7166949583301,6.06269958022021,0.141848138995125,0.98988843081613
507,-17.7304779655678,5.80620080814632,0.141554846318921,0.989930414465394
508,-18.6858644960459,5.56825244330673,0.140979193719184,0.990012558980081
509,-19.5959878463202,5.34128969594019,0.140975895826687,0.99001302859905
510,-20.58563269983,5.09645407316698,0.140706064545791,0.990051414523527
511,-21.5999276738753,4.8451587358261,0.140947471649251,0.990017075729345
512,-22.5589030703902,4.60997884280837,0.140795650499714,0.990038678436536
513,-23.4613881787441,4.38979609499706,0.140613420143893,0.990064576719841
514,-24.4641384158787,4.14227831683652,0.140529954214836,0.990076427336989
515,-25.4743081340503,3.89655799388138,0.140335766482658,0.990103970624159
516,-26.2601348152807,3.70793979677835,0.140397042883226,0.990095283470053
517,-27.1841301858458,3.48609979423218,0.140266482136106,0.990113788404728
518,-28.1108609531614,3.26325174745895,0.140422108084001,0.990091728862152
519,-29.1068314503434,3.02197962359787,0.139950390853559,0.990158516652731
520,-30.1214190382002,2.76543733530601,0.139896303883611,0.990166159874041
521,-31.0486603033381,2.52596477155417,0.139709150378919,0.990192583945366
522,-31.9768938962779,2.28529177922318,0.139787146594029,0.990181576099606
523,-32.944939721885,2.03981330520301,0.139419268939399,0.990233440885736
524,-33.7642028259653,1.82845146368562,0.13959807155899,0.990208250024716
525,-34.7630480207343,1.56085664647541,0.139377531061244,0.990239316445915
526,-35.6924085187172,1.32920721417706,0.139264807908952,0.990255175840088
527,-36.6246248227005,1.09599614535242,0.139320676832155,0.990247317091559
528,-37.6269266274476,0.84438076411065,0.139593071826748,0.990208954866584
529,-38.648569818242,0.599534927897442,0.139349721854153,0.990243230231427
530,-39.5766053538085,0.366402781273632,0.139389082273446,0.990237690528373
531,-40.3674102858855,0.167102080981078,0.139368054505429,0.990240650237795
532,-41.2988137776282,-0.063189430305062,0.139316109946099,0.990247959608848
533,-42.3035885052424,-0.306467973751915,0.13896631371011,0.990297108777878
534,-43.323397402983,-0.565984465519917,0.139231998946473,0.990259789383255
535,-44.2619691607755,-0.800460721228712,0.139031091205539,0.990288016527615
536,-45.193515252438,-1.03447900752184,0.139042882429559,0.990286361031838
537,-46.190865050044,-1.28883910270422,0.138861509371837,0.990311810095676
538,-47.2005649953772,-1.54031742650515,0.139024641406745,0.990288922023127
539,-48.1287422008139,-1.77453386362285,0.138966969696272,0.990297016724495
540,-49.0499610600569,-2.0047213703485,0.139077596427993,0.990281486331948
541,-50.0398762853599,-2.24968803741789,0.138903578255673,0.990305910286195
542,-51.0560401845273,-2.49986621172085,0.138787876315083,0.990322132130727
543,-51.9792555139682,-2.7256466676738,0.13850643296829,0.990361533999782
544,-52.9039724023841,-2.94976553343524,0.13854639501972,0.990355944308429
545,-53.8982875410897,-3.1876790580368,0.140818185487882,0.990035473422998
546,-54.907633255624,-3.42013326688706,0.143157300055921,0.989699948186671
547,-55.8312174040704,-3.65337744127586,0.145948224377077,0.989292229728496
548,-56.7520393605304,-3.8902787479565,0.147377201924614,0.989080360917591
549,-57.7431073149752,-4.14565317052157,0.147493385607927,0.989063042076647
550,-58.7442836770437,-4.40352302953361,0.147318522853926,0.989089102570713
551,-59.6638090880332,-4.63551471221201,0.147299116734661,0.989091992793991
552,-60.5834694100127,-4.86786569849666,0.147052574741276,0.989128677302383
553,-61.3576517894664,-5.06720875318392,0.14678659695035,0.989168183351919
554,-62.342886624654,-5.32349178479763,0.146257519695338,0.989246550629603
555,-63.3364893902154,-5.59468401175972,0.145938253320222,0.989293700686426
556,-64.2520247029771,-5.83814711099051,0.145458322942888,0.989364379936251
557,-65.1692922320574,-6.07789697445832,0.145190161249793,0.989403768476884
558,-66.1566026737063,-6.33173051522824,0.144611361469097,0.989488531582885
559,-67.1743521472855,-6.5984003407993,0.144431557640813,0.989514792793644
560,-67.9631189739549,-6.80244894207369,0.144105551057256,0.989562322521672
561,-68.9045304631966,-7.04318880640514,0.143528564179024,0.989646174784053
562,-69.8066096515366,-7.27152590175899,0.142984076274361,0.989724989040879
563,-70.7998531681807,-7.51998548552343,0.14264348006097,0.989774134636835
564,-71.8207664633375,-7.76625072324352,0.141981351234615,0.989869332741243
565,-72.7590009193829,-7.99734410966537,0.141664625484213,0.989914710410153
566,-73.6651772323226,-8.21796942343042,0.141012695427454,0.990007787710927
567,-74.6602478019462,-8.45875675950193,0.140526602261113,0.990076903102455
568,-75.6738099138594,-8.6981369727243,0.139959236073058,0.990157266416727
569,-76.6211295272216,-8.92918297592254,0.139557183567278,0.990214013491412
570,-77.5218960928808,-9.15010202927241,0.139905745429861,0.990164825872801
571,-78.5288621409736,-9.3941607872767,0.140879291850431,0.99002678000533
572,-79.5437710736018,-9.64377380467208,0.141449017310767,0.989945541684904
573,-80.49222891317,-9.88478125123252,0.142196885385546,0.989838393772766
574,-81.4044996947535,-10.1168136532655,0.142758728582769,0.989757518493005
575,-82.4032648773348,-10.3672258195501,0.143052483896035,0.989715103881503
576,-83.4157666555941,-10.6239652189009,0.143404224270376,0.989664199848318
577,-84.3652343011977,-10.8631184412158,0.143788397342039,0.989608456304718
578,-85.2726305502281,-11.0872456723366,0.143991025122409,0.989578993655483
579,-86.2783360141893,-11.3362191602467,0.144159495109273,0.989554465388257
580,-87.3069087115639,-11.5895636053158,0.143995854079347,0.989578290994684
581,-88.2780180144632,-11.8297721249505,0.14365749006374,0.989627468064921
582,-89.1997734169663,-12.0553809980891,0.143389243893817,0.989666370417607
583,-90.2026239679383,-12.297484162133,0.143018136973546,0.989720067744721
584,-91.2311060218052,-12.5491647644288,0.142606646235958,0.989779442325073
585,-92.19727704858,-12.7849759234779,0.142023082719555,0.989863346111389
586,-93.1179932521843,-13.0058754736006,0.141100574749854,0.989995266556998
587,-94.1214274974294,-13.2501141913119,0.140406930895636,0.990093881284229
588,-95.1532578918071,-13.504652356444,0.13948146082232,0.99022468262858
589,-96.1283755822887,-13.7390943741909,0.138449846778101,0.990369446180121
590,-97.0447654386593,-13.9607252421608,0.137779347783173,0.990462947981621
591,-98.079552276865,-14.2095473392192,0.136826525317637,0.99059502419985
592,-99.0874172402832,-14.4460395829827,0.135996394765263,0.990709332049946
593,-100.031626216528,-14.6661666899893,0.13502107847406,0.990842726353533
594,-102.059629404133,-14.9931973368847,0.143044219036053,0.989716298441309
595,-102.847219895503,-15.1980121658169,0.141980470162328,0.989869459116951
596,-103.635085080287,-15.4018795830225,0.14114285727841,0.989989239254289
597,-104.425330028992,-15.6009383791386,0.139901679520672,0.990165400358594
598,-105.216292572928,-15.7986741474022,0.138853456838122,0.990312939188469
599,-106.005691225524,-16.0002876330764,0.137886731737739,0.990448004294362
600,-106.793426367157,-16.1977303326438,0.13680783089202,0.990597606198713
601,-107.58166957663,-16.3925713655325,0.13577683026368,0.990739447263279
602,-108.374891751209,-16.5886574407162,0.13489700770963,0.990859625431871
603,-109.169187870824,-16.78067015667,0.133674597938579,0.991025278116537
604,-109.962839733487,-16.9680022084374,0.132696664296204,0.991156695626206
605,-110.768826118375,-17.1566567775353,0.13161206922943,0.991301297907527
606,-111.563623650199,-17.3400153060003,0.131327569145528,0.991339028578179
607,-112.356966640078,-17.521238697661,0.131637730605569,0.991297890586385
608,-113.152347497985,-17.7040471673184,0.130865222339875,0.991400168237798
609,-113.949200593219,-17.8858132649384,0.133115159076784,0.991100577350232
610,-114.745348147642,-18.0656369186288,0.138503936395711,0.990361883153271
611,-115.539010386973,-18.2533895631552,0.139736024166286,0.99018879187264
612,-116.331567241676,-18.454963445526,0.139650654499517,0.99020083553684
613,-117.126432638468,-18.6602956553946,0.139002612138886,0.990292014417246
614,-117.921567214924,-18.8577676031156,0.138061234722105,0.99042369492405
615,-118.716420177519,-19.0551999127094,0.137030770969227,0.990566791189559
616,-119.511127763887,-19.255293381489,0.136257619328637,0.990673438210035
617,-120.304700864041,-19.4500768716933,0.135067734605447,0.990836367453553
618,-121.097704487603,-19.6381317912524,0.134153999695422,0.99096049586536
619,-121.890846399454,-19.8258877352079,0.13298136694787,0.991118537837264
620,-122.682777408401,-20.0169453885057,0.133391229604258,0.991063459050259
621,-123.474057081744,-20.2052937691182,0.132374887847475,0.99119972208802
622,-124.271461188045,-20.3914801553098,0.131476566609641,0.991319278755609
623,-125.070382917944,-20.5789300313707,0.131853939924587,0.991269155439815
624,-125.866439672624,-20.7619467353614,0.134194456510328,0.990955018071909
625,-126.662066578107,-20.9417374163162,0.133585608507248,0.991037277401687
626,-127.457411825806,-21.1281321214307,0.136481700630878,0.990642592155669
627,-128.255327425864,-21.3156991855971,0.13715320074095,0.990549847068038
628,-129.054318844913,-21.5045943553946,0.140039930662322,0.99014585684135
629,-129.855535627562,-21.6962622484813,0.140113877797099,0.990135395412496
630,-130.658077984059,-21.8898600426372,0.139796347068206,0.990180277195211
631,-131.460054305874,-22.0871243478865,0.139355679336485,0.990242391860027
632,-132.261071263133,-22.2824068640095,0.140605602765403,0.990065686947577
633,-133.059146037283,-22.4798878464761,0.139957517017525,0.990157509404584
634,-133.853030693465,-22.6816838134265,0.142293425157583,0.989824520385772
635,-134.651809307459,-22.8863617205701,0.143998474542571,0.989577909681402
636,-135.45049219509,-23.0896532268548,0.14404275669578,0.989571464950097
637,-136.244632538831,-23.3018835492226,0.144911230928762,0.989444659973822
638,-137.041663551921,-23.514707363067,0.144070978368945,0.989567356571454
639,-137.84138015334,-23.7256354952601,0.146092691933285,0.989270905952301
640,-138.643037364538,-23.9356654443931,0.147369806291596,0.989081462870262
641,-139.442911970151,-24.145638023569,0.148979255613232,0.988840321486198
642,-140.24694697739,-24.3567193373126,0.151783415046634,0.988413777178759
643,-141.057156985851,-24.5648026542092,0.151792574528595,0.988412370581217
644,-141.866714215922,-24.7775856610234,0.151618457958566,0.988439094333215
645,-142.675659305782,-24.9903025942455,0.151730009114273,0.988421976857143
646,-143.483846177052,-25.2050363509616,0.15707202479764,0.98758715009156
647,-144.290230145206,-25.421362491623,0.161232353582547,0.9869164747628
648,-145.096134626243,-25.6450417782791,0.160905757245155,0.986969775264351
649,-145.897957871269,-25.8793596220721,0.160515074428631,0.987033388939387
650,-146.704255678954,-26.109696325054,0.160069538837926,0.987105740402827
651,-147.515389177483,-26.3372708453518,0.162514590520247,0.986706140584945
652,-148.323845042777,-26.5654874300656,0.16199030320808,0.986792349821661
653,-149.120387101665,-26.7958202816351,0.16161173417641,0.986854420558825
654,-149.890160931107,-27.0205192010947,0.160933301753385,0.986965284286511
655,-150.622568794607,-27.2308075218076,0.162425235432046,0.986720853582635
656,-151.317942210797,-27.4310675295744,0.16609656487676,0.986109492468326
657,-151.971494871733,-27.6218273977277,0.169844899569252,0.985470806310522
658,-152.585569226635,-27.8111752578134,0.173390012951978,0.984853239527856
659,-153.170597486981,-27.997458546047,0.176525083189741,0.984296141923179
660,-153.736976749705,-28.1720635588105,0.179615511053864,0.983736889716381
661,-154.288457644121,-28.3444240598177,0.183686658956275,0.98298484796129
662,-154.828649968361,-28.5191960717225,0.18858544177357,0.982056786113241
663,-155.355198352641,-28.6996797074278,0.196046165843604,0.980594666953692
664,-155.87478583897,-28.8918399728352,0.201895862274528,0.979406994459619
665,-156.395016220973,-29.0918920918026,0.204195295517796,0.978930171814313
666,-156.911456195844,-29.2912012180148,0.207224418991966,0.978293432551523
667,-157.426304944257,-29.4914677425945,0.21119440024993,0.977444077839276
668,-157.951092157971,-29.7034633310916,0.214081479166744,0.976815806730101
669,-158.459166204056,-29.9185744486438,0.217647333130374,0.9760274782921
670,-158.970891157742,-30.130851830786,0.221090494018523,0.975253297074481
671,-159.488938134352,-30.3475846889093,0.224357118445389,0.97450699505077
672,-160.012689655143,-30.5765013877886,0.227924971035758,0.973678698328329
673,-160.544673308815,-30.8159514525961,0.231156215292503,0.972916648090496
674,-161.094077815074,-31.0601949827078,0.234663362557897,0.972076697731728
675,-161.658034028137,-31.31964244915,0.238712265359415,0.971090343051035
676,-162.22658835929,-31.5971100014776,0.243750790874536,0.969837899830708
677,-162.802134142235,-31.8871407130798,0.248795372911492,0.968556070869328
678,-163.392382489073,-32.1869417841788,0.253306352358855,0.967386113118568
679,-163.995766119968,-32.4935758938748,0.257596998800687,0.966252444348204
680,-164.610349612371,-32.8159597540259,0.261894592006717,0.965096483610647
681,-165.230646133003,-33.1544642605176,0.266298781128033,0.963890532773159
682,-165.857736814481,-33.5038575874336,0.269822391653968,0.962910108453604
683,-166.497839906839,-33.8587477348014,0.269705191598911,0.962942942039971
684,-167.155234466625,-34.2157777345473,0.268792088168324,0.963198221207926
685,-167.822466131256,-34.5801688075993,0.267530269485216,0.963549456389846
686,-168.495835904301,-34.9581034461519,0.266757067875244,0.963763802359584
687,-169.179564181284,-35.3398189649244,0.26375786757482,0.964588921402472
688,-169.87493857851,-35.7134416397683,0.255281743834312,0.966866708116953
689,-170.574515753484,-36.0821237866352,0.245966439467459,0.969278345293911
690,-171.278030002976,-36.4387243551903,0.236846978271811,0.971546966895328
691,-171.979039076629,-36.7739182080513,0.228445820960523,0.973556627467387
692,-172.667093798833,-37.0884685594936,0.220197522402933,0.975455304525845
693,-173.372242620468,-37.3894756082244,0.211192967804406,0.977444387343836
694,-174.072705609415,-37.6672551334638,0.200880968023792,0.979615657636108
695,-174.775437189105,-37.9360881730848,0.190884701096324,0.981612464716788
696,-175.484957830612,-38.1926296801473,0.180218240939871,0.983626649513187
697,-176.207477018335,-38.4324974591065,0.169116844481434,0.985596008977635
698,-176.942643068664,-38.6588648754039,0.155930105667753,0.987768091277727
699,-177.676871315684,-38.8718697156541,0.138142258522245,0.990412397140895
700,-178.439862988689,-39.0710795947242,0.119910787681309,0.992784671012626
701,-179.207461479146,-39.2391969721269,0.101321258272573,0.994853759414952
702,-179.980888436216,-39.3769067870932,0.08284440853165,0.996562493762956
703,-180.755269887568,-39.484188645678,0.064574495282439,0.997912889263897
704,-181.520469053062,-39.5645108589657,0.04653948789076,0.998916450994209
705,-182.29084318192,-39.6156915326449,0.028697110938836,0.999588153102949
706,-183.052060738492,-39.634393813642,0.012091137197927,0.999926899528791
707,-183.814479581256,-39.6268474097378,-0.000843048359201,0.999999644634669
708,-184.566197814937,-39.5993136047334,-0.013009325853663,0.999915375139733
709,-185.313633124917,-39.5553963428537,-0.024622992605407,0.99969680815493
710,-186.051363290195,-39.4976196428572,-0.035185321990678,0.999380804856894
711,-186.795356506622,-39.4214618687563,-0.043447919422809,0.999055693291334
712,-187.535326175661,-39.3257361670387,-0.05141584941992,0.998677330486894
713,-188.499070128118,-39.1863323152115,-0.060908662450065,0.998143343833211
714,-189.465035409037,-39.0195236828219,-0.068238776474679,0.99766901795397
715,-190.186112803578,-38.8912434241071,-0.069745834069941,0.997564794201303
716,-191.069640337024,-38.7291544884904,-0.070303406997804,0.997525654288902
717,-191.949517423295,-38.5674359265347,-0.066549964323907,0.997783093787666
718,-192.882868076406,-38.4107057520038,-0.060603024896558,0.998161947468139
719,-193.793641572789,-38.2661535547306,-0.054989559932249,0.998486929457996
720,-194.621777068556,-38.1394414487644,-0.050545718078949,0.998721748228146
721,-195.456491632506,-38.0203555241892,-0.045706013828812,0.99895493406854
722,-196.354188470032,-37.9040348271052,-0.041500186606068,0.999138496161399
723,-197.277061478629,-37.7974853186933,-0.041859170863996,0.999123520799395
724,-198.13351225051,-37.6897719015457,-0.042446642448891,0.999098735133228
725,-198.992585968752,-37.5721561329956,-0.041281938691921,0.999147537422695
726,-199.943615708102,-37.4558112278688,-0.034809572855414,0.999393963178497
727,-200.984204335883,-37.3412017657165,-0.028659065580295,0.999589244620041
728,-201.909482713076,-37.2394713421163,-0.023246906968895,0.999729754141778
729,-202.8273782423,-37.1578437807085,-0.016833028841164,0.99985831453263
730,-203.809238549058,-37.089764272952,-0.008912717019821,0.999960280948861
731,-204.841719605548,-37.0348996065836,-0.002705013123993,0.999996341445307
732,-205.765616751536,-36.9942815006568,0.003473695683323,0.99999396670095
733,-206.698343588506,-36.9682423461465,0.009384102362957,0.999955968342027
734,-207.659741160708,-36.9549427517791,0.015208976485104,0.999884336828153
735,-208.455613022199,-36.9522789449289,0.020344017416805,0.999793039061257
736,-209.438966789721,-36.9655396358907,0.026016757984087,0.999661506863197
737,-210.355335176634,-36.9837923988024,0.028525972742289,0.999593051636068
738,-211.281057738613,-37.00838760419,0.028882306255177,0.99958281917277
739,-212.280430701865,-37.0382721702239,0.030082304173697,0.99954742507577
740,-213.335171508718,-37.0835625044263,0.038260056137392,0.999267816005481
741,-214.291393445943,-37.1292674588271,0.04522390183096,0.998976875960192
742,-215.252842937403,-37.1873934207836,0.046058643918808,0.998938737521156
743,-216.28694488241,-37.2556244180821,0.046035868396778,0.998939787385083
744,-217.342169798989,-37.3273180875585,0.049930589820391,0.998752690209237
745,-218.301161746433,-37.3911835618712,0.052781849660751,0.9986060666481
746,-219.266729547887,-37.4626504820443,0.054320764612585,0.998523537294892
747,-220.304629215564,-37.5428398507693,0.055381648398953,0.998465258795024
748,-221.366005400682,-37.6237505876408,0.054721322508751,0.998501665928952
749,-222.316051816809,-37.6964685981261,0.053574858449681,0.998563835987513
750,-223.274422201233,-37.7657336366086,0.05222919070011,0.998635124376672
751,-224.304955424374,-37.8314126190778,0.050870812327342,0.998705242027475
752,-225.340398020631,-37.8839251430976,0.049439208365713,0.998777134638239
753,-226.296921351159,-37.9393416798527,0.0482436836573,0.998835595574754
754,-227.250693897445,-37.9927069841727,0.04698216571066,0.998895728344624
755,-228.275768277151,-38.0462851596891,0.046358460684691,0.998924868607718
756,-229.309185288353,-38.1022062394745,0.046081408537914,0.998937687639806
757,-230.262833031188,-38.1523306879523,0.046016258015371,0.99894069093128
758,-231.214551985158,-38.2023405495221,0.0458953999391,0.998946250938673
759,-232.239732401422,-38.2571937399237,0.045809326109087,0.998950201782567
760,-233.272339097595,-38.3134043353662,0.044718764380574,0.998999615671735
761,-234.225346493328,-38.3602454821635,0.04377364511209,0.99904147461134
762,-235.17530957281,-38.4060141124555,0.042452234330993,0.999098497546817
763,-236.195042906962,-38.4511231374894,0.040882604496464,0.999163956840711
764,-237.219957685837,-38.498909549336,0.039593228482911,0.999215880707618
765,-238.166265576193,-38.5408907641841,0.039686218581811,0.999212191706385
766,-239.114762438511,-38.5768221599424,0.039808000607548,0.999207347394738
767,-240.133157448523,-38.6135959089166,0.038868697667761,0.9992443266497
768,-241.162568618709,-38.6596399048988,0.038288049119753,0.999266743814985
769,-242.102839846756,-38.6978807789296,0.037877120256048,0.999282404408838
770,-243.045491129482,-38.7352243296132,0.037439007839333,0.999298914585624
771,-244.056162269806,-38.7760420493691,0.036887403323955,0.999319428148986
772,-245.069856156068,-38.8269297309333,0.036432931706996,0.999336100362252
773,-246.008977867737,-38.8681855182095,0.035602563598256,0.999366027772223
774,-246.949389377888,-38.9074999580573,0.034743869181272,0.999396249519836
775,-247.960894531154,-38.9497920326787,0.033784130418347,0.99942915333298
776,-248.997819728591,-38.986892516327,0.032866571833699,0.999459748291996
777,-249.943232630872,-39.0181384376855,0.03192934587433,0.999490128451521
778,-250.740041757739,-39.0420872646874,0.031301250790271,0.999509995797423
779,-251.674163341092,-39.0661642958802,0.030414471653062,0.999537372945137
780,-252.680756506736,-39.0939447182202,0.029055077311909,0.999577812119897
781,-253.705097975813,-39.1280830691626,0.027753281637183,0.999614803491008
782,-254.647665609072,-39.1554574468119,0.026797828584944,0.999640873705718
783,-255.591277751475,-39.1782542753376,0.025423713801828,0.999676765147876
784,-256.608101636189,-39.2018558290692,0.023822464062035,0.999716204833158
785,-257.644696452526,-39.221983104275,0.022011493485193,0.999757717726926
786,-258.588142483165,-39.2340489687942,0.020666910935588,0.999786416587253
787,-259.536402169267,-39.2409445953321,0.019245358461476,0.999814790937646
788,-260.555395744689,-39.2463866591922,0.017815338031789,0.999841294271653
789,-261.604705329795,-39.2463235396994,0.016416947802564,0.999865232831329
790,-262.557785428154,-39.2489769505471,0.015295578383755,0.999883015798302
791,-263.509332175519,-39.2518975085766,0.014556336508264,0.999894050921125
792,-264.503129536435,-39.2546677314255,0.015580002410146,0.999878624396431
793,-265.346096573693,-39.2539905600958,0.014404535004987,0.999896249303541
794,-266.377191438697,-39.2589470591107,0.013526310606554,0.99990851527596
795,-267.350092020695,-39.2599627623399,0.016559367149896,0.999862884279437
796,-268.282442162235,-39.2656107728082,0.019095947104722,0.999817655777379
797,-269.306381491047,-39.2746917937916,0.018293633983091,0.999832657476086
798,-270.347639142215,-39.2673566239326,0.01730607077005,0.999850238743034
799,-271.320539845499,-39.2623845676397,0.016284255008138,0.999867402728397
800,-272.252122872399,-39.2587398034244,0.014907059613439,0.999888883613415
801,-273.27344549574,-39.253742614109,0.013405447541697,0.999910142950959
802,-274.318790362095,-39.2490218138937,0.012118280392538,0.999926570944251
803,-275.293764238094,-39.2381019170242,0.010984229673612,0.999939671529477
804,-276.227246109173,-39.22500759299,0.009769935780513,0.999952273038491
805,-277.254086773717,-39.2089532314639,0.009249485579501,0.999957222593304
806,-278.297201504547,-39.2038401230953,0.01056339181428,0.999944205820194
807,-279.276237835946,-39.1938358762673,0.011960784356725,0.99992846726032
808,-280.218431087027,-39.1836016321555,0.012579197655912,0.999920878763082
809,-281.253319284914,-39.1747033403129,0.01342827978847,0.999909836586241
810,-282.300153300422,-39.1678672463919,0.014206909613196,0.999899076766872
811,-283.280614106985,-39.1632758408542,0.015112548576759,0.999885798916814
812,-284.062716493662,-39.1619459336668,0.015043299195035,0.99988684317243
813,-285.025151683263,-39.1602042828047,0.014947291522857,0.999888282997721
814,-286.060442818285,-39.1560176859747,0.014647289231819,0.999892722704871
815,-287.108868433674,-39.1491293346587,0.014667521038405,0.999892426127225
816,-288.067672664809,-39.1446096048269,0.014620925754864,0.999893108552145
817,-289.02439894466,-39.1446583460315,0.014826153271279,0.999890086549105
818,-290.050359349446,-39.1478043654126,0.014621410419515,0.999893101465024
819,-291.085224321567,-39.1417082269818,0.014613906401415,0.999893211167918
820,-292.038760449449,-39.1365192743969,0.015707272949587,0.999876633178557
821,-292.992312460541,-39.1357926217634,0.017578578834179,0.999845484845619
822,-293.805235510767,-39.1371163062588,0.019086276776264,0.999817840428355
823,-294.827249124492,-39.1440077764341,0.020595323618119,0.999787893828018
824,-295.866183516237,-39.1481901936982,0.020972693577753,0.999780048872798
825,-296.82135362467,-39.151356059004,0.020761034977991,0.999784466485974
826,-297.779628007294,-39.1508681996515,0.020473619627408,0.99979039348223
827,-298.809147262709,-39.1537372971202,0.020384005924014,0.999792224565929
828,-299.856990708101,-39.1660724933293,0.019950679758788,0.999800965381191
829,-300.814212531239,-39.1719557466816,0.018960997329868,0.999820224130447
830,-301.772190384609,-39.1759718915874,0.017774952375739,0.999842013054083
831,-302.809625866435,-39.1706520439533,0.016651468835493,0.999861354681548
832,-303.845307000429,-39.1537279631611,0.01504468408355,0.999886822335821
833,-304.804321202033,-39.1427769080802,0.013863190080203,0.999903901362926
834,-305.762209550449,-39.1310864774067,0.012512934574955,0.999921710169513
835,-306.792758749249,-39.1149648474815,0.010709307268612,0.999942653724616
836,-307.835823643092,-39.1044034971738,0.009410961152039,0.999955715924558
837,-308.794957904219,-39.0939731152867,0.008602204986165,0.999963000350201
838,-309.753060987107,-39.0840117375084,0.008472280494413,0.999964109587551
839,-310.780080825274,-39.0733918908895,0.00824010117061,0.999966049790041
840,-311.818875703169,-39.0627961504826,0.008869146626626,0.999960668345568
841,-312.772367520514,-39.0460845264549,0.00944343597067,0.999955409764389
842,-313.725472477358,-39.0338772361583,0.010206926921261,0.999947907964622
843,-314.719966168679,-39.0246570301206,0.010867553519217,0.99994094639659
844,-315.566501513346,-39.0161231851473,0.011685717888945,0.999931719667608
845,-316.603383497983,-39.0174774223592,0.01236954495442,0.999923494252246
846,-317.558519953587,-39.0207571284147,0.013217971161591,0.999912638803196
847,-318.514326792694,-39.0234976558167,0.013888157873231,0.999903554884614
848,-319.542141653666,-39.0304635500774,0.014741151046213,0.99989134332978
849,-320.597562248125,-39.0384097677918,0.015510855898478,0.999879699438536
850,-321.558505345553,-39.0426431702096,0.015921365473028,0.999873247027579
851,-322.519651784676,-39.0469758911036,0.01563612465853,0.999877748330096
852,-323.549804302706,-39.0504240450396,0.015186637258408,0.999884676374622
853,-324.601443353026,-39.0475187250957,0.014824839727578,0.999890106025183
854,-325.563875457045,-39.0521834701426,0.014806403948193,0.999890379192701
855,-326.525134962761,-39.0557160804423,0.014804017192778,0.999890414532991
856,-327.558817751213,-39.059799852317,0.01474137058507,0.999891340093149
857,-328.612599800868,-39.0630012877695,0.015931212098064,0.999873090187493
858,-329.576243913217,-39.0674059025321,0.017155487709609,0.999852833791776
859,-330.540211915668,-39.0752173048911,0.01868421143349,0.999825434885065
860,-331.574103741508,-39.0844701327345,0.019701364950126,0.999805909273946
861,-332.62633611785,-39.0878511496893,0.019670993855457,0.999806507280653
862,-333.587921810197,-39.095551206511,0.019234026934583,0.999815008993104
863,-334.548224042198,-39.1027381966315,0.018974627194776,0.999819965555209
864,-335.583198773864,-39.1104444203609,0.01874502505502,0.999824296581998
865,-336.639196981407,-39.1166150728399,0.01854207428074,0.999828080962606
866,-337.601258777219,-39.1236773882893,0.018332884269986,0.999831938554847
867,-338.560695555945,-39.1288767593742,0.018291051602981,0.999832704721774
868,-339.596406233797,-39.1352633696125,0.018223715189141,0.999833934313446
869,-340.646173296594,-39.1422372674835,0.018497311030253,0.999828910106449
870,-341.608124115826,-39.1449873502786,0.018744646898335,0.999824303671729
871,-342.568424135601,-39.1472304062464,0.018635759057924,0.999826339163124
872,-343.607769647672,-39.1495015698216,0.018265957895846,0.99983316347386
873,-344.643339557811,-39.1388390868631,0.017628500624122,0.999844605909211
874,-345.605230276727,-39.1328100659237,0.017226728795096,0.999851608897551
875,-346.570879684864,-39.1259213052819,0.016674748934961,0.99986096670885
876,-347.605292078401,-39.1224613856282,0.016176957530763,0.999869144460938
877,-348.652764368332,-39.1274733185975,0.015394076455354,0.999881504184414
878,-349.607062327895,-39.1272022135533,0.015003059800425,0.99988744776431
879,-350.571034216916,-39.1282015293302,0.014511339518478,0.999894704969168
880,-351.60634341829,-39.1255894209481,0.014033174691249,0.999901530155887
881,-352.647067321015,-39.1007907299807,0.013292897229084,0.999911645538373
882,-353.603048619559,-39.0871928735154,0.012944428208322,0.999916217379416
883,-354.561884062011,-39.0746409236907,0.012405914998871,0.999923043675383
884,-355.597015370069,-39.0589544515767,0.011938021115781,0.999928739286875
885,-356.643976435035,-39.0541721755182,0.01153909185006,0.999933422463354
886,-357.607529892753,-39.0499415693082,0.011354647046861,0.999935533917283
887,-358.570874982091,-39.0479160811893,0.010965033434315,0.999939882213818
888,-359.610076500516,-39.044055302451,0.010111729850842,0.999948875152837
889,-360.663710938447,-39.0442454928556,0.009211106587636,0.999957576857854
890,-361.628693013006,-39.0352323078783,0.008370830071087,0.999964963988199
891,-362.594193126597,-39.0220647554254,0.007501712057457,0.999971861762223
892,-363.635386509827,-39.0078473061678,0.006834961803888,0.999976641375757
893,-364.6917419434,-38.9914201366218,0.007498698741735,0.999971884363346
894,-365.660444691394,-38.9772485897863,0.008217771788208,0.999966233543332
895,-366.627979367599,-38.9639956354996,0.009264082630412,0.999957087465766
896,-367.664595057168,-38.9502793937081,0.010534273400996,0.999944513002553
897,-368.719659902773,-38.9326930803288,0.011618822020588,0.999932499209249
898,-369.52243366275,-38.9221896536429,0.012214399486381,0.999925401440121
899,-370.490044369413,-38.9154986181712,0.013227798349974,0.999912508848055
900,-371.452853256144,-38.9123232688477,0.014176724584183,0.999899505190429
901,-372.489013590468,-38.9063000851087,0.014961082236605,0.999888076745747
902,-373.534630986507,-38.9014784781652,0.014692555407728,0.999892058582121
903,-374.497218528017,-38.8980337261338,0.014611274194542,0.999893249635386
904,-375.457717183773,-38.8912864934279,0.014026223454841,0.999901627689242
905,-376.490595223599,-38.8877856132998,0.013223595213354,0.999912564442328
906,-377.543474362269,-38.8901135383035,0.012217702881858,0.999925361082661
907,-378.509767885512,-38.8890047248178,0.01167261698267,0.999931872685723
908,-379.479202649262,-38.8847403268067,0.010833024139258,0.999941321072391
909,-380.523820210202,-38.8774108555126,0.010265397530838,0.999947309418618
910,-381.58435956408,-38.8667521713454,0.01062508176212,0.999943552225598
911,-382.55426253313,-38.8597586368073,0.011442653104169,0.999934530701854
912,-383.52208779138,-38.8532366667059,0.012287343380065,0.99992450774679
913,-384.557679528598,-38.8501221147587,0.013576375950476,0.999907836760994
914,-385.589767504409,-38.8450212101941,0.014580537823744,0.99989369830836
915,-386.543935406267,-38.8440992052403,0.015303508080398,0.999882894463363
916,-387.504133421236,-38.845436161606,0.01591189315036,0.999873397814129
917,-388.538498624405,-38.850720760615,0.016786035281544,0.999859104584004
918,-389.592126841187,-38.8546892935422,0.017833656668988,0.99984096769927
919,-390.554454418988,-38.8577618459235,0.018804427755894,0.999823181115928
920,-391.516812852352,-38.8637236294789,0.01956900856475,0.999808508617422
921,-392.55085974267,-38.871378571584,0.020069734263413,0.999798582598813
922,-393.600508399111,-38.8822742372324,0.020510622571951,0.99978963505415
923,-394.562661391727,-38.8958322230277,0.020502541399704,0.999789800806226
924,-395.523589041512,-38.9102912582112,0.020667941120047,0.999786395291443
925,-396.560893346835,-38.9287643667449,0.020767744859824,0.999784327129325
926,-397.611827336301,-38.9524184186854,0.021028416245464,0.999778878407725
927,-398.57731247301,-38.9676309181616,0.02059277458182,0.999787946334133
928,-399.541092705629,-38.9863394617833,0.020177063590071,0.999796422330507
929,-400.575137817833,-39.0114881183634,0.01978137447117,0.999804329468537
930,-401.628768537974,-39.027508346431,0.019406114986525,0.999811683619035
931,-402.5918348505,-39.0404045322902,0.019069104965116,0.999818168086492
932,-403.558293803704,-39.0479754575733,0.018995583712597,0.999819567621787
933,-404.596414840796,-39.0507908033484,0.018915206322535,0.999821091480759
934,-405.654558473951,-39.0496051307947,0.018822411866612,0.99982284271341
935,-406.622511341666,-39.0526370885711,0.018883407211673,0.999821692569269
936,-407.590706431394,-39.0600067489791,0.01894024444849,0.999820617481072
937,-408.629604948075,-39.0710281440267,0.018962304540717,0.999820199339114
938,-409.672782849354,-39.0836727721638,0.018834193313665,0.99982262084943
939,-410.636289897175,-39.0989293941353,0.019030845854955,0.999818897053884
940,-411.6038518272,-39.1150960231864,0.019970727987752,0.999800565124685
941,-412.64408231024,-39.134280736218,0.023335208823139,0.999727696940112
942,-413.695390967061,-39.1605595419132,0.027161750546874,0.999631051592151
943,-414.652916059839,-39.1943340553761,0.031294158503045,0.99951021787853
944,-415.607497938464,-39.2384260997444,0.035301852872045,0.999376695337549
945,-416.635564873115,-39.2980459424887,0.039415017363134,0.99922292628135
946,-417.676294605199,-39.3656956237625,0.04251157746666,0.999095974259378
947,-418.632748897955,-39.4172008591672,0.045313819739934,0.998972801301706
948,-419.586562451733,-39.4814300911339,0.047642054102731,0.998864472629231
949,-420.619723791698,-39.5653646318373,0.050588236524993,0.998719595444733
950,-421.671071706387,-39.6476855837342,0.053276453431761,0.998579801272654
951,-422.631452330531,-39.7234847412413,0.055830665678919,0.998440251977978
952,-423.46280747997,-39.7898337881329,0.057031210822799,0.998372395948569
953,-424.392112899172,-39.8643351831011,0.05643042040001,0.998406534260207
954,-425.414415731318,-39.9520280834144,0.054895128499884,0.998492125590874
955,-426.470928761107,-40.0379009331421,0.053320664656915,0.998577441523964
956,-427.452676839751,-40.1171139008954,0.051471307329928,0.998674473750956
957,-428.393879652648,-40.1943121391301,0.050281888452674,0.998735065817574
958,-429.419754059508,-40.2680692675371,0.048839576369028,0.998806635831027
959,-430.401362479551,-40.326014253611,0.049181266155178,0.998789869321557
960,-431.315094204045,-40.382555650291,0.053326541701176,0.998577127692294
961,-432.165922124053,-40.443583369647,0.061278778715998,0.998120689736004
962,-433.082581942308,-40.5290311257219,0.068814442682569,0.997629476548427
963,-433.93576812928,-40.6240434184014,0.073185213994069,0.997318366647603
964,-434.773798411765,-40.71761587978,0.077361501544193,0.997003108359662
965,-435.56624415108,-40.8119703208617,0.084571937321807,0.996417376111856
966,-436.436142450603,-40.9302417367472,0.093550082991336,0.995614575009986
967,-437.302957361404,-41.06801399951,0.101865080988672,0.994798223397675
968,-438.127543903126,-41.214513770224,0.109113332219058,0.994029315831306
969,-438.919046398358,-41.363846848834,0.116309822573777,0.993212980771424
970,-439.787994566908,-41.5359247974535,0.119502502124493,0.992833899494767
971,-440.68920967365,-41.7314755140825,0.118919331375167,0.99290391913079
972,-441.531457831844,-41.9090906306576,0.117648942360987,0.993055248393231
973,-442.346059141926,-42.074349690658,0.116419543849617,0.993200125760084
974,-443.043634606949,-42.2168391201094,0.115464275326319,0.993311633438051
975,-443.945497767722,-42.4030701400132,0.117078164946218,0.993122703039673
976,-444.902623625071,-42.6138577144751,0.117034154944974,0.993127890342586
977,-445.747279655275,-42.8004862067948,0.118902966919723,0.992905878952123
978,-446.596656027402,-42.9856813284792,0.117842238203618,0.993032329229598
979,-447.510132276385,-43.1821728167886,0.115705731462543,0.993283536411793
980,-448.472494678127,-43.3888254714161,0.113624053346711,0.993523816775956
981,-449.332286197279,-43.5645232132086,0.110647083873154,0.993859760142429
982,-450.194252987164,-43.7328256580685,0.102634363769579,0.994719149998437
983,-451.118053651742,-43.9056856505052,0.091683829883299,0.995788167904163
984,-452.070392130386,-44.0654954244416,0.084779198364947,0.996399762908742
985,-452.936745273708,-44.1901443398774,0.082734275510728,0.996571643012039
986,-453.80809550524,-44.3126325850748,0.080466016129551,0.996757352743505
987,-454.746844440374,-44.4401362358267,0.071406670792077,0.997447285507556
988,-455.71328603847,-44.5554504401825,0.061234982217292,0.998123377620647
989,-456.596276100658,-44.6348175590514,0.050880146487152,0.998704766531855
990,-457.486322901608,-44.6942693474044,0.043545619334763,0.999051439634993
991,-458.442583444537,-44.7409833074611,0.037937663510234,0.999280107721246
992,-459.418973288746,-44.7415331398294,0.035937725553583,0.999354031303239
993,-460.312998852476,-44.752393535948,0.034833792893125,0.999393119284238
994,-461.211464628469,-44.7634714774184,0.034504133923772,0.999404555093767
995,-462.149021816072,-44.7768886489507,0.034178374643093,0.999415748678575
996,-462.937528150974,-44.793543433542,0.033456624656496,0.999440170428723
997,-463.883795989784,-44.8103517782641,0.036479031614072,0.999334418626968
998,-464.752311565381,-44.8360349652422,0.045344521476136,0.99897140818549
999,-465.621897062946,-44.8759419351335,0.053205243297445,0.99858359794544
1000,-466.552574687139,-44.9323540583081,0.058213309879578,0.998304167352248
1001,-467.480109041307,-44.9973813779157,0.062216376169582,0.998062684672824
1002,-468.339636646595,-45.0654899273674,0.067011465800157,0.997752205435455
1003,-469.064656919021,-45.1315839301125,0.071638638595351,0.997430651955415
1004,-469.915267015701,-45.2129234369139,0.077194194986606,0.997016076229651
1005,-470.622424516481,-45.2884208398412,0.083870055116653,0.996476700106294
1006,-471.540656305041,-45.4039391388673,0.095217007683782,0.99545653920588
1007,-472.47559792648,-45.5594152287856,0.107327328797718,0.994223739654785
1008,-473.303899867522,-45.7076920073839,0.116503924803085,0.993190231277713
1009,-474.045418439399,-45.8572756717748,0.125109848481936,0.992142895863709
1010,-474.700473124756,-46.0035433716838,0.128905868866662,0.991656834278739
1011,-475.065031141617,-46.0928231033105,0.1301965694768,0.991488201289593
1012,-474.640858082821,-45.9658012738196,0.129777742431176,0.991543109284446
1013,-476.447751519646,-46.1309105563685,0.157103820759383,0.987582092538541
1014,-477.355594976148,-46.4088905336619,0.174005260010287,0.984744723006299
1015,-477.740512066091,-46.5396386772641,0.179194428982105,0.983813679830575
1016,-478.399324916984,-46.7640005939206,0.189472044980984,0.981886115682834
1017,-478.777407484972,-46.8954051833335,0.196802429526409,0.980443167007911
1018,-479.194284509674,-47.0564520537345,0.204899466566917,0.978783024270749
1019,-479.64097053783,-47.2420447824538,0.211759399533991,0.977321828626069
1020,-480.053669187457,-47.4212397325505,0.218349947544356,0.975870534654765
1021,-480.48048961311,-47.6112249924788,0.22486793351039,0.974389251007402
1022,-480.953556686769,-47.8296511892182,0.234205307242196,0.972187159995229
1023,-481.449531992183,-48.061546723865,0.242958417313025,0.970036704180182
1024,-481.911357777781,-48.2907605588073,0.251622321833621,0.967825504497096
1025,-482.38101379605,-48.5412074733756,0.260089430036235,0.965584531971917
1026,-482.898658261376,-48.826655415395,0.267098001788943,0.963669371434183
1027,-483.434346943755,-49.1354216554906,0.273471154923406,0.961880204300337
1028,-483.932907561067,-49.433552805382,0.282977498512638,0.959126548134046
1029,-484.435160308424,-49.7477569235034,0.293458741358515,0.955971739707967
1030,-484.864301932373,-50.0228141660872,0.302086683667839,0.953280460069631
1031,-485.415375873744,-50.3932181253437,0.313183980040716,0.949692473722866
1032,-485.977079825418,-50.7780595709463,0.322214705798532,0.946666616801906
1033,-486.500014904264,-51.1578591600439,0.329614203749631,0.944115711492239
1034,-487.023774558882,-51.552861273542,0.33636556761401,0.941731493008333
1035,-487.598872321277,-52.00381159468,0.344387848220877,0.938827465510993
1036,-488.187570112383,-52.4914507813818,0.35164040927349,0.936135151869629
1037,-488.73952105059,-52.9517980963314,0.353981794044461,0.935252313274372
1038,-489.300963103743,-53.4183967690367,0.353864788091669,0.935296590258319
1039,-489.9108048131,-53.9295925181598,0.353345438362565,0.935492918833899
1040,-490.528675581974,-54.4659238927252,0.352572773282869,0.935784397999682
1041,-491.117016887815,-54.9645418947954,0.349798654422854,0.936824904325222
1042,-491.719656639816,-55.4703043682829,0.344279023929302,0.938867378111673
1043,-492.384771737939,-56.0141349748856,0.333652018988426,0.942696308587738
1044,-493.077846157574,-56.5634309990387,0.32299006146179,0.946402356398646
1045,-493.745595528229,-57.0589607781948,0.312499684164768,0.949917863500271
1046,-494.43529042141,-57.5513871344585,0.301887382693176,0.953343593973686
1047,-495.204504616931,-58.0742089489025,0.289585129226295,0.957152262145888
1048,-496.030993432895,-58.5954344377184,0.276143950965965,0.961116287628561
1049,-496.797059120339,-59.0517958548675,0.260162537566917,0.965564836790747
1050,-497.596419830624,-59.49090610425,0.24294318567253,0.970040519017264
1051,-498.486559648571,-59.9369903689144,0.220675719683953,0.975347233933623
1052,-499.399893768018,-60.3600703389542,0.199655190993945,0.979866217760961
1053,-500.26269468837,-60.7053339302125,0.179392418551826,0.983777596901925
1054,-501.099109900114,-61.0031382306478,0.159280522486846,0.987233364081825
1055,-502.001413306622,-61.2772443135821,0.134749673186482,0.990879672602146
1056,-502.798502098796,-61.460681718849,0.112146657653076,0.99369166605001
1057,-503.590314822305,-61.6232609487773,0.09065050362779,0.995882767293434
1058,-504.373560261006,-61.7518157271375,0.067713081961686,0.997704835375298
1059,-505.19252389105,-61.8447551657551,0.039135534363154,0.999233911529283
1060,-505.919454159835,-61.8811199438645,0.01235746813726,0.999923643575466
1061,-506.664612391038,-61.8816769357339,-0.013521700918831,0.999908577623105
1062,-507.402120182612,-61.849647708465,-0.039700876040198,0.999211609440984
1063,-508.19708350908,-61.7733308133882,-0.06681663557478,0.997765271599722
1064,-508.935880806038,-61.6499504805641,-0.096298888173212,0.995352462264802
1065,-509.64413818691,-61.5008908788844,-0.122445851219658,0.992475195417545
1066,-510.234352056561,-61.3405764961773,-0.144172569398568,0.989552560621726
1067,-510.900365695008,-61.1256725876096,-0.170612250285801,0.985338246518633
1068,-511.616461172455,-60.8561649479475,-0.1998361677204,0.979829324969826
1069,-512.32932754766,-60.5273277135632,-0.226661379687818,0.97397362333793
1070,-512.974604682659,-60.185876515878,-0.253213376625104,0.967410453684533
1071,-513.564095689398,-59.8343211148239,-0.279719754721045,0.960081693825478
1072,-514.169340174176,-59.4331007539154,-0.309872047558203,0.950778267600857
1073,-514.733066470951,-59.0134507298076,-0.339168928009929,0.940725485076595
1074,-515.239146513131,-58.57959272903,-0.367848046769591,0.929885914770085
1075,-515.685746268769,-58.15255404334,-0.395734676876388,0.918364886914532
1076,-516.127272851632,-57.6644437394705,-0.427430661660043,0.904048134488899
1077,-516.523899156495,-57.1551056630957,-0.456916049177753,0.88950982232002
1078,-516.875722280058,-56.642858585548,-0.480691291984022,0.876889891497634
1079,-517.180375928083,-56.1407383946182,-0.499474322068045,0.866328691429914
1080,-517.489143764639,-55.5823950950253,-0.516963137422689,0.856007660331431
1081,-517.797611586437,-54.9799354626832,-0.537390091251099,0.843333795021364
1082,-518.01312927959,-54.5200724217889,-0.555378594679236,0.831597629008234
1083,-518.237663395787,-53.9593068359616,-0.576464178948576,0.817122420686854
1084,-518.397792032511,-53.4752610189807,-0.594174714123722,0.804336005097368
1085,-518.537029954518,-52.9750299005767,-0.611324188792034,0.791380272813116
1086,-518.676352467296,-52.3782148168356,-0.631722823174623,0.775194346393396
1087,-518.771131400618,-51.8730582501911,-0.648163146322254,0.761501500819031
1088,-518.846138125413,-51.362346474579,-0.664336145426482,0.747433934123869
1089,-518.900607196121,-50.851129813235,-0.680087009800752,0.733131406434257
1090,-518.934811967908,-50.331713760211,-0.695589301887766,0.718439644715748
1091,-518.943320470426,-49.8025295360342,-0.710406501444929,0.703791590390775
1092,-518.923954244806,-49.2790490424658,-0.724836535798654,0.688920892680289
1093,-518.882061255494,-48.7597138564786,-0.738792752260853,0.673932688928823
1094,-518.823282067383,-48.242574182416,-0.752567317343824,0.658515324700891
1095,-518.741768628635,-47.7255670481367,-0.766107667834544,0.642712253878138
1096,-518.636250870644,-47.2171073573868,-0.779369358326485,0.626564763852679
1097,-518.504670123558,-46.708964094543,-0.792444399890532,0.609944155707828
1098,-518.348934938776,-46.1989620684159,-0.805195202025057,0.593009853742606
1099,-518.17928981285,-45.7035675418405,-0.817544477494979,0.575865459389138
1100,-517.989615457013,-45.2156216937384,-0.829230472183737,0.558906811554427
1101,-517.777878611088,-44.7352523586851,-0.840587251496181,0.541676169516527
1102,-517.547494089497,-44.266748120997,-0.851510579329803,0.524337423125055
1103,-517.299326328812,-43.8175183627772,-0.861981194311063,0.506940253534945
1104,-517.026173030625,-43.3682186455009,-0.871661485253888,0.490108411603989
1105,-516.739745494986,-42.9334885983427,-0.881044006743139,0.473034309730274
1106,-516.437534352318,-42.5056749620128,-0.88995549147713,0.456047391385699
1107,-516.117487219019,-42.085407697244,-0.898628668155625,0.438710060026947
1108,-515.781330648166,-41.6755682887403,-0.906903905482734,0.421337520546371
1109,-515.43664017411,-41.2827671918735,-0.91489552920876,0.403690686830677
1110,-515.068522989204,-40.8958954511986,-0.922536032424829,0.385910959779396
1111,-514.688277784576,-40.5303146394378,-0.930005172874989,0.367546430299305
1112,-514.293650064193,-40.1823224181888,-0.937180753264456,0.348844142434221
1113,-513.887135910987,-39.8561728475756,-0.94403170882337,0.329854714588148
1114,-513.46341344306,-39.5525930577439,-0.95058594700388,0.310461523153412
1115,-513.025831330905,-39.2700956014375,-0.956686439060734,0.291120348511219
1116,-512.589054940118,-39.0045273077913,-0.962429937765319,0.271530136252027
1117,-512.130904741068,-38.7433717275243,-0.967813071118021,0.251670140010896
1118,-511.662657240595,-38.5075394467002,-0.972526715102272,0.232791297973926
1119,-511.183931193812,-38.2909018408528,-0.976898058151478,0.213705835156347
1120,-510.69488672899,-38.0899204156758,-0.980820519802773,0.194913077893248
1121,-510.195990493029,-37.9129389861698,-0.984059176999211,0.177841322992254
1122,-509.541635271753,-37.7078340546564,-0.98778854571209,0.155800478048033
1123,-509.026687510157,-37.559283091819,-0.990124389441913,0.140191631106423
1124,-508.505361237665,-37.4278498028061,-0.99224239826659,0.12431823310426
1125,-507.971894984507,-37.3159147854313,-0.994108184494786,0.108392423722694
1126,-507.424244550589,-37.2207131625172,-0.995752285298476,0.092072723012095
1127,-506.868818899698,-37.138797788725,-0.99713296471552,0.075669350979359
1128,-506.305676959399,-37.0692676219482,-0.998226012865798,0.059538451760618
1129,-505.728264177152,-37.0214418853793,-0.998921166256602,0.046438169694232
1130,-505.134254922527,-36.9960819300081,-0.999358773673788,0.035805606840579
1131,-504.522439635382,-36.9800877343527,-0.999606114484726,0.028064495091638
1132,-503.893406562629,-36.9677300957256,-0.999784306937556,0.020768716893207
1133,-503.248517128403,-36.9630586659656,-0.999915532592219,0.012997218195425
1134,-502.585544010274,-36.9722098719224,-0.99998917724823,0.004652460253367
1135,-501.909547291974,-36.9956893170429,0.999996010899051,0.002824568283067
1136,-501.222392258935,-37.0280591994331,0.999980330596697,0.006272034735209
1137,-500.518499252692,-37.0650528807148,0.999977950221819,0.006640713076916
1138,-499.798991814007,-37.1061306512051,0.99998739030034,0.005021876174848
1139,-499.066522900771,-37.1515009615269,0.999990320052599,0.004399977397808
1140,-498.320365848545,-37.199397510608,0.999993834418738,0.003511570091875
1141,-497.561321108695,-37.244087313006,0.999995357019102,0.003047284075711
1142,-496.792267061104,-37.2881190427761,0.999986572012079,0.005182257763837
1143,-496.014793449008,-37.332702155519,0.999989358387536,0.004613362297001
1144,-495.232138761607,-37.3870235319445,0.999986124999522,0.005267808694396
1145,-494.449876446618,-37.4458167740373,0.999987613997599,0.004977132848169
1146,-493.678424547449,-37.4938213164334,0.999966463153173,0.008189784425383
1147,-492.919653070665,-37.5310451813274,0.999922678925281,0.012435279284726
1148,-492.184711040873,-37.5753691910279,0.999919737695799,0.012669576408283
1149,-491.478690696743,-37.6432819395484,0.999914170434266,0.013101593977574
1150,-490.802847644198,-37.7115671810716,0.999917143156069,0.012872716209336
1151,-490.146304789338,-37.7570497267265,0.999928802269496,0.011932744524693
1152,-489.506752643759,-37.7942761267543,0.999938977417214,0.011047236840765
1153,-488.88618526592,-37.8434765310407,0.999944319030446,0.010552669744518
1154,-488.273883343982,-37.8943861422776,0.999948311038063,0.010167362102628
1155,-487.668081949387,-37.9336552896516,0.999954772357046,0.009510690845985
1156,-487.067499695634,-37.9637558182084,0.999961713213639,0.008750548945348
1157,-486.466406950189,-37.9915172897407,0.999968141978623,0.007982169368026
1158,-485.869843336631,-38.0212762204019,0.999973493087622,0.007281011065812
1159,-485.279161658301,-38.0565075031921,0.999976591869342,0.006842200916126
1160,-484.68966109619,-38.0956952270502,0.999980414216168,0.0062586886855
1161,-484.099570378725,-38.1277804654452,0.999982211907623,0.005964550975368
1162,-483.508530997497,-38.1499717465128,0.999988828527304,0.004726819288849
1163,-482.912580694279,-38.1749688081736,0.999991570907524,0.004105863356525
1164,-482.311335568293,-38.2054223431854,0.999997801391594,0.002096953022552
1165,-481.705744349088,-38.2336802548058,-0.999998392875925,0.001792831717331
1166,-481.101060118775,-38.2525222870951,-0.999984796237367,0.005514280924187
1167,-480.498844382992,-38.2674308115601,-0.999956275104695,0.009351357053548
1168,-479.899284668088,-38.2855687080695,-0.99991938982955,0.012697001334983
1169,-479.322806398083,-38.3058690719428,-0.999874496240462,0.015842719712297
1170,-478.691932256146,-38.3256177295832,-0.999845884177159,0.017555850705545
1171,-478.102745161495,-38.3410507636683,-0.999819238443305,0.019012901899775
1172,-477.507493874365,-38.3530693660002,-0.99979549559998,0.02022293198303
1173,-476.902169316671,-38.3636747577401,-0.999707958864836,0.024166029510516
1174,-476.291558680774,-38.3775486808546,-0.999583438998749,0.028860846824616
1175,-475.676626075827,-38.3876219201989,-0.999440160223961,0.03345692949903
1176,-475.065610505052,-38.3861053247874,-0.999273222652624,0.03811858456762
1177,-474.458324456214,-38.3737134686462,-0.999081765629067,0.042844201328829
1178,-473.863613349257,-38.3568852503901,-0.998869665898412,0.04753304690417
1179,-473.205939584295,-38.3317535321703,-0.998651570924896,0.051913773598513
1180,-472.580479518327,-38.3033706263025,-0.998385091489726,0.056808530090572
1181,-471.951372420459,-38.2666866097859,-0.99814562744066,0.060871228187807
1182,-471.324056742605,-38.2173090623686,-0.997972616733732,0.063644766081967
1183,-470.697380811363,-38.1617914060351,-0.997920199240166,0.06446142992882
1184,-470.072222574999,-38.1087956395426,-0.997890756086893,0.064915629214612
1185,-469.445182573534,-38.0618583632882,-0.997867828711556,0.065267115935087
1186,-468.810426967076,-38.0085025310664,-0.997828234107145,0.065869683607989
1187,-468.169556607271,-37.9491552458031,-0.997607023575448,0.069139182183012
1188,-467.515161049366,-37.8972842230422,-0.997474873002174,0.071020262807856
1189,-466.847137099617,-37.8491813115557,-0.997308609639349,0.073318054660702
1190,-466.17099968572,-37.7940338685226,-0.997146144902212,0.07549546811999
1191,-465.483092748911,-37.7307928905818,-0.996951959117071,0.078017890336984
1192,-464.786844131851,-37.665509657415,-0.996737744342194,0.080708543560363
1193,-464.084876312765,-37.5969312001692,-0.996508681711796,0.083489204529802
1194,-463.377943411589,-37.5181001269675,-0.996256425335897,0.086447295949264
1195,-462.668891636704,-37.4310324029328,-0.99605261258032,0.088764818323024
1196,-461.962567333307,-37.3408819248558,-0.995860962348992,0.090889733575026
1197,-461.256459038782,-37.250393344005,-0.995796960116478,0.091588286493315
1198,-460.550922149151,-37.1580233528849,-0.995767916108049,0.091903521422379
1199,-459.843058555791,-37.0638600292505,-0.995751461609584,0.092081630645728
1200,-459.134065673644,-36.9746637187696,-0.995760914146508,0.091979355608264
1201,-458.426100991399,-36.887335890128,-0.995769590616308,0.09188537644169
1202,-457.720168231674,-36.7977318070432,-0.995771521043935,0.091864453831978
1203,-457.01643224893,-36.7084525161701,-0.995793986667019,0.091620609678202
1204,-456.308458884186,-36.6178652261496,-0.99579580763099,0.091600816069211
1205,-455.595647814224,-36.52694980429,-0.995818023227289,0.091358987602176
1206,-454.874965886359,-36.4353857726734,-0.995851606445786,0.090992186144454
1207,-454.147764225118,-36.346949427483,-0.995864608269562,0.090849777083445
1208,-453.412222596275,-36.262587052611,-0.995903934171948,0.090417663655042
1209,-452.665926863936,-36.1736266019751,-0.995930093590583,0.090129066791201
1210,-451.911181612278,-36.0782842657672,-0.995960414190867,0.089793392656461
1211,-451.145414009034,-35.9828235273842,-0.996005710208721,0.089289558357184
1212,-450.370753624997,-35.8837642353283,-0.996036409934762,0.08894644503447
1213,-449.593940463244,-35.77967710436,-0.996141146443917,0.087765690115211
1214,-448.815852637589,-35.6787378857398,-0.996297531167139,0.08597225942281
1215,-448.036293874956,-35.5804727133541,-0.996433715835335,0.084379203282479
1216,-447.254794041011,-35.4864295821002,-0.996475918288584,0.083879343529404
1217,-446.475572254631,-35.3925573776704,-0.99651651457417,0.083395660444345
1218,-445.69403610745,-35.3004300257301,-0.996586759363851,0.082551990046618
1219,-444.910968869991,-35.2137394541367,-0.996894344582783,0.078750655482119
1220,-444.1301674087,-35.1211131191543,-0.996962524513761,0.077882762631724
1221,-443.351556991764,-35.036953401607,-0.997053182807638,0.076713432025676
1222,-442.576347962442,-34.9523397782913,-0.997068279092058,0.076516970852242
1223,-441.808867288166,-34.8692552301177,-0.997121746370987,0.07581703577741
1224,-441.046281547414,-34.7929454601289,-0.997203251394715,0.074737376243817
1225,-440.280030977346,-34.7158065859175,-0.997292326991416,0.073539203993831
1226,-439.510372672212,-34.63854378665,-0.997385201069725,0.072268670162831
1227,-438.740537924188,-34.5685118231803,-0.997467250658289,0.071127237147205
1228,-437.973181280138,-34.5033675660641,-0.997577203474463,0.069568118474416
1229,-437.206139700246,-34.4382603090179,-0.997680904029827,0.068064776016873
1230,-436.43674831789,-34.3714026849273,-0.997775245724788,0.066667525969086
1231,-435.668812935288,-34.3053948043606,-0.997812430595775,0.066108648061743
1232,-434.904133148612,-34.2424658997286,-0.997846012845187,0.065599806775353
1233,-434.138418144651,-34.1779031462955,-0.99789116889895,0.064909283107179
1234,-433.369469977911,-34.1132310659776,-0.998036884232201,0.062628888798062
1235,-432.599193022155,-34.0549724465946,-0.998429825617459,0.056016812810895
1236,-431.831509844724,-34.0049178410764,-0.998803639308105,0.048900819061499
1237,-431.06873109854,-33.9633247127521,-0.999096459269372,0.042500177357331
1238,-430.305518462754,-33.9312321857397,-0.999185206706405,0.040359914507817
1239,-429.539643637746,-33.8994816373224,-0.999193782012675,0.04014705452716
1240,-428.769721755998,-33.8650854940258,-0.998991254904996,0.044905151412074
1241,-428.023688886931,-33.8311806839412,-0.998434451751426,0.055934296776031
1242,-427.219066839828,-33.7817993144414,-0.998197648770405,0.060012115353786
1243,-426.461689797426,-33.7152156223701,-0.998102426775921,0.061575528126183
1244,-425.698146820617,-33.652544844168,-0.998106847580972,0.061503827620518
1245,-424.929375550339,-33.6012095287332,-0.998167171653263,0.060516918574271
1246,-424.153915706016,-33.5540135785472,-0.998186209502624,0.060202086000262
1247,-423.370053456101,-33.5086199764642,-0.998329385235142,0.057779222701788
1248,-422.587703037892,-33.4554837544757,-0.99862568302651,0.052409399918675
1249,-421.808046091335,-33.40162115564,-0.998687055817606,0.051226599949263
1250,-421.021066520371,-33.3641394530796,-0.998739631911317,0.050191111261337
1251,-420.232083935477,-33.3296440654699,-0.998752773306441,0.049928927614097
1252,-419.439101409115,-33.294342734863,-0.998776338571071,0.049455287993958
1253,-418.642517643569,-33.2640178789263,-0.998818358185947,0.048599252573773
1254,-417.846242890331,-33.2368017593845,-0.998965120092515,0.045482841144185
1255,-417.052160115218,-33.2081075724236,-0.999017994310242,0.044306286736093
1256,-416.253140998626,-33.1816985056525,-0.999048797463578,0.043606195506823
1257,-415.448333968975,-33.1546015948577,-0.999064676614248,0.043240859631472
1258,-414.645309751777,-33.1250602313382,-0.999099110857918,0.042437797809476
1259,-413.880682383879,-33.1012635305311,-0.999187067069802,0.040313831378904
1260,-413.054931632974,-33.0815835196371,-0.999317119835427,0.036949885031305
1261,-412.27723276609,-33.0655398773208,-0.999392965253228,0.034838211813482
1262,-411.496053084375,-33.0537433867057,-0.999423253830354,0.033958205240392
1263,-410.71416873728,-33.0447397867515,-0.99943106270908,0.033727598375794
1264,-409.931664525203,-33.0343852248808,-0.999448100754342,0.033218878646602
1265,-409.143834560972,-33.0253068335578,-0.999463449989469,0.032753811001907
1266,-408.351378335567,-33.0167970204123,-0.99947121901913,0.032515878465993
1267,-407.561999613771,-33.0128815969455,-0.99948778444189,0.032002636632659
1268,-406.77204635908,-33.0154438616103,-0.999491714270654,0.031879666000597
1269,-405.978707337501,-33.0241370016526,-0.999507089103086,0.031393929869888
1270,-405.18219441589,-33.0299324931401,-0.999512394062259,0.031224575512446
1271,-404.383190907702,-33.0336480357986,-0.999520678002876,0.030958266176772
1272,-403.578246815639,-33.0401503608014,-0.999532086881654,0.030587698409751
1273,-402.770174847047,-33.0451169688468,-0.999534229970243,0.030517587024436
1274,-401.960316596455,-33.0482481892665,-0.999544090875574,0.030192886508627
1275,-401.14878577454,-33.0525004204593,-0.999551503490821,0.029946483420234
1276,-400.340805850086,-33.0566789200569,-0.999560020095846,0.029660853426566
1277,-399.534201175501,-33.059095839604,-0.9995617734163,0.029601708140952
1278,-398.726855703564,-33.0622108656544,-0.999566496453608,0.029441792870995
1279,-397.917763476442,-33.0635606145833,-0.99957588613457,0.029121261275739
1280,-397.111369305922,-33.0645349181622,-0.999585631056214,0.028784825619602
1281,-396.305382382699,-33.0628125025381,-0.999594417702348,0.028478063457761
1282,-395.500998547068,-33.05886574654,-0.999583595932197,0.028855410987515
1283,-394.697871451763,-33.0629811911976,-0.999593670922099,0.028504263759697
1284,-393.898315697211,-33.0710953134848,-0.999598814582944,0.02832330991204
1285,-393.099907084032,-33.077637294881,-0.999604261314131,0.028130424145925
1286,-392.302995969096,-33.0848302990234,-0.999611173472625,0.027883720495682
1287,-391.506101514659,-33.0840038109208,-0.999612492701935,0.027836386874443
1288,-390.710420708884,-33.0759299914023,-0.999610683972159,0.027901263209984
1289,-389.913345154865,-33.0702067246814,-0.999618450748201,0.027621602483676
1290,-389.113553654678,-33.0711258741961,-0.99962846475167,0.027256787378925
1291,-388.311793788885,-33.0744929688254,-0.99964158768766,0.026771181619319
1292,-387.511198038778,-33.0707505660134,-0.999583760301457,0.028849716490783
1293,-386.711806114908,-33.0673156026941,-0.999525419609225,0.030804797597157
1294,-385.911069694606,-33.0683414900048,-0.999528380599698,0.030708571698232
1295,-385.112398409535,-33.0622260330984,-0.999528945739209,0.030690171545073
1296,-384.311398157418,-33.057549163776,-0.999535240387387,0.030484475126346
1297,-383.511082994092,-33.0598192057853,-0.999558108627717,0.029725199353096
1298,-382.712408499098,-33.0616286840494,-0.999576157954811,0.029111929656048
1299,-381.910984148142,-33.0572354460014,-0.999579647862681,0.028991853661309
1300,-381.110242758144,-33.055558115986,-0.999606145982063,0.028063373191512
1301,-380.31462660817,-33.0536875287351,-0.999603114330379,0.028171152283977
1302,-379.519275729059,-33.0522317251198,-0.999614130501932,0.027777510703208
1303,-378.722633518905,-33.051852379936,-0.999626939072265,0.027312683519079
1304,-377.925937824055,-33.0542021938379,-0.999649334108311,0.026480347747174
1305,-377.131771016707,-33.056203368353,-0.999659729431957,0.02608496409862
1306,-376.337751703341,-33.0566406479566,-0.999670420838861,0.025671963303459
1307,-375.540616776934,-33.0619505994001,-0.99968361158796,0.025153065865863
1308,-374.74268999862,-33.0699768701766,-0.999691566249084,0.024834902263828
1309,-373.946771977676,-33.0789624667481,-0.999698700065699,0.024546060517975
1310,-373.150309875972,-33.0933679086145,-0.999708674187394,0.02413641966994
1311,-372.354915220002,-33.1094051937108,-0.999713073899268,0.023953494001444
1312,-371.558964757548,-33.1222283537682,-0.999724571437679,0.023468729487315
1313,-370.760208980466,-33.1318837227799,-0.999727832331238,0.023329407671106
1314,-369.964793896243,-33.1431524008704,-0.999738037963121,0.022887888711061
1315,-369.170131936704,-33.1595141748586,-0.999745405511269,0.022563779805418
1316,-368.374060649653,-33.1775932577785,-0.999751150732302,0.022307770158351
1317,-367.577634567408,-33.1930573056235,-0.999759206774187,0.021943756976597
1318,-366.779732194141,-33.2048786956089,-0.999761962749601,0.02181783305155
1319,-365.98046631317,-33.2192185385928,-0.999771457737793,0.021378313610978
1320,-365.182794581383,-33.2363737283528,-0.999779769245073,0.020986019352614
1321,-364.387025559078,-33.2506306703462,-0.999782931663752,0.020834815905918
1322,-363.593137160404,-33.2651010815065,-0.999782374655971,0.020861527443286
1323,-362.796323371578,-33.2736682424625,-0.999671005876343,0.025649171725042
1324,-361.998446358687,-33.278367490257,-0.999506930048663,0.031398993370755
1325,-361.200647619203,-33.2790527371516,-0.99944157178593,0.033414736061656
1326,-360.403094830563,-33.2700996220022,-0.999416718977172,0.034149990174286
1327,-359.602100793001,-33.2630790971965,-0.999419437920091,0.034070325908189
1328,-358.799735023453,-33.2598977502535,-0.999502155293562,0.031550619067202
1329,-357.996957271601,-33.2541560935519,-0.999535030649962,0.030491351291465
1330,-357.19398524995,-33.248224600235,-0.999552537833642,0.029911939260529
1331,-356.389948235333,-33.2454467513533,-0.999559670448881,0.029672634061098
1332,-355.58358191684,-33.2421195287655,-0.999568550509611,0.029371973582239
1333,-354.776217330328,-33.2426328844348,-0.99958375163877,0.028850016633647
1334,-353.972051367777,-33.2418486930239,-0.999591655505823,0.028574853335215
1335,-353.171510094065,-33.2393405697666,-0.99960048800899,0.028264188864862
1336,-352.371593662449,-33.2399252330679,-0.999609373453285,0.027948175330996
1337,-351.571221344761,-33.2441146219152,-0.999618661861043,0.027613961308336
1338,-350.771332068202,-33.2486424920771,-0.999630437797985,0.027184330556591
1339,-349.974490575262,-33.2525575881731,-0.999637550948848,0.026921492027537
1340,-349.176277953889,-33.2591840544526,-0.999649060775365,0.026490664222135
1341,-348.379939189228,-33.2667194684779,-0.999656793728481,0.026197227954385
1342,-347.585449505561,-33.2724888160461,-0.999664156664706,0.025914742519297
1343,-346.788771953931,-33.2781516472042,-0.999673268552056,0.025560832193963
1344,-345.995381152479,-33.2835484834861,-0.999676069606661,0.025451048225514
1345,-345.202876586174,-33.2918862369325,-0.999687554786461,0.024995855757829
1346,-344.408335741261,-33.2994681930867,-0.999692082279711,0.024814121528988
1347,-343.614772403446,-33.3056292451368,-0.999702484399128,0.024391446988867
1348,-342.820680440913,-33.309825662969,-0.999712157131426,0.023991725315854
1349,-342.020032926019,-33.3131518941452,-0.9997195909822,0.023679936790115
1350,-341.219866767119,-33.3133248773196,-0.999730402415856,0.023219011293134
1351,-340.421257593976,-33.3097510449724,-0.999734932347553,0.023023141489259
1352,-339.620139239151,-33.310904874509,-0.999746614673011,0.022510141044735
1353,-338.819675785814,-33.3169357384263,-0.999752338581503,0.022254471479138
1354,-338.020354074487,-33.3209829503924,-0.999739966468543,0.022803496343241
1355,-337.226169129945,-33.3223107776555,-0.999676075331752,0.0254508233522
1356,-336.431757702209,-33.3234928631682,-0.999669644476833,0.025702177175541
1357,-335.63540807397,-33.3236502515086,-0.999673086272763,0.025567960065087
1358,-334.837501326921,-33.3231749248109,-0.999669323542046,0.0257146566959
1359,-334.042659765772,-33.3197029387094,-0.999572000332379,0.0292543356022
1360,-333.24525673393,-33.3169519260792,-0.999543810916391,0.030202153213596
1361,-332.444440971134,-33.3070018786345,-0.99953581219575,0.030465720706771
1362,-331.642809014751,-33.2919318163183,-0.999552192950306,0.029923461835717
1363,-330.845300875734,-33.2813409092647,-0.999559636360785,0.029673782338873
1364,-330.048368194394,-33.2724553663462,-0.999572067717447,0.029252033075802
1365,-329.247666335453,-33.2714140866954,-0.999582743052474,0.028884940569308
1366,-328.448314990568,-33.2763706922527,-0.999596826334305,0.028393393287621
1367,-327.650062759577,-33.2841216721376,-0.999611008136236,0.02788964705511
1368,-326.847857738292,-33.2896023150463,-0.99961865983248,0.027614034741727
1369,-326.044884963295,-33.2914379628846,-0.999633074663371,0.02708719326647
1370,-325.242078542164,-33.2942806049684,-0.999643930302021,0.026683564423231
1371,-324.438809448951,-33.2971362478116,-0.999657521988454,0.026169423606647
1372,-323.633975888477,-33.2974006746126,-0.999667035536364,0.025803450582011
1373,-322.827970880093,-33.2975637172218,-0.999678610452382,0.025351051339046
1374,-322.02242393384,-33.3003486108162,-0.999691026599473,0.024856615547829
1375,-321.219136806727,-33.3041606796709,-0.999698536680781,0.024552713868444
1376,-320.416836471899,-33.3088028725648,-0.999711099533763,0.024035753971852
1377,-319.613247648052,-33.3137864219656,-0.999719565790893,0.023681000292813
1378,-318.811262202218,-33.3170953076242,-0.999731086238055,0.023189549570428
1379,-318.00911901467,-33.3155862924208,-0.999741449655452,0.022738378148322
1380,-317.207658736812,-33.3151145491108,-0.999750605474414,0.022332193209433
1381,-316.406069494514,-33.3196839637072,-0.999757584314819,0.022017552202665
1382,-315.607944981393,-33.3269671943382,-0.999755768532635,0.022099848092701
1383,-314.812214994641,-33.3373157769564,-0.999759947656846,0.021909976293456
1384,-314.018058071667,-33.3500133904544,-0.999761214844519,0.021852077535362
1385,-313.239232735772,-33.3593063957747,-0.999740116928489,0.022796898995518
1386,-312.413314806704,-33.3701995767304,-0.999725850663855,0.023414173366388
1387,-311.626822743802,-33.3835144039552,-0.999694273017299,0.024725705175279
1388,-310.834564223211,-33.3900178259734,-0.999616674363202,0.027685814690068
1389,-310.037348594,-33.3882202730688,-0.999479079719769,0.032273351275074
1390,-309.23968656769,-33.3833615195267,-0.999417737893891,0.034120158016321
1391,-308.441352267578,-33.3748198634763,-0.999432470675164,0.03368585103776
1392,-307.643500093161,-33.3677593603954,-0.999500974345999,0.031588008506386
1393,-306.84524360506,-33.3681403600372,-0.999571260173049,0.029279614684344
1394,-306.061548999314,-33.3735935797447,-0.999597687898117,0.028363045477146
1395,-305.231327770456,-33.3791348884352,-0.999609983710611,0.027926340004938
1396,-304.43701735544,-33.3789904696183,-0.999624393534062,0.027405690132881
1397,-303.64298555284,-33.3782359633774,-0.999638981731236,0.026868312253237
1398,-302.846854758008,-33.3798515036326,-0.999654265322264,0.026293531961384
1399,-302.050241690693,-33.3814086228451,-0.999674273735342,0.02552148960613
1400,-301.25318243517,-33.3816692487259,-0.999692326732207,0.024804271260112
1401,-300.458894471938,-33.3843643160898,-0.999699716702909,0.024504620464787
1402,-299.665242058535,-33.3912832134633,-0.999716154230569,0.023824587518801
1403,-298.884016708418,-33.3949438429175,-0.999725306343137,0.023437402951717
1404,-298.053079873005,-33.3979332596686,-0.999736284089117,0.022964369699279
1405,-297.26041668558,-33.4030815032881,-0.999747595308784,0.022466545669154
1406,-296.467305707529,-33.4080387094298,-0.999756879463079,0.022049534377076
1407,-295.672778091128,-33.4119294250919,-0.999766738945687,0.021597863271806
1408,-294.87853118504,-33.4203847201753,-0.999775488365193,0.021188979780547
1409,-294.082926774629,-33.4290059050528,-0.999786705782048,0.020652916052728
1410,-293.287236897351,-33.4327485672856,-0.999794943801511,0.020250193799885
1411,-292.485990480736,-33.436199631646,-0.999804686012266,0.019763345564826
1412,-291.684213793982,-33.4473203782019,-0.999813807981569,0.019296356376127
1413,-290.883545039403,-33.462942581394,-0.999812647586095,0.019356387237377
1414,-290.079790328092,-33.4740403650219,-0.999770443304283,0.021425701742463
1415,-289.277793930296,-33.4791535184359,-0.999772780701882,0.02131635446383
1416,-288.476879916476,-33.4814146698225,-0.999774036944073,0.021257352905578
1417,-287.671452263877,-33.4839912811082,-0.999782569730224,0.020852176472254
1418,-286.865460212684,-33.485627969598,-0.99978612502596,0.020681010748382
1419,-286.060265021368,-33.4930626307017,-0.999794592209483,0.020267545205897
1420,-285.251716953968,-33.5029163055885,-0.999798050479923,0.0200962249327
1421,-284.461087941965,-33.5055066031625,-0.999809315262011,0.019527752438722
1422,-283.622817454614,-33.5105775800462,-0.999814521535402,0.019259349078707
1423,-282.823873813195,-33.518661474046,-0.999785590903957,0.020706815806065
1424,-282.022286716913,-33.5254261322048,-0.999788792470616,0.020551653221749
1425,-281.218932678376,-33.5299522558797,-0.999786799022183,0.020648401898858
1426,-280.417421446211,-33.5395996805953,-0.999794486691089,0.020272749741995
1427,-279.617927351519,-33.5513349927079,-0.999708138388156,0.024158601790835
1428,-278.814895868703,-33.5594805227944,-0.999638169771741,0.02689850433395
1429,-278.010616433385,-33.5638777807514,-0.99961814179511,0.027632781150131
1430,-277.206418801037,-33.5627911871875,-0.999623322117815,0.027444742267765
1431,-276.402944734319,-33.563224319028,-0.999638794436048,0.026875279690551
1432,-275.599266037756,-33.5648836462039,-0.999637498039351,0.026923456569079
1433,-274.794382646327,-33.5676648940841,-0.999636030165734,0.026977901966086
1434,-273.991238896391,-33.5684321526435,-0.999624468063287,0.027402971539414
1435,-273.189676496043,-33.5685058068506,-0.999618388064519,0.027623870896242
1436,-272.387740221812,-33.5716936916657,-0.999612839199241,0.027823941274244
1437,-271.587281675195,-33.5725676869232,-0.999600935156891,0.02824837045689
1438,-270.783074841894,-33.571408960089,-0.999596002244398,0.028422390768856
1439,-269.977809826428,-33.5704321643149,-0.999570442150009,0.029307527702535
1440,-269.174836617424,-33.572298909961,-0.999539969825363,0.030329007921655
1441,-268.370015223365,-33.5701591929281,-0.999502335241399,0.031544917926504
1442,-267.566570180378,-33.5619600931899,-0.999490735507298,0.031910337432888
1443,-266.765307631843,-33.5557822892057,-0.999501420220261,0.031573897093661
1444,-265.964981426227,-33.5492360524304,-0.999510540509405,0.031283852233982
1445,-265.163377456699,-33.5415344849991,-0.999532975017476,0.030558662482419
1446,-264.362645318778,-33.5346985630295,-0.999548149295486,0.030058230819024
1447,-263.558861289991,-33.525842505749,-0.999567564500204,0.02940550967304
1448,-262.753224522245,-33.5137361715603,-0.999576985563735,0.029083499296268
1449,-261.948521883306,-33.5028695086594,-0.999590414128972,0.028618245604349
1450,-261.143136575579,-33.4935754581346,-0.999606031592734,0.028067447397754
1451,-260.334520562166,-33.4876325226829,-0.999620693726659,0.027540309973423
1452,-259.527782174273,-33.4861954762794,-0.999637496152078,0.026923526641289
1453,-258.721948178191,-33.485431114265,-0.999649420661853,0.026477080096205
1454,-257.918224471208,-33.4823735130843,-0.999659019562506,0.026112154398474
1455,-257.113583709845,-33.4784640386713,-0.99967247511477,0.025591844363174
1456,-256.309795721619,-33.4713596443688,-0.999638059431839,0.026902604620138
1457,-255.508476905041,-33.4634472028205,-0.999605270812973,0.028094529056804
1458,-254.709007817977,-33.4581354828214,-0.999568918437383,0.029359449823178
1459,-253.908884107156,-33.450515659694,-0.999536691423815,0.030436860835732
1460,-253.1103019982,-33.4433336584681,-0.999502656244241,0.031534745293209
1461,-252.314912379972,-33.4419569896195,-0.999472126659263,0.032487967483526
1462,-251.524329378155,-33.4433438821823,-0.999437384368608,0.033539748455158
1463,-250.733090544179,-33.4425266838438,-0.999385396605931,0.035054658047208
1464,-249.939066531499,-33.4422547964021,-0.999339006995014,0.03635311676073
1465,-249.142915473736,-33.4387742946669,-0.999288361642513,0.037719627328772
1466,-248.351699399987,-33.427121584099,-0.999258634747558,0.03849910235896
1467,-247.540549021463,-33.4091525447327,-0.999228992803472,0.039260921295355
1468,-246.747866967724,-33.3852392071338,-0.999191585470422,0.040201685600297
1469,-245.951700078453,-33.3599759019687,-0.999162908901571,0.040908207921521
1470,-245.15720363801,-33.335409890178,-0.999130529604504,0.041691543653649
1471,-244.361680229829,-33.3145990845098,-0.999109212522787,0.042199306298745
1472,-243.565930024883,-33.29536339115,-0.999076863380209,0.042958364242167
1473,-242.769502808334,-33.2767499206091,-0.999044249020431,0.043710279102328
1474,-241.969471849706,-33.2582443046991,-0.999014264298392,0.044390311198993
1475,-241.166360016932,-33.2339233518178,-0.99897934644304,0.04516929687561
1476,-240.358957349945,-33.2024834030852,-0.998927368970362,0.046304551849152
1477,-239.550720532803,-33.1655710019192,-0.998854914176221,0.04784203618174
1478,-238.741941358361,-33.1234093849084,-0.998787727695286,0.049224739768616
1479,-237.935439313498,-33.0766510805442,-0.998720534951801,0.050569685243128
1480,-237.1321441864,-33.0261116813905,-0.998646147745759,0.052017992969313
1481,-236.327433390862,-32.9749291014869,-0.998605305573932,0.052796246832455
1482,-235.526978985872,-32.9177482104457,-0.998556290228544,0.053715316670465
1483,-234.732572011406,-32.8661221440682,-0.998522563177768,0.054338667860923
1484,-233.938002657976,-32.8218761387041,-0.998479585086158,0.055122755429801
1485,-233.146529045461,-32.7742195309758,-0.998443155506558,0.055778716569197
1486,-232.354205284729,-32.7189840688275,-0.998399346067189,0.056557455499782
1487,-231.565129615598,-32.6659633454476,-0.998352521881878,0.057378062463745
1488,-230.781938854341,-32.6138640406476,-0.998314503768584,0.05803577832067
1489,-229.997572445596,-32.5606679710223,-0.998265184936903,0.058878014087528
1490,-229.211138567377,-32.5018408993451,-0.998204778786583,0.059893402037523
1491,-228.422714378445,-32.4376059867314,-0.998122870994909,0.061243239601449
1492,-227.633228774739,-32.3773581606722,-0.998036632562777,0.062632899204427
1493,-226.842835921604,-32.3189392256231,-0.997952884245848,0.063953427002723
1494,-226.050874125301,-32.2542985115208,-0.99785088478424,0.065525657076515
1495,-225.25886038151,-32.1858592584768,-0.997741234824903,0.067174610754938
1496,-224.469953920883,-32.1140484338421,-0.997617339303821,0.06899017553511
1497,-223.68286966395,-32.0334501057132,-0.997482601230243,0.070911636865527
1498,-222.897533422545,-31.9471853433723,-0.99735694510842,0.072657580774474
1499,-222.116500735591,-31.8541694804721,-0.997205100983786,0.074712693512671
1500,-221.335970356031,-31.7568561759251,-0.997060896203827,0.076613114159534
1501,-220.550210447007,-31.6566438838592,-0.996820540795667,0.079679416713696
1502,-219.768811242654,-31.5485443640435,-0.996578440643279,0.082652354140759
1503,-218.989876514339,-31.4378375490171,-0.996244368248538,0.086586134762275
1504,-218.204909793095,-31.3269988602911,-0.995889308919571,0.090578608841704
1505,-217.415624546293,-31.2172887116346,-0.99552918514103,0.094454441570719
1506,-216.62846283627,-31.1043353927461,-0.995086309899049,0.099011291535334
1507,-215.84057541578,-30.9900606497865,-0.994657818462525,0.103227051548377
1508,-215.048624216249,-30.8688462827236,-0.994163249411256,0.107886206347485
1509,-214.263134837247,-30.7439774940092,-0.99346830420308,0.114108406981504
1510,-213.484847086144,-30.6120894595885,-0.992669021020164,0.120864447654673
1511,-212.715587502507,-30.4655813919216,-0.991806925756323,0.127745927613333
1512,-211.969998558974,-30.3096542385406,-0.99100365712921,0.133834792025583
1513,-211.249028250406,-30.1481377125124,-0.990137142387025,0.140101531988967
1514,-210.5520241201,-29.9795192563628,-0.989244489609215,0.146271459204463
1515,-209.873642492984,-29.8055492716525,-0.988386093561413,0.151963581342405
1516,-209.210558647726,-29.6269173973235,-0.987553436851097,0.157283849659097
1517,-208.559419461946,-29.4435494358475,-0.986807615475729,0.16189728237097
1518,-207.923815743959,-29.2541096472944,-0.986090126669144,0.166211498054832
1519,-207.301900175318,-29.0573377085567,-0.985045411968513,0.172294911009534
1520,-206.689106789147,-28.8556558424955,-0.983765091490794,0.179460983960611
1521,-206.083561023291,-28.6459324941553,-0.982448343512439,0.186534855535537
1522,-205.48039468324,-28.4277484855928,-0.981055538142432,0.193726691707835
1523,-204.873035618021,-28.1986032254177,-0.97974868574186,0.200231148393797
1524,-204.269705516315,-27.9603653489251,-0.978520563619843,0.206149233743676
1525,-203.671228743418,-27.7175865347341,-0.978016351745685,0.208528213242382
1526,-203.072879141639,-27.4715384058718,-0.977939135447684,0.208890036526009
1527,-202.475856526979,-27.2231568576151,-0.977914262573357,0.209006447402007
1528,-201.868750420017,-26.9731705900603,-0.977585165472068,0.210540362517378
1529,-201.25311253338,-26.7267546422351,-0.976354014197456,0.21617779479057
1530,-200.614208253614,-26.4683497467962,-0.975085763461883,0.221828208066414
1531,-199.990288367713,-26.1945301269497,-0.973357857662242,0.229291257851603
1532,-199.360687356932,-25.901978445733,-0.97201950079531,0.234900170441904
1533,-198.717980128719,-25.6002221626613,-0.970592559579924,0.240728235336224
1534,-198.064222464743,-25.286972468586,-0.969162705063235,0.246421693676742
1535,-197.401252547503,-24.9615314554833,-0.967842540342165,0.251556787036297
1536,-196.725014561307,-24.6220715960923,-0.966588443272755,0.256333340265274
1537,-196.039775502727,-24.2687391220623,-0.965431286935461,0.260657687794048
1538,-195.347214854804,-23.9061271394206,-0.96509789597743,0.261889387299177
1539,-194.622904657607,-23.5212748013047,-0.964850932053285,0.262797790926614
1540,-193.908387131031,-23.1380065543821,-0.965003077010176,0.262238558112443
1541,-193.183040581991,-22.75377980666,-0.965184964856434,0.261568315388323
1542,-192.456884746181,-22.3717526705815,-0.965519651800945,0.260330178784908
1543,-191.72562019212,-21.9873899036315,-0.96584567729605,0.259117980172227
1544,-190.988027720512,-21.6034199683919,-0.967263728825404,0.253773282476259
1545,-190.249869651336,-21.2200189371173,-0.968623853838676,0.248531345658272
1546,-189.512037514751,-20.8485720423639,-0.969991454697586,0.243139009238873
1547,-188.76286402809,-20.4995013028427,-0.971428647245176,0.237331800042489
1548,-188.007858842738,-20.1598206064182,-0.973325865328422,0.229427025179422
1549,-187.257771639491,-19.8231315886991,-0.975438257311459,0.220273026431254
1550,-186.508891793604,-19.4944701335026,-0.97790758296776,0.209037697973723
1551,-185.75777903334,-19.196819039663,-0.980906898273576,0.194477908563706
1552,-185.003412123888,-18.9267515845915,-0.983644903436676,0.18011858300312
1553,-184.243108573629,-18.6755446921965,-0.986133017878205,0.165956834901198
1554,-183.481021328422,-18.448097306831,-0.988272131387827,0.152702961078564
1555,-182.717735154658,-18.2426917577694,-0.990166340037499,0.139895028706323
1556,-181.955870593936,-18.0583516084958,-0.992248225013783,0.124271718250761
1557,-181.166263007828,-17.8894641929526,-0.993950880384399,0.109825531562919
1558,-180.406196683364,-17.7526228426797,-0.995531903040332,0.094425791121359
1559,-179.638027471812,-17.6437597057366,-0.996831606237531,0.079540862491574
1560,-178.866043529251,-17.5607076493082,-0.99794897122424,0.064014457995687
1561,-178.090503111566,-17.5005410724625,-0.998780082363375,0.049379622054149
1562,-177.317069304015,-17.463826383386,-0.999351563019618,0.036006297924758
1563,-176.542993781072,-17.447601031404,-0.99963608998697,0.026975685265874
1564,-175.764954377748,-17.4461049559073,-0.999736122466479,0.022971404739156
1565,-174.983550175713,-17.4593026660685,-0.999830049865779,0.018435601031531
1566,-174.183013329878,-17.4807979459747,-0.999942688842408,0.010706027770161
1567,-173.398859126717,-17.4962352564032,-0.999993224137972,0.00368126040141
1568,-172.61297807201,-17.5201320119558,0.999998989064378,0.001421924830098
1569,-171.825829017821,-17.5639654503522,0.999993731986151,0.003540619777808
1570,-171.036196512094,-17.6114704259847,0.999988855244833,0.004721163641267
1571,-170.236167888728,-17.6523624158531,0.999987651294324,0.004969633674866
1572,-169.430812538019,-17.6941068674671,0.999991906206962,0.004023371790798
1573,-168.630898438874,-17.7479827936984,0.999998860872838,0.001509388295517
1574,-167.832407488148,-17.7942015512954,-0.999999354097095,0.001136576170864
1575,-167.02273356015,-17.8233448124517,-0.999989346541382,0.004615929347407
1576,-166.228991229281,-17.8487262055026,-0.999969352341671,0.007829072574599
1577,-165.428151687395,-17.871824882517,-0.99993521894676,0.011382350807076
1578,-164.624552927689,-17.8907091598188,-0.99988330022046,0.015276974184728
1579,-163.819982428244,-17.9020926926679,-0.999807581447264,0.01961632179011
1580,-163.021821698576,-17.9084227002129,-0.999724583831489,0.023468201527968
1581,-162.225016236549,-17.9118818490509,-0.999564078542815,0.029523768168279
1582,-161.422909413393,-17.9025740029649,-0.999295677677224,0.037525305803133
1583,-160.619550254709,-17.8800476636948,-0.998964296300264,0.045500930950024
1584,-159.809739736587,-17.8457194505886,-0.998605051622136,0.052801049939857
1585,-159.014242394765,-17.8010911913168,-0.998192502589584,0.060097651983612
1586,-158.212156012649,-17.75003133287,-0.997756043538598,0.066954294725613
1587,-157.406113945344,-17.6890226030549,-0.997437578200513,0.071542138586261
1588,-156.601707614462,-17.6100515766704,-0.997342173897907,0.072860058774318
1589,-155.802836556297,-17.527582686866,-0.997361600640235,0.072593646886965
1590,-155.005693540066,-17.4509646403739,-0.997413838660387,0.071872348290231
1591,-154.206665713305,-17.3726047036185,-0.997281788473104,0.073681981378675
1592,-153.409766550005,-17.2854741716417,-0.99699838869306,0.077422302622964
1593,-152.614394517921,-17.1911935571296,-0.996615143954277,0.082208605638316
1594,-151.822424369181,-17.0956120122448,-0.996253640464531,0.086479384023995
1595,-151.034925039376,-16.9935430965117,-0.995680315496792,0.092847775052545
1596,-150.247861624185,-16.87602248507,-0.994949674335622,0.100375024480398
1597,-149.456910776362,-16.7513057244444,-0.994200218151745,0.107544996290033
1598,-148.665802453379,-16.6106169362746,-0.993414223508954,0.114578272504446
1599,-147.877835780003,-16.4563948094711,-0.992875002051052,0.11916052325382
1600,-147.092514880791,-16.3033383597135,-0.992871905801859,0.119186319136824
1601,-146.315854555588,-16.1491422194975,-0.992915459121893,0.118822939859107
1602,-145.530841588847,-15.990889841197,-0.992983135623155,0.118256045798963
1603,-144.762017173945,-15.8393111880521,-0.993062606411287,0.117586817916047
1604,-143.99006821154,-15.6900446520145,-0.993170868234964,0.116668875409887
1605,-143.216867541479,-15.5386085803403,-0.993134219625839,0.116980433441566
1606,-142.442322137188,-15.3870412635064,-0.99290644346221,0.118898252851863
1607,-141.662493697797,-15.2392083599925,-0.992789241539671,0.119872940579121
1608,-140.885011743722,-15.0868099116994,-0.992794247946746,0.119831470173135
1609,-140.104118046242,-14.929282274607,-0.992863829570578,0.119253578271035
1610,-139.320020606593,-14.7769465905579,-0.992715422606017,0.120482736191365
1611,-138.536043566658,-14.61978938454,-0.99228817378496,0.123952330218152
1612,-137.754548006594,-14.4454875438127,-0.991747583899801,0.128205810433483
1613,-136.96929932814,-14.2612985950832,-0.991704280940504,0.128540340610559
1614,-136.183124168442,-14.0716078242188,-0.991683630471368,0.128699561207985
1615,-135.401486146474,-13.8748872613809,-0.991278391211551,0.131784487391494
1616,-134.623158129303,-13.6832148288187,-0.990808037481832,0.135275396363868
1617,-133.839653901355,-13.4875319361636,-0.990348206947,0.138601691897546
1618,-133.057262826508,-13.2906391896543,-0.990385246322165,0.138336776987844
1619,-132.272485987061,-13.0999483660815,-0.990405596886531,0.138191004250761
1620,-131.479310215704,-12.9075689267753,-0.990505380781383,0.137473963509924
1621,-130.701171292483,-12.7076092763076,-0.990585916481209,0.136892447085598
1622,-129.91617424316,-12.4988210540322,-0.990652533212778,0.136409524737485
1623,-129.129238236208,-12.2932529602467,-0.990766612862788,0.135578460075333
1624,-128.341474840165,-12.0922749072979,-0.990802509240613,0.13531588111713
1625,-127.552964350888,-11.8995636936944,-0.990761424410796,0.135616370322651
1626,-126.763647223118,-11.7154056478917,-0.990635082683106,0.136536196510067
1627,-125.974627552463,-11.5322270128627,-0.990515993890821,0.137397473945043
1628,-125.181441637581,-11.3403137378719,-0.990440974842826,0.137937215255322
1629,-124.39097424681,-11.1401841463341,-0.990156534184215,0.139964416236069
1630,-123.603572980698,-10.9399896524043,-0.989761331729252,0.14273228861592
1631,-122.817226803412,-10.7395173593855,-0.989372672050826,0.145401911263258
1632,-122.030389823993,-10.5309266469903,-0.988948084739545,0.148262219361458
1633,-121.238488786484,-10.3207649225634,-0.988889305705662,0.148653762350549
1634,-120.448786527304,-10.1096982752185,-0.988921374038395,0.148440277451953
1635,-119.661713552259,-9.89908466954387,-0.989043524304537,0.147624208825184
1636,-118.874457122047,-9.69307045942045,-0.989115172647382,0.147143383265235
1637,-118.086846857312,-9.49250924196104,-0.98921961208601,0.146439608932843
1638,-117.301598574771,-9.29402579428237,-0.989307578252151,0.145844148366896
1639,-116.516435204549,-9.09622856753179,-0.989668136941377,0.143377050893733
1640,-115.730994805708,-8.89164228822041,-0.989855626143352,0.142076878457942
1641,-114.945881882085,-8.68362522284983,-0.990005065353167,0.141031806962373
1642,-114.160492188377,-8.47523926891063,-0.990096235286797,0.14039033040388
1643,-113.374098230747,-8.2606532361581,-0.990180474059182,0.139794952669739
1644,-112.585385991452,-8.04630644904381,-0.99032455699137,0.138770572600416
1645,-111.795845134986,-7.83191057744813,-0.990961450231914,0.134146949850756
1646,-111.009757322137,-7.61908077938366,-0.991172212138162,0.132580714604891
1647,-110.224062450364,-7.41669803460974,-0.991326784312743,0.131419963111228
1648,-109.43618235965,-7.21679378891079,-0.991386919582758,0.130965551501949
1649,-108.64964895992,-7.0146368735489,-0.991447898291816,0.13050312246357
1650,-107.862585283426,-6.8163332313675,-0.991394038367524,0.130911652229018
1651,-107.076319459759,-6.62136887335954,-0.991482644459871,0.13023887950555
1652,-106.288610824707,-6.42164274517213,-0.991489418078672,0.130187302906299
1653,-105.49925283544,-6.22244669011973,-0.991377789076219,0.131034649335007
1654,-104.7075505698,-6.02598671530521,-0.991004614577611,0.133827702236426
1655,-103.911921888077,-5.82719268523191,-0.990968751762571,0.134093001421146
1656,-103.114262837851,-5.6212606207918,-0.990958326662272,0.134170022056755
1657,-102.317100185748,-5.41914301452259,-0.990929849789203,0.134380180074103
1658,-101.517138478005,-5.22153559282704,-0.990982364866815,0.133992359942554
1659,-100.716108831005,-5.01965042223916,-0.991002419536121,0.133843955685542
1660,-99.9175820605988,-4.81307087043796,-0.990977284077023,0.134029931147214
1661,-99.1168451902272,-4.60946154038226,-0.990860832780401,0.134888139069859
1662,-98.3211309639214,-4.40916673820266,-0.990835630463651,0.135073140941119
1663,-97.5285475169232,-4.20869679786304,-0.990421681004211,0.138075681409847
1664,-96.7344291068169,-4.01332978841258,-0.990408212362076,0.138172258017869
1665,-95.9419472489635,-3.81621349181502,-0.99042064142709,0.138083138127548
1666,-95.1518584663272,-3.61634332341964,-0.990478226022873,0.137669472921862
1667,-94.3633952554642,-3.42137569420853,-0.990328740386071,0.138740714879727
1668,-93.5735951345146,-3.23001463600361,-0.990388510208279,0.13831340805369
1669,-92.7833925538661,-3.03465928542808,-0.990402891927945,0.13821038912022
1670,-91.9940020585396,-2.83801525372648,-0.990442255569266,0.137928018846298
1671,-91.2027565325901,-2.64106402704162,-0.98993384254345,0.141530870792067
1672,-90.4105183522707,-2.44410794019616,-0.989911234431283,0.141688912575165
1673,-89.619778979557,-2.23990037448505,-0.989902214176894,0.141751918391545
1674,-88.8315469423933,-2.03185741517635,-0.99000648709066,0.14102182639014
1675,-88.0460907933645,-1.82678505954595,-0.990093700121538,0.140408208377011
1676,-87.2589386431757,-1.62250482026615,-0.990172120331069,0.139854110125783
1677,-86.4698648013827,-1.42448784412981,-0.990014005563613,0.140969034854786
1678,-85.6767808503289,-1.22174486887723,-0.9894822230494,0.144654520389852
1679,-84.877718424391,-1.01516734505318,-0.989590279357022,0.14391344274282
1680,-84.0820908466624,-0.805492697051257,-0.989595865359212,0.14387502654718
1681,-83.2879381166508,-0.595839021619157,-0.989682549014265,0.143277535491883
1682,-82.4914459359871,-0.388808030447289,-0.989838108472051,0.142198871361456
1683,-81.6896013006911,-0.182045471711272,-0.989957770533393,0.141363406016387
1684,-80.8866647879795,0.023172104905085,-0.990027101252504,0.140877034273029
1685,-80.0846794980242,0.231003125499323,-0.989501997685996,0.144519191028125
1686,-79.2790054156194,0.439732880909256,-0.989531942516586,0.144314014355334
1687,-78.4727399729843,0.651253306848965,-0.989550206593797,0.144188725738782
1688,-77.6709612558064,0.857708081656045,-0.989699553738844,0.143160026994736
1689,-76.8684177464035,1.05726986692462,-0.9898072560519,0.142413467997263
1690,-76.064660339093,1.25811625308182,-0.989937039247542,0.141508509729309
1691,-75.2574767622073,1.45753297137443,-0.990123369304066,0.140198835793897
1692,-74.4512141363752,1.65926903825654,-0.99022120254361,0.139506164856922
1693,-73.6487584478188,1.86182045012977,-0.990358774369485,0.138526163699756
1694,-72.8440495534182,2.06588990952835,-0.990469053665631,0.137735448344679
1695,-72.0371184324568,2.26614962054994,-0.990624622542702,0.13661206832535
1696,-71.2298809840574,2.46254241646507,-0.990760777222332,0.135621098350517
1697,-70.4232190284872,2.66122552120668,-0.990625868337382,0.136603034303074
1698,-69.6168138545748,2.86079160393848,-0.990301644888734,0.138933984793742
1699,-68.8110884604,3.05871325199955,-0.990411490701008,0.138148757096862
1700,-68.0110575557597,3.25808546571206,-0.990524422712385,0.137336695789204
1701,-67.2138813321247,3.45109881028519,-0.990621461550211,0.136634987891549
1702,-66.4228705074782,3.64346950036691,-0.990519771054904,0.137370241134462
1703,-65.6325283629563,3.84027397513448,-0.990411634943894,0.138147722991596
1704,-64.8379348368881,4.03561951514615,-0.99039983486176,0.13823229400469
1705,-64.0461737654738,4.2293006189171,-0.990474909605905,0.137693331142702
1706,-63.2558956419273,4.42457746078341,-0.990372991843525,0.138424481313477
1707,-62.4644820878558,4.61596725894293,-0.990150585559077,0.140006492410234
1708,-61.6728470140563,4.81222305388665,-0.98990172897353,0.141755306691554
1709,-60.8838992019517,5.0140786521269,-0.989660030663301,0.14343299378983
1710,-60.0954732902551,5.21992487308512,-0.989471330190216,0.144729011368159
1711,-59.3056660605552,5.43089750604974,-0.98959233312003,0.143899319769261
1712,-58.5150631525519,5.64010159165972,-0.989703504109486,0.143132714476479
1713,-57.7247739177235,5.84186404271457,-0.989887479039709,0.14185478081619
1714,-56.9339205146042,6.04316381574152,-0.990058957121134,0.140652982279836
1715,-56.14365235375,6.24809766885372,-0.989953183103192,0.141395527736409
1716,-55.3501932826853,6.45181597888801,-0.989704571051099,0.143125336822524
1717,-54.5544404125081,6.65501733122019,-0.98967863998835,0.143304534299544
1718,-53.7614535443557,6.86393922979026,-0.98980441299999,0.142433226480851
1719,-52.9696301651676,7.07219579400778,-0.989937545490413,0.141504968211072
1720,-52.1845275670705,7.27434042162241,-0.990094892507902,0.140399799963412
1721,-51.3971863247843,7.47820798377948,-0.990269108722648,0.139165700909574
1722,-50.6092096726525,7.68181224009292,-0.990407307615383,0.138178743018048
1723,-49.8204867660657,7.8763033476263,-0.990594421285079,0.136830890221759
1724,-49.0265621449913,8.06753292042399,-0.990651824678117,0.136414670259168
1725,-48.2305987881555,8.26328036006929,-0.990659155089038,0.136361425770901
1726,-47.4324064976578,8.46140015692995,-0.990264958450322,0.139195230038179
1727,-46.6347987030003,8.65632714965357,-0.989862321312669,0.142030225112457
1728,-45.8396032321233,8.85546533510208,-0.989790389601524,0.142530644608324
1729,-45.0454208467537,9.06375503986501,-0.989888587018147,0.141847048933758
1730,-44.2565372390222,9.27384070874162,-0.990046378743812,0.140741493299824
1731,-43.4707632866659,9.48103352995224,-0.990250062529562,0.139301161733125
1732,-42.6898439427416,9.68379783968681,-0.990439798351179,0.137945662643216
1733,-41.9115094021172,9.88237247516102,-0.990608014023299,0.136732448792576
1734,-41.1329694816429,10.0771003631086,-0.990762085429123,0.135611541087533
1735,-40.3526488668419,10.2677956876932,-0.990952091775164,0.134216063891127
1736,-39.5704242178884,10.4526989518708,-0.991103884726907,0.133090531891772
1737,-38.8357607318275,10.6248734103782,-0.991085389847594,0.133228187823155
1738,-38.0283494171809,10.8190419698577,-0.990358067155699,0.138531219656898
1739,-37.2243143374486,11.0114100247666,-0.989924276618496,0.141597763263926
1740,-36.4257692442123,11.2066727281163,-0.989913804507782,0.141670955544633
1741,-35.6334918550828,11.4123941760241,-0.990029615224533,0.140859365958973
1742,-34.8437356009717,11.6220123278036,-0.990215196845365,0.139548786940251
1743,-34.0559098775943,11.8281916960457,-0.990351651859252,0.13857707479829
1744,-33.2669419078456,12.0293452286391,-0.99050991029717,0.137441324219073
1745,-32.47875443707,12.2231916042455,-0.990526322555413,0.137322992702789
1746,-31.6942679976585,12.4079798998918,-0.990563606900136,0.137053787561643
1747,-30.907538662462,12.5913108153409,-0.990715605527632,0.135950685779871
1748,-30.1228805029429,12.7744894463618,-0.990689757693698,0.13613891435149
1749,-29.3407001803449,12.9540279252275,-0.990438207117516,0.137957087102623
1750,-28.5549624246743,13.1359375376979,-0.990416331145921,0.138114050695264
1751,-27.7651723266746,13.3240914971243,-0.990518655437732,0.137378285146625
1752,-26.975362649171,13.5084205523649,-0.990678258344081,0.136222569511587
1753,-26.1888097713995,13.6893456546813,-0.990561662094886,0.137067843011471
1754,-25.3985129930862,13.8697842042249,-0.990436484527826,0.137969453561874
1755,-24.6082912997569,14.0528454738078,-0.990560604751598,0.137075484001144
1756,-23.8286124053997,14.2409737431362,-0.990656448100132,0.136381090469425
1757,-23.0495769679771,14.4210576385826,-0.990530381022043,0.137293715341696
1758,-22.2714862659178,14.5970487378922,-0.990082453197602,0.140487493643449
1759,-21.4957979166502,14.7815691358694,-0.989450600631076,0.144870662698846
1760,-20.7188609369387,14.9705232533226,-0.989044369752821,0.14761854443208
1761,-19.9417195621745,15.1624579987676,-0.988757895121773,0.149525331748037
1762,-19.1657860840742,15.3568167281863,-0.988794951223019,0.149280087204781
1763,-18.3912564937759,15.5527287652728,-0.988923133869084,0.148428552841254
1764,-17.6158534408842,15.7498792780871,-0.989096509901078,0.147268781829373
1765,-16.8386003907085,15.9432182977779,-0.989293842429762,0.145937292460005
1766,-16.0611554855861,16.133903754109,-0.989476087312796,0.144696484532835
1767,-15.2808509559535,16.3239269990516,-0.989647964316451,0.143516224603021
1768,-14.4988194320636,16.5119844884863,-0.989860146861817,0.142045378857258
1769,-13.7169844399586,16.6993703467452,-0.990012157620711,0.140982012197249
1770,-12.9323054926839,16.8836483667758,-0.990083299074134,0.140481532218576
1771,-12.1487551411831,17.0661126665805,-0.990063868933136,0.140618403607604
1772,-11.3643002185365,17.250641009084,-0.99004526273952,0.140749343611383
1773,-10.5791461908239,17.4345160944107,-0.990036473188023,0.14081115636703
1774,-9.79796448098994,17.615200946229,-0.990011902612407,0.140983802919921
1775,-9.01571206766238,17.7947931572075,-0.990029419616699,0.140860740781175
1776,-8.23216985220501,17.9786043366875,-0.990013836442836,0.140970222571075
1777,-7.45236255231375,18.1648820494164,-0.989996476452951,0.141092085570881
1778,-6.66967028054316,18.3482206623481,-0.989990042179767,0.141137225369157
1779,-5.88802016586753,18.5324834089468,-0.989984254403931,0.141177817068732
1780,-5.11101229599366,18.7221963089708,-0.989950763574797,0.141412466556791
1781,-4.33270284381258,18.9117136657772,-0.989908637856178,0.141707052392343
1782,-3.60198149182069,19.084327254177,-0.989911555521012,0.141686669259923
1783,-2.80236159992196,19.2760448415445,-0.989820298017143,0.142322793793738
1784,-2.00743506854157,19.4703968860129,-0.989702848486219,0.143137247766836
1785,-1.21787989602473,19.663305533727,-0.989571946517681,0.14403944829528
1786,-0.43114540737403,19.8598795807458,-0.98935393812518,0.145529327340564
1787,0.350506953531779,20.0606948606598,-0.988981852107143,0.148036806918836
1788,1.12964647655313,20.2664580669005,-0.988567397894358,0.150779639939807
1789,1.90509124724713,20.4765472714588,-0.988148178851519,0.153503018316989
1790,2.67365050755809,20.6865545645353,-0.987743772010963,0.156084082639947
1791,3.39016519341993,20.88516236862,-0.987422726467691,0.158102369543
1792,4.17854494737588,21.1091609276023,-0.987109962318414,0.160043501248064
1793,4.95810957549851,21.3388181332726,-0.986813613036122,0.161860721382907
1794,5.73038831045684,21.5689403466001,-0.986579636417737,0.16328080415605
1795,6.50137378110419,21.7975909962016,-0.986361345142779,0.164594340146092
1796,7.27179791767117,22.0283042822525,-0.986300122508258,0.164960808497638
1797,8.04256549916438,22.2602946235462,-0.986270078845044,0.165140339030145
1798,8.81372513560204,22.4882255109194,-0.986350160086072,0.164661354598402
1799,9.58735891602781,22.7130900311975,-0.986591065871891,0.16321172979221
1800,10.3598554922038,22.9427272736207,-0.986775888352396,0.162090549281379
1801,11.1314044876683,23.1727840207334,-0.986988818321728,0.160788906669204
1802,11.9035482588636,23.3992009652317,-0.987151327307445,0.159788162875572
1803,12.6728402504965,23.6233430658466,-0.987328931461774,0.158687053972752
1804,13.4448555339107,23.8421174463727,-0.987493657323173,0.157658735078342
1805,14.2168135268319,24.056566187551,-0.98762171899441,0.156854519126885
1806,14.987988120782,24.2761025422311,-0.987588742744247,0.157062010699076
1807,15.7599741425694,24.4971268461003,-0.987508417090988,0.157566259632102
1808,16.535130782962,24.7134212700868,-0.987434231338642,0.158030499526721
1809,17.3111736795102,24.9295168992168,-0.98733987226108,0.158618966846574
1810,18.0841502945563,25.1549906847589,-0.987259155044586,0.159120585659587
1811,18.8562239965314,25.3852773360756,-0.987191481622444,0.159539896615499
1812,19.6270233270258,25.6185800179859,-0.987064285669805,0.160324969842995
1813,20.3959335944117,25.8545072609777,-0.986525752260726,0.16360605161915
1814,21.1646388754971,26.0900825617736,-0.98572704610247,0.168351390199485
1815,21.9323001580859,26.3289680718461,-0.98504397830336,0.172303107366903
1816,22.6999246904379,26.5802259866621,-0.984395856166586,0.175968174287439
1817,23.4662576229653,26.8360900015737,-0.98394016609484,0.178498598160486
1818,24.2312399096055,27.090394281871,-0.983645397859623,0.180115882890943
1819,24.9940348129758,27.345765903761,-0.983383139376896,0.181542284851875
1820,25.7582189540502,27.5994759776302,-0.983447560348185,0.181192980121206
1821,26.5218601650944,27.8525149017845,-0.983657261054544,0.180051083791999
1822,27.2801915550545,28.1067425944802,-0.983879171556556,0.178834492694183
1823,28.039858460948,28.3548636509839,-0.984127965616415,0.177460269614626
1824,28.8027277238597,28.6008969893458,-0.984357504178692,0.176182587014427
1825,29.5635700022382,28.8538438238528,-0.984277089899581,0.176631283465901
1826,30.3221380205232,29.1058994056953,-0.984146240100176,0.177358896299808
1827,31.0835232252666,29.3542413342826,-0.984026091215716,0.178024301169027
1828,31.8436789237444,29.6105003887129,-0.983823905859842,0.179138276922286
1829,32.6036430285081,29.8721228468175,-0.983632089629131,0.180188546394684
1830,33.3646220572126,30.1327623967374,-0.983450620394631,0.181176370549297
1831,34.1214510939558,30.3953521377177,-0.983189853199274,0.182586178463735
1832,34.8804771224462,30.6572561485807,-0.982947121521418,0.183888434363772
1833,35.6418482749564,30.9197068473156,-0.982682082760249,0.185299552676146
1834,36.4035872686838,31.1877180987393,-0.982430922311731,0.186626586760092
1835,37.1631060881678,31.458517299571,-0.982182549453049,0.187929347228978
1836,37.9216836344194,31.7297275029511,-0.981973920614376,0.189016452281888
1837,38.6732655783643,31.9968484032715,-0.981779330071928,0.190024595890944
1838,39.428357858674,32.2683853409951,-0.981567150593083,0.191117578669717
1839,40.1838076868956,32.5455803726819,-0.981365637085542,0.192149645713147
1840,40.9396697589367,32.8236700012764,-0.981137794598328,0.193309668694375
1841,41.7054922061712,33.1020065252391,-0.980963981053136,0.194189772841887
1842,42.4698708264088,33.3798012755376,-0.980778213316335,0.195125847298652
1843,43.2263347939026,33.6593060028705,-0.980565726346361,0.196190867052558
1844,43.9841393178825,33.9391237214634,-0.980361673540881,0.197207984250445
1845,44.7455559263575,34.2238429985836,-0.98011257909202,0.19844226441358
1846,45.5036451050516,34.5142247967029,-0.979819190945443,0.199885850062024
1847,46.2565735115546,34.8017673711815,-0.979552802027662,0.201187246215449
1848,47.0048250602868,35.0859138867162,-0.979313643348107,0.202348184949254
1849,47.7532463800451,35.374115811133,-0.979027071189553,0.203730198738444
1850,48.4999555143143,35.6683241313449,-0.978623904437502,0.205658098949444
1851,49.247641334011,35.9642008588297,-0.978359122087159,0.206914060007635
1852,49.9938341959775,36.2627891230953,-0.978122157906183,0.20803135391799
1853,50.7358872272166,36.567969505708,-0.977955274139374,0.208814467369915
1854,51.4303211007991,36.8579131166505,-0.977803508883565,0.209523979570328
1855,52.1951464521415,37.1757698551527,-0.977607310658466,0.210437511264321
1856,52.9512396941823,37.489617141165,-0.977407325596168,0.211364424326674
1857,53.6995961731895,37.8022585596032,-0.977197292950547,0.21233334794639
1858,54.4442379083145,38.11366118439,-0.977067782715324,0.2129285043853
1859,55.2386707031545,38.4434525861454,-0.976933342811593,0.213544477107153
1860,55.9821836879179,38.7495981205662,-0.976881004215629,0.21378377768826
1861,56.7226456619682,39.05907641751,-0.976925778075199,0.213579081682094
1862,57.4611999732323,39.3681718409867,-0.977100526798519,0.212778195617072
1863,58.2044288056223,39.6773580619748,-0.977340198515071,0.211674600192185
1864,58.9381320340741,39.9830780825961,-0.977561711931175,0.210649233006415
1865,59.6727251502464,40.2880912678883,-0.977847177446061,0.209320083988066
1866,60.4082217644416,40.5947824944454,-0.978105044219631,0.208111802817892
1867,61.1449532645459,40.8993467250565,-0.978401088699409,0.206715528279349
1868,61.8803135514718,41.1929430385563,-0.978690968082555,0.205338717716927
1869,62.6215015577498,41.4880159444489,-0.978843185338368,0.204611872863326
1870,63.3594878246747,41.7836108690456,-0.978399942711595,0.206720952256776
1871,64.1886585400103,42.1142840393471,-0.977805565678631,0.209514380718585
1872,64.7858506364209,42.3516721387128,-0.977153401098649,0.212535245833117
1873,65.5387509431265,42.6608331728021,-0.976467416335781,0.215664982865843
1874,66.2820671117657,42.9717112634305,-0.975872411061038,0.218341561160297
1875,67.0242367594589,43.2857886361948,-0.975462214501308,0.220166909594073
1876,67.759158481133,43.5990675109969,-0.975086959109623,0.221822952316364
1877,68.4895924633789,43.9142783487201,-0.974766903657563,0.223225185706828
1878,69.220434948796,44.2299646560341,-0.974368075266024,0.224959671724474
1879,69.9487506364273,44.5460186623002,-0.974315838133831,0.225185806749827
1880,70.6751202691973,44.8643736493396,-0.974546780357448,0.224184238729959
1881,71.3947225278371,45.1809755198598,-0.974815809085625,0.223011520681644
1882,72.1075219110548,45.4926533126089,-0.974991201422089,0.222243463682312
1883,72.8164819221166,45.8079206921159,-0.974332147427541,0.225115229358737
1884,73.5261945052701,46.1241567705145,-0.974263582738097,0.225411781746932
1885,74.2319669317359,46.4401296310053,-0.974312523242058,0.225200148875827
1886,74.9296295891992,46.7546435385707,-0.974020211054948,0.226461097004483
1887,75.6269856568577,47.057130117867,-0.973589355778057,0.228306299334178
1888,76.3280107716216,47.3582181366364,-0.972989027000152,0.230851366331885
1889,77.0222328456676,47.667565965226,-0.972438939161656,0.233157692564823
1890,77.7179057814059,47.9844419131765,-0.971921936720183,0.235303525094907
1891,78.4133330867693,48.3005193473037,-0.97152462723252,0.236938596857316
1892,79.1090891741689,48.6202291904702,-0.97111729334007,0.238602603874847
1893,79.7923959038454,48.9467085140192,-0.970647453324719,0.240506801056096
1894,80.477120209747,49.2762513777844,-0.970259046907325,0.242068961030715
1895,81.1628571711343,49.6033391901899,-0.969829041989333,0.243786031827201
1896,81.8479164230091,49.9372601440562,-0.969382690665123,0.245554879892147
1897,82.5332917535338,50.2777323760043,-0.968944645709708,0.247277725544555
1898,83.3045015066963,50.6620720392077,-0.968464653130495,0.249150989636465
1899,83.8631420058456,50.9412222993191,-0.968087546752375,0.25061225393617
1900,84.5665816807933,51.2968939905801,-0.967630457086764,0.252371350430395
1901,85.2606967466922,51.6546074704737,-0.967145013820638,0.254225337529282
1902,85.9493647743815,52.0118952141768,-0.966661028650743,0.256059476856234
1903,86.634569981617,52.3708618109385,-0.966165774765151,0.257921879010789
1904,87.3239171741807,52.7355402346824,-0.965729961115903,0.259548920635545
1905,88.0099825829318,53.1037264824681,-0.96527276050667,0.261244134525223
1906,88.6935804513513,53.4772816793396,-0.964751816760157,0.263161418254987
1907,89.3764794797175,53.8518377602846,-0.964234204236423,0.265051691902829
1908,90.0553637550131,54.226419289027,-0.963510880757899,0.267669166437109
1909,90.7356353392042,54.604513287553,-0.962731475305895,0.27045906613633
1910,91.4127157446064,54.9786643741626,-0.961858510533702,0.273547446915316
1911,92.0850569355078,55.3531418211797,-0.960965298204356,0.276668927866889
1912,92.7441257448482,55.7281953374913,-0.960049392219167,0.279830599648445
1913,93.3873107138901,56.1057495512745,-0.95912894420582,0.28296937711814
1914,94.0195941533454,56.484595503508,-0.958305375871741,0.285746052597968
1915,94.6434196453748,56.8561465815942,-0.957384762768177,0.288815539781575
1916,95.3355405300651,57.2717075000829,-0.955959333435552,0.293499153009774
1917,95.8152211624885,57.5653775747013,-0.954198274623676,0.299174953338677
1918,96.4178278580154,57.9498528870185,-0.952224490690768,0.305398951093006
1919,97.0007524437609,58.3412165915988,-0.950465113368713,0.310831253687591
1920,97.5789905668485,58.7384222666907,-0.948694700644864,0.316193556177781
1921,98.1510813304901,59.132965773276,-0.946907424241916,0.321506345062644
1922,98.7223515000556,59.5371665127741,-0.944424910199209,0.328727225819852
1923,99.2927635857691,59.9546565494462,-0.941603527895263,0.336723619984096
1924,99.8689622348875,60.3826900144584,-0.938871845048568,0.34426684210812
1925,100.433776722716,60.80916675159,-0.936569799980884,0.350481111850221
1926,101.035672688907,61.2840913440046,-0.933464681553879,0.358669330012361
1927,101.615945723638,61.7637805064017,-0.93045025998623,0.366418222379232
1928,102.20093664995,62.2560721912864,-0.927619749086834,0.373525904194179
1929,102.791130112831,62.7595674075946,-0.924761721645059,0.380546657034413
1930,103.375248431904,63.2793284152566,-0.921730541929568,0.387830901391606
1931,103.948995144297,63.8208672098929,-0.919043288295259,0.394156611310071
1932,104.520893745163,64.3793239149175,-0.917546672831295,0.397628096562881
1933,105.09351198577,64.9414612405499,-0.916572217339008,0.399869191614276
1934,105.66480547122,65.5125875505085,-0.915688785233304,0.401888104573843
1935,106.225500872865,66.0917246844276,-0.914916181348742,0.403643879064498
1936,106.781422521715,66.673970506695,-0.914160507626992,0.405352397667956
1937,107.340114739517,67.252666741515,-0.913727641227064,0.406327205165524
1938,107.901230827669,67.8283795979432,-0.913934220181707,0.405862342649394
1939,108.461812228423,68.409905669068,-0.914234944454095,0.405184484326605
1940,109.022899519234,68.9930817950957,-0.914750158626115,0.404019983779883
1941,109.583073291402,69.5671906747056,-0.915134420347905,0.403148846822739
1942,110.146802168783,70.1395590351164,-0.915872930602862,0.401468273950664
1943,110.710652007803,70.7108053073382,-0.917514906043499,0.397701391986486
1944,111.274804669359,71.2772157213351,-0.919903876334483,0.39214392549776
1945,111.846401051977,71.8313061884448,-0.922467905859242,0.386073778777663
1946,112.426960441303,72.3737420941061,-0.924620916253822,0.380888646753803
1947,113.007837433504,72.9086695324081,-0.927464327275949,0.373911649498343
1948,113.595062206308,73.438723149522,-0.930729362173493,0.365708701548272
1949,114.190845904962,73.952559636409,-0.93462397832444,0.355637482755961
1950,114.798963882209,74.4561532751928,-0.938423736945704,0.345486454056971
1951,115.409003228825,74.948161250669,-0.942107775962016,0.335310212298857
1952,116.027257752298,75.4227559299132,-0.946009613492509,0.324138567868364
1953,116.656183877519,75.882815666963,-0.949538067555464,0.313651810552777
1954,117.297217365423,76.3279288024228,-0.952979574458525,0.303034537082573
1955,117.953301463583,76.7596921358493,-0.956227840855258,0.292623164450958
1956,118.619319754244,77.1747719631261,-0.959496453471049,0.281720705267609
1957,119.298226976943,77.5756056004287,-0.962642660581255,0.270775013671948
1958,119.983598470571,77.9652122079238,-0.9650418892553,0.26209569241512
1959,120.899850707574,78.4478048012041,-0.967525434349398,0.252773681159665
1960,121.596766077598,78.8011636373521,-0.969407603983151,0.245456508040927
1961,122.29158752,79.1467646036741,-0.971772189379817,0.235921198598087
1962,123.004843478688,79.4876092454754,-0.974601724249315,0.223945259137723
1963,123.734316731523,79.8120511094832,-0.977124232789202,0.212669305956721
1964,124.463053851442,80.1152159584607,-0.978737720518979,0.205115758617697
1965,125.198773460608,80.4068460471501,-0.979551471857535,0.201193722520699
1966,126.096315296061,80.7507129322722,-0.980432373768551,0.196856192350059
1967,126.83769505659,81.0310789767541,-0.980417763216472,0.196928945484431
1968,127.726890137107,81.3672413692957,-0.980657401830887,0.195732113446656
1969,128.486569491112,81.6532452318469,-0.980822530988749,0.194902957147462
1970,129.253737826478,81.9384971530839,-0.981056822477246,0.193720187566627
1971,130.001746088376,82.2153628414421,-0.981232654137468,0.19282758737883
1972,130.751035306985,82.4918158933196,-0.981452319028939,0.191706404360206
1973,131.50129318674,82.7651722648871,-0.981646417274438,0.190710019276021
1974,132.255339432121,83.0399884121312,-0.98176247572282,0.190111654725847
1975,133.009415511713,83.3153446291377,-0.981323456463901,0.192364949493772
1976,133.75992589621,83.5942392880027,-0.980344157276423,0.197295041230085
1977,134.510251803776,83.8797679527316,-0.979461584854347,0.201630860223854
1978,135.259035456476,84.1676980335089,-0.978676799624187,0.205406236218278
1979,136.022061165418,84.4682228993564,-0.977959227303771,0.208795952382728
1980,136.764007717094,84.7683905659034,-0.977006600208217,0.213209059726791
1981,137.513597982229,85.0772314033654,-0.976136506468342,0.217157824495871
1982,138.266076245999,85.3945447384658,-0.975250789018675,0.221101557024036
1983,139.157479928864,85.7769286656212,-0.974101238049006,0.226112312869943
1984,139.900302581064,86.0994029985744,-0.973357494932452,0.229292797660159
1985,140.636894134789,86.4336669347971,-0.972470928311347,0.233024233909837
1986,141.368726502681,86.7749463293069,-0.971499260428132,0.237042584755551
1987,142.100124363014,87.1158570346587,-0.970593517309967,0.240724373830043
1988,142.827644300765,87.4629272896098,-0.969657839083404,0.244466102157546
1989,143.54785092511,87.8161429822821,-0.968722132694761,0.248147999442499
1990,144.262772430598,88.176229598221,-0.967670417765918,0.252218085356175
1991,144.971836670002,88.5428832325053,-0.966542672303007,0.25650587248124
1992,145.67729379726,88.9173467926566,-0.965207396983487,0.261485526957729
1993,146.380880225333,89.2994256651598,-0.963750912645514,0.266803632611962
1994,147.081362044975,89.6837872631622,-0.962352436898859,0.271804685748476
1995,147.780391225984,90.0733393287317,-0.960966272387878,0.276665544173731
1996,148.475213776318,90.4711601858876,-0.95965284009321,0.281187529063856
1997,149.163969249962,90.8730064563923,-0.958322468523925,0.28568872277745
1998,150.792696712811,90.9171226678818,-0.958333293353242,0.285652409145678
1999,151.326398071602,91.2399585320503,-0.956819902636713,0.290681395892947
2000,151.875026239828,91.5767755960246,-0.95531493747911,0.295589868279149
2001,152.398819020617,91.9058305430229,-0.953787858069394,0.30048081768958
2002,152.934891752011,92.25328365415,-0.952267017743688,0.305266321295919
2003,153.476392964038,92.6095644185127,-0.950668432727962,0.310208850638663
2004,154.021814199801,92.9720887999433,-0.949153995906122,0.314812153601861
2005,154.584849948683,93.3547882305987,-0.94762439314177,0.319386927601447
2006,155.229979393952,93.8028713303271,-0.94573968821869,0.324925286993818
2007,155.792345404448,94.1994379841739,-0.944599554181399,0.328225048161019
2008,156.362063613696,94.6113369534643,-0.944546456869871,0.328377817177977
2009,156.939459421055,95.0358290970521,-0.944622588211877,0.328158750972596
2010,157.529637936153,95.4674191608102,-0.94478512653889,0.327690501343711
2011,158.132508759113,95.9021164626979,-0.944272314922172,0.329165300831548
2012,158.743296300788,96.3434279371822,-0.943586391759559,0.331126443048841
2013,159.352313063915,96.7964519130689,-0.942770040421752,0.333443624745125
2014,159.963033222577,97.261515711239,-0.941936719161826,0.335790436276342
2015,160.577035310085,97.7283906556141,-0.941255995480654,0.337693871682214
2016,161.188779875406,98.1952270664442,-0.940476097666938,0.339859838340997
2017,161.802073533081,98.6624527918707,-0.939689450465419,0.342028853584021
2018,162.418525730597,99.128044484967,-0.938905977352752,0.344173743465816
2019,163.034648369335,99.5973442101866,-0.938161631988976,0.346197562475216
2020,163.65230164222,100.072871501146,-0.937486344541126,0.348022059356755
2021,164.271980572041,100.553949119053,-0.936773553707098,0.349936149997361
2022,164.896211675691,101.041115208416,-0.93622634852935,0.351397530326267
2023,165.523775039782,101.536583774469,-0.935490104828606,0.353352888438405
2024,166.151160224046,102.035174476031,-0.935016631691945,0.354603861314918
2025,166.779493541025,102.545087192887,-0.934624645518143,0.355635729349689
2026,167.407223563982,103.061778096483,-0.934404500694799,0.356213740725009
2027,168.03597770105,103.578865343137,-0.934361039220346,0.356327726099269
2028,168.665321902388,104.098204286391,-0.934317828859285,0.35644101149513
2029,169.299369753113,104.613275306795,-0.93433594972893,0.356393508700901
2030,169.936521122932,105.125699644512,-0.934315254298951,0.356447759965308
2031,170.571645663952,105.642937592089,-0.933771447417307,0.357869926073969
2032,171.204073228529,106.164301312147,-0.933396714321186,0.358846169959237
2033,171.832497602884,106.686575751228,-0.933166061790844,0.359445546810315
2034,172.457344544891,107.204545876452,-0.93311114328625,0.359588089729105
2035,173.077532230825,107.723831301625,-0.932365810476434,0.361516245077067
2036,173.693413456277,108.245591442081,-0.931545427056368,0.363624967968879
2037,174.304721743819,108.761835982522,-0.93081577140031,0.365488713522656
2038,174.91294723542,109.284682245725,-0.930380320840387,0.366595770015064
2039,175.517204980211,109.812886803341,-0.929996932979318,0.367567279078349
2040,176.119803200444,110.338254206643,-0.929855583958865,0.36792471102186
2041,176.723304328131,110.86042934888,-0.929874945587124,0.367875774643213
2042,177.323469984844,111.387920095958,-0.929821501027197,0.368010837106096
2043,177.920985453678,111.917811069221,-0.929801220030987,0.368062075238522
2044,178.521404950531,112.441798849757,-0.929807629464437,0.368045883266916
2045,179.123035883553,112.958738355365,-0.929634622212596,0.368482657914379
2046,179.724196905814,113.4786438672,-0.929383579038513,0.369115378998985
2047,180.326514618687,114.00310443012,-0.928846922626721,0.37046375575334
2048,180.929836955963,114.528970144055,-0.928386883027626,0.371615117322007
2049,181.530559619831,115.051599822923,-0.928014112326144,0.372545040664239
2050,182.131318017806,115.571625965229,-0.927666019321492,0.373410975462983
2051,182.731240027209,116.094869958902,-0.927319163292085,0.37427151827419
2052,183.329420574689,116.623159496215,-0.926806760853369,0.375538583951752
2053,184.10329630339,117.305254338569,-0.926299694831114,0.376787573250213
2054,184.706695286214,117.831163463459,-0.925921187938492,0.377716763894021
2055,185.30622142275,118.358240909544,-0.925422525738351,0.378936866583407
2056,185.899257829906,118.887248862465,-0.924947251854815,0.380095489694662
2057,186.489875735337,119.420657460455,-0.924506386340741,0.381166553641823
2058,187.080259461337,119.954999307661,-0.924182316317179,0.38195162809787
2059,187.670306022374,120.488352886687,-0.923804786348948,0.382863835741606
2060,188.259403577223,121.022601647317,-0.923580045541238,0.383405659162779
2061,188.845762684369,121.556216796618,-0.923271225073594,0.384148727644781
2062,189.433347193642,122.093258332732,-0.922690651217454,0.385541129006894
2063,190.018766369731,122.634807090058,-0.922314867540767,0.386439238578664
2064,190.601239923916,123.180114733654,-0.921985091405045,0.387225375236218
2065,191.185881793018,123.724862853472,-0.921685096823091,0.387938889896604
2066,191.770061734952,124.270209051368,-0.921460322661013,0.388472487779331
2067,192.351336905937,124.816599674534,-0.921440433165264,0.388519662473099
2068,192.93212546311,125.361257219991,-0.921489337507639,0.388403657114261
2069,193.50965732168,125.902002067923,-0.921590044533586,0.388164642666721
2070,194.090287516846,126.448038246538,-0.921663381076946,0.387990479241196
2071,194.674119633088,126.995750103472,-0.921709282988445,0.387881422154924
2072,195.250917230396,127.535404537159,-0.921920803317279,0.387378409840846
2073,195.830832429075,128.079817617551,-0.922008195150312,0.387170360533531
2074,196.40981040702,128.620732486259,-0.922207051413449,0.386696462775796
2075,196.993965574141,129.164874236104,-0.922321932146971,0.386422377044444
2076,197.576274905535,129.709134478663,-0.92240779887658,0.386217364409813
2077,198.162106468726,130.251378101755,-0.922612834232221,0.385727310557586
2078,198.751940325833,130.79304631517,-0.922698491687345,0.385522364380976
2079,199.533535113257,131.518121187096,-0.922778813149814,0.385330068904337
2080,200.125714422468,132.067334068756,-0.92289957843472,0.385040735669639
2081,200.714586809381,132.614929542993,-0.923059156099441,0.38465802258758
2082,201.306512495984,133.160770147669,-0.92314562197288,0.384450465771997
2083,201.897045638697,133.703291725807,-0.923259516688326,0.384176866618017
2084,202.486825730669,134.249819765427,-0.923313650067415,0.384046746632734
2085,203.080817998797,134.800491166421,-0.923320446760864,0.384030405818755
2086,203.658769665575,135.332215350189,-0.923426338704468,0.383775711825099
2087,204.24302971737,135.871172186601,-0.923400549205982,0.383837759640829
2088,204.827906600272,136.413190406732,-0.922831850245654,0.385203032402632
2089,205.410437417876,136.95539944058,-0.921611472907805,0.388113762967388
2090,205.985714486462,137.498811901932,-0.920542319048517,0.390642853308208
2091,206.561078634993,138.050063218286,-0.919510857810899,0.393064603300609
2092,207.137679148671,138.602012699875,-0.918455237362643,0.395524938481926
2093,207.712114816012,139.15350646966,-0.917449874953662,0.397851388017573
2094,208.283840150698,139.708839339939,-0.916303353932839,0.400484910541497
2095,208.854507726435,140.268772295625,-0.915178231821693,0.403049381589551
2096,209.423553440608,140.832459857874,-0.913185579783435,0.407543981522967
2097,209.986471270166,141.398580976354,-0.911739084034338,0.410769817104698
2098,210.547248428546,141.97135699293,-0.910334820581535,0.413872582368999
2099,211.101560772365,142.54798786351,-0.909975052234569,0.414663000894332
2100,211.651542956919,143.127100043245,-0.909656674055205,0.41536096993678
2101,212.200909573373,143.706391369112,-0.909501022930359,0.415701683047629
2102,212.752952557646,144.288049047935,-0.90951115502388,0.415679514634926
2103,213.302885751241,144.870986169589,-0.908788985973852,0.417256011307948
2104,213.849943991536,145.460037573374,-0.908731965567275,0.417380180119082
2105,214.396459909486,146.049230034808,-0.908411164873977,0.418077929975147
2106,214.948460669277,146.635378312452,-0.907858481408142,0.419276731688395
2107,215.498655255742,147.221541780412,-0.907152351668467,0.42080234179763
2108,216.042218451416,147.814545062449,-0.905477473293103,0.424394327670314
2109,216.557095460329,148.38177322349,-0.903562748055208,0.428455785731645
2110,217.108690239228,148.988908787247,-0.903084183019575,0.42946357049215
2111,217.761876135023,149.71293458061,-0.902890747906057,0.42987009356972
2112,218.304191286233,150.31937814455,-0.903050753409233,0.429533859860916
2113,218.845340092855,150.923221583654,-0.903080484389468,0.429471347955698
2114,219.398742004223,151.544358056493,-0.903238621205894,0.429138664259089
2115,219.90808083887,152.119128283396,-0.903337165790156,0.428931189006126
2116,220.445384444237,152.725823462857,-0.903451444700676,0.42869043267638
2117,220.973483855533,153.324398408917,-0.903553369890544,0.4284755626164
2118,221.47553883306,153.893266588521,-0.903579412341209,0.428420640951293
2119,222.026228792505,154.513937563281,-0.903714406891402,0.428135808800107
2120,222.548758292017,155.103200245655,-0.903734145571584,0.428094141665124
2121,223.078203217859,155.697542826129,-0.9034208451453,0.428754914323967
2122,223.613859545467,156.298208953749,-0.901891144885835,0.431963381291191
2123,224.151150792509,156.908395915345,-0.89900759086475,0.437933044617048
2124,224.689857882173,157.53428640994,-0.898170360279301,0.439647590594728
2125,225.19763672229,158.131754868538,-0.897881240169778,0.440237752301164
2126,225.718332961628,158.74128239347,-0.897949305169224,0.440098904050111
2127,226.213672944297,159.320612475544,-0.897962679074195,0.440071615751226
2128,226.735576328746,159.936306309977,-0.898105931193692,0.439779190452108
2129,227.272764074796,160.569851342567,-0.89784996921848,0.440301524837667
2130,227.783031716162,161.169624777941,-0.897872524455899,0.440255527878063
2131,228.305226656711,161.786369506908,-0.897912774020147,0.440173432014523
2132,228.827061407917,162.401457892905,-0.897946781311383,0.440104053528852
2133,229.348872758943,163.013074723914,-0.898021462915256,0.43995164750634
2134,229.882535117707,163.639645291739,-0.898051795830361,0.439889727097444
2135,230.389372359023,164.235841201657,-0.898069612804266,0.43985335119514
2136,230.883274101176,164.819828821837,-0.898134224683422,0.439721405497059
2137,231.417438384291,165.446384891732,-0.898210917127037,0.439564726011774
2138,231.956244781143,166.075426619007,-0.898373946550894,0.439231433481908
2139,232.512424670184,166.731099017747,-0.898369707907766,0.439240102806785
2140,233.046499749321,167.356869848234,-0.898594347585971,0.438780353350676
2141,233.604029149334,168.005668328642,-0.898789840282007,0.438379770297221
2142,234.164019885001,168.662270383791,-0.898865385009717,0.438224850540603
2143,234.734987880233,169.331163682204,-0.898869668688283,0.438216063959567
2144,235.330625712876,170.022783398163,-0.898693074722704,0.438578108716626
2145,235.905224811442,170.692468961802,-0.898465486734998,0.439044153982311
2146,236.494995695887,171.387061409499,-0.898038274263375,0.439917330822575
2147,237.081110869427,172.081280870403,-0.896329467861371,0.443388638829809
2148,237.66254827075,172.777421212398,-0.894442535292114,0.447182905599281
2149,238.243813959317,173.488660344299,-0.892917082835377,0.450221149193105
2150,238.781931891936,174.164112482803,-0.891093731088015,0.453819305908905
2151,239.320965991052,174.849707888204,-0.889564484047041,0.456809619778439
2152,239.849527453127,175.530507784432,-0.887616964369653,0.460582375437014
2153,240.363389084832,176.200193223269,-0.88695144732164,0.461862674497569
2154,240.850519221883,176.844682958253,-0.886736652370015,0.462274928309571
2155,241.334711161786,177.484309416516,-0.886576642696138,0.462581729671248
2156,241.832596892689,178.126430866545,-0.886633202481849,0.46247331194003
2157,242.321381113846,178.75447893916,-0.885409586106554,0.464811644465391
2158,242.80026080189,179.378880033668,-0.883144105445007,0.469101789612594
2159,243.280068867022,180.014419280467,-0.882715363434095,0.469908062452023
2160,243.729658087054,180.620129919795,-0.882439217223611,0.470426431980369
2161,244.189651792556,181.241043987053,-0.882354851290302,0.470584653813178
2162,244.6513493295,181.863070184552,-0.88171986879721,0.471773327953405
2163,245.08116125025,182.457882718157,-0.880856702512238,0.473383005228606
2164,245.550481868233,183.116576250847,-0.879881173270354,0.475193771975586
2165,245.996102528632,183.743209765861,-0.878825023297977,0.477144190392497
2166,246.446777664113,184.387609100951,-0.877853633150206,0.478929012239792
2167,246.89298895873,185.032701054426,-0.876868839366377,0.480729693849114
2168,247.341071546688,185.679309077404,-0.876038171454495,0.482241767326997
2169,247.802195346648,186.343069923618,-0.875374606986988,0.483445237273444
2170,248.239176729273,186.978428425108,-0.87537973878538,0.483435945006202
2171,248.683115893658,187.631837974128,-0.875371007629082,0.483451754575828
2172,249.108208044437,188.253309734644,-0.875504896206669,0.483209247343374
2173,249.56243795085,188.914242597971,-0.875628628358624,0.482984994796727
2174,250.021417449407,189.588716934308,-0.875675160804401,0.482900624093806
2175,250.455773731589,190.231872027629,-0.875804782286562,0.482665498377488
2176,250.902923134914,190.894396428081,-0.87582128063227,0.482635560637269
2177,251.351325458817,191.553514020536,-0.875917655826994,0.482460630736379
2178,251.801119293791,192.209352959279,-0.876069823104261,0.4821842646189
2179,252.266930124223,192.889152920162,-0.876164074179011,0.482012982312756
2180,252.702077934282,193.529082386469,-0.876267498836635,0.481824937588943
2181,253.149317027361,194.186284863485,-0.876252122737207,0.48185290016616
2182,253.60115887914,194.842581010209,-0.876410697573635,0.48156441851376
2183,254.053696237335,195.499758894292,-0.876504415312991,0.481393820002742
2184,254.515995589217,196.174720829705,-0.876562563819383,0.481287930152409
2185,254.958469121465,196.812509146423,-0.876718138585576,0.481004475524961
2186,255.419213053158,197.465345088665,-0.876702774111434,0.48103247901292
2187,255.878699871294,198.120408983568,-0.876889875489966,0.480691321185636
2188,256.334841891816,198.776830256278,-0.876906064928024,0.480661786802787
2189,256.80358120597,199.449282568866,-0.87703206838649,0.480431838060005
2190,257.252731142058,200.09229920971,-0.87717156537177,0.480177097437224
2191,257.713664471218,200.752738737791,-0.877314467388763,0.479915956507357
2192,258.173696951264,201.410017854397,-0.87742953127866,0.479705553063659
2193,258.637957359214,202.067016125788,-0.876729229542082,0.480984259686892
2194,259.11453393096,202.742931045922,-0.875648033666181,0.482949812233684
2195,259.561043088897,203.381961543366,-0.874814207736278,0.484458565764656
2196,260.018366287702,204.037037646526,-0.874574291241285,0.484891543646416
2197,260.4771783313,204.691900622331,-0.874409236818015,0.485189124535306
2198,260.934661539185,205.346742955729,-0.87443049105627,0.485150818108236
2199,261.377575069392,205.985483840319,-0.874410992422854,0.48518596056572
2200,261.81994870452,206.622668100435,-0.874511965486957,0.485003940417127
2201,262.288273090553,207.291172195209,-0.874707130464818,0.48465187084546
2202,262.749059227397,207.949969342458,-0.874675559359921,0.484708846482514
2203,263.20486405146,208.609512368959,-0.873957689842168,0.486002012717788
2204,263.667249069511,209.285031219159,-0.874121154411719,0.485707944561259
2205,264.104515858815,209.928549241367,-0.874135861457909,0.485681475571428
2206,264.552295854164,210.586999748515,-0.874310196425357,0.485367572491873
2207,264.995397790642,211.234826754525,-0.874458514975801,0.485100304665248
2208,265.451478149346,211.89834356027,-0.874670885895787,0.4847172798305
2209,265.913100248284,212.574513317881,-0.874816614165455,0.484454220314046
2210,266.350386597512,213.220234947182,-0.874984823410548,0.484150347310845
2211,266.801805729323,213.883099685686,-0.875079696493646,0.483978847455743
2212,267.252928701253,214.540659709089,-0.875272813639767,0.483629508718322
2213,267.696165647325,215.190047023504,-0.875402194596551,0.483395281002559
2214,268.161078634265,215.875216576806,-0.875254141965892,0.483663299177796
2215,268.601366536675,216.512511512177,-0.875363416985354,0.483465498462637
2216,269.057240730409,217.16271995453,-0.875492756502681,0.483231242068781
2217,269.488925132232,217.784630277223,-0.875481772347841,0.483251142043848
2218,269.946082305978,218.446077317958,-0.875579846278625,0.483073423809155
2219,270.415518786157,219.119326754591,-0.875573716850936,0.483084533347774
2220,270.862885666124,219.758657785022,-0.875696449745062,0.482862017458294
2221,271.318244426973,220.41790602693,-0.875741044000577,0.482781134524516
2222,271.770775825333,221.075933711716,-0.875831557023471,0.482616911972471
2223,272.222727846385,221.732376038137,-0.875979166350147,0.482348940208747
2224,272.681347340705,222.406362167154,-0.875970085847724,0.482365430664276
2225,273.115869136591,223.046464971064,-0.876256690894328,0.481844592854296
2226,273.565108327583,223.703117020376,-0.8766752631956,0.481082615463213
2227,274.01909840421,224.358420363967,-0.877396123068894,0.479766654972679
2228,274.475838799967,225.00863066404,-0.879275905457898,0.476312798569589
2229,274.949339431754,225.672972977825,-0.880939837072744,0.473228278379734
2230,275.405687061252,226.298049424422,-0.882855634890425,0.46964446972388
2231,275.877492098257,226.93449334986,-0.884707512683619,0.466146561717625
2232,276.354895266089,227.570056975834,-0.886853556411539,0.462050613548133
2233,276.83810146596,228.201677092366,-0.889380507622135,0.457167707369837
2234,277.344952531889,228.838033177169,-0.892185180072456,0.451669795823319
2235,277.832966104859,229.430239185517,-0.894953273372022,0.446159879954152
2236,278.338907945554,230.034162447506,-0.897479885998814,0.441055386802559
2237,278.85420423257,230.635033324722,-0.900082058240617,0.43572042462264
2238,279.37241848643,231.230117558187,-0.902583845628235,0.43051411313794
2239,279.915657276987,231.842113652541,-0.905152231536374,0.425087564796622
2240,280.424137032534,232.402121636292,-0.907351906482482,0.420371880366189
2241,280.965917371587,232.987454437678,-0.909177215858657,0.41640940210747
2242,281.501817995239,233.55330058908,-0.910149421226019,0.414280135949026
2243,282.047838642377,234.122391780039,-0.91041101030662,0.413704958046771
2244,282.608853851191,234.708798428693,-0.910588898440927,0.413313268642732
2245,283.142484536068,235.267744013151,-0.91064161635376,0.413197103770841
2246,283.687418525454,235.84133975148,-0.91075276061722,0.412952066259649
2247,284.232640434113,236.414083739879,-0.910717696221977,0.413029390949524
2248,284.894529016555,237.104348335228,-0.910701292424407,0.413065558932859
2249,285.431387241765,237.666725258476,-0.910318259560875,0.413909007283073
2250,285.973752391544,238.235511210792,-0.910262851309207,0.414030846105012
2251,286.5157656529,238.801918209142,-0.909713659426679,0.415236147092857
2252,287.055319957948,239.368596854057,-0.908833544860116,0.417158947808862
2253,287.592942807154,239.934017785422,-0.907720349466436,0.419575698968055
2254,288.127465310628,240.499951997395,-0.906719928982329,0.421733292954541
2255,288.66402009614,241.075564071926,-0.904749991397059,0.425943016220505
2256,289.183205680597,241.639184197416,-0.902443134035967,0.430808994603573
2257,289.706536805451,242.216596030311,-0.900262428018436,0.43534763201188
2258,290.221845684863,242.800536168041,-0.898469086836047,0.439036786613604
2259,290.733364265776,243.391696153466,-0.896690002100967,0.442659056308767
2260,291.237131570944,243.98563670402,-0.894689193334819,0.446689206641364
2261,291.736362189563,244.583366211623,-0.892492696028017,0.45106184446996
2262,292.207779187063,245.157276864318,-0.889864977851474,0.456223981387866
2263,292.705033535321,245.776155059292,-0.887526659303938,0.4607563662336
2264,293.19320380306,246.40072767026,-0.886053272930025,0.463583431034793
2265,293.675586094144,247.027233461463,-0.885841706328765,0.463987576696341
2266,294.158287087033,247.654047105814,-0.88583298812804,0.464004221041304
2267,294.637326773155,248.27741799882,-0.885831142973858,0.464007743618174
2268,295.10636312294,248.89173910723,-0.885890659089634,0.463894104443819
2269,295.564854340728,249.494819521183,-0.885911400003513,0.463854493719545
2270,296.0113337856,250.085529023405,-0.885923310671644,0.46383174493408
2271,296.444638944325,250.657643635882,-0.886002969618782,0.463679563736315
2272,296.866091129872,251.213256965501,-0.88602200872278,0.463643181831514
2273,297.273595683481,251.748619451593,-0.88638912303192,0.462940949334474
2274,297.670879174641,252.269652481717,-0.887198668905534,0.46138760483161
2275,298.062870391483,252.782840870582,-0.889013226409451,0.457881516627455
2276,298.457282936058,253.289062839453,-0.893121913922125,0.449814680587551
2277,298.858089439753,253.788132619875,-0.89936157354065,0.437205626723268
2278,299.271579098547,254.278440061743,-0.907205048819005,0.420688720311476
2279,299.700895170222,254.751128451905,-0.915554400594688,0.402194156535997
2280,300.144855715435,255.195945546154,-0.92402482070228,0.382332487144527
2281,300.595577524631,255.609947456541,-0.93206456881326,0.362292201907455
2282,301.050008991537,255.990457211594,-0.939299131221823,0.343099318107643
2283,301.505436421179,256.335910914416,-0.946513742351835,0.322663502025134
2284,301.957878377682,256.654104165297,-0.953859396372541,0.300253646025843
2285,302.410589560969,256.939548453323,-0.96094002388136,0.276756699111135
2286,302.861865744527,257.189758319524,-0.967717438714945,0.252037613873379
2287,303.308928688456,257.408810315908,-0.973760970679918,0.227573223338123
2288,303.753595998437,257.598337304377,-0.979182807385758,0.202980367819515
2289,304.194437511871,257.759966596799,-0.983796851441032,0.179286795650744
2290,304.625451588898,257.896845144224,-0.987785674572659,0.15581868023134
2291,305.047496947206,258.010762661117,-0.991128815149276,0.132904747021288
2292,305.463901461148,258.099591074315,-0.993939554347306,0.109927986899967
2293,305.873830897554,258.167331849027,-0.996193630445603,0.087167945138158
2294,306.280177679303,258.217807572955,-0.997927708082938,0.064345080933464
2295,306.684022490096,258.250449182116,-0.999133302518542,0.04162503811881
2296,307.089291799653,258.2690285949,-0.999823778813189,0.018772621546167
2297,307.495209164393,258.275128132627,0.999992113277306,0.003971571878665
2298,307.90590805392,258.263430825681,0.999640484696299,0.026812335895045
2299,308.323175981803,258.229312169774,0.998760022367582,0.049783709386771
2300,308.742915342145,258.174667061205,0.997342201971111,0.072859674494304
2301,309.167402525971,258.09936598776,0.995367741335579,0.096140831640398
2302,309.593328812334,258.000514817458,0.992868044423212,0.119218481634463
2303,310.019581844279,257.879909438115,0.989742290226564,0.142864267530674
2304,310.448170179151,257.740215664483,0.986059531075225,0.166392912035662
2305,310.876993840106,257.579839659165,0.981767392811521,0.190086260450538
2306,311.302070641874,257.400171515341,0.977097649908284,0.212791406179172
2307,311.724933878932,257.199325359116,0.972724729932451,0.231962496489929
2308,312.146574274964,256.973713985523,0.968721564684781,0.248150216833817
2309,312.569386801312,256.728729444045,0.965631829533217,0.259913773764172
2310,312.994717148509,256.465534247773,0.963230514058723,0.268676342066375
2311,313.42781026543,256.181665178261,0.961876902917611,0.273482766611765
2312,313.868858519171,255.88653610897,0.96150382469025,0.274791548461778
2313,314.318796616662,255.585303017026,0.962222984483839,0.272262608764066
2314,314.777099116079,255.276403704173,0.963356856113779,0.268222981451208
2315,315.24524125863,254.966468271443,0.963929116149666,0.26615908595974
2316,315.723511890454,254.658599088438,0.963967602228721,0.266019664411131
2317,316.208186111212,254.346221265682,0.964037061881693,0.265767837253707
2318,316.695996950113,254.026823044373,0.963843189513112,0.266470084679673
2319,317.188094619524,253.695440456635,0.963715539122376,0.266931376301229
2320,317.690079743638,253.359112234681,0.963873516635535,0.266360364785468
2321,318.199320973934,253.024868611773,0.96441053195922,0.264409390616397
2322,318.715770172098,252.691131740133,0.9646021145642,0.263709614118019
2323,319.239016176788,252.354802405113,0.964637526878245,0.263580048065522
2324,319.77190136405,252.009195407618,0.964480902006509,0.264152587844055
2325,320.311439728735,251.654499927276,0.964331752840672,0.264696562998535
2326,320.858385156725,251.295061663676,0.964220392617819,0.265101932207101
2327,321.422739702897,250.929086684574,0.963602569159458,0.26733890234923
2328,321.984517857241,250.565040724448,0.962732642691968,0.270454910651183
2329,322.550856599964,250.189713447608,0.961546446994886,0.274642367946956
2330,323.103828242693,249.813170491564,0.960129064509049,0.279557113100309
2331,323.642777060614,249.442273168616,0.958265208029807,0.285880728765669
2332,324.167068658627,249.080332029773,0.956431901658875,0.291955506009371
2333,324.668134584458,248.719370761221,0.954310922834005,0.298815432264986
2334,325.157863759893,248.346663469153,0.95185183383049,0.306558455165624
2335,325.627887414949,247.975932862029,0.948423265237484,0.317006797965389
2336,326.079750359645,247.606502339165,0.943893034905354,0.330251326503256
2337,326.519972824127,247.223827636248,0.937559290976523,0.347825496339184
2338,326.9393644981,246.826825305071,0.930025197502225,0.367495757813538
2339,327.335595135726,246.41395507032,0.921909362715013,0.387405636172731
2340,327.698098939653,245.998630024091,0.913334487994121,0.407210158321864
2341,328.043390228262,245.566501963124,0.90449842332344,0.426476965621137
2342,328.35708394207,245.137978191978,0.894843286296127,0.44638043524638
2343,328.642779507824,244.714738067105,0.884734719468404,0.466094921842284
2344,328.908560820794,244.282300405825,0.874350338997586,0.485295255174421
2345,329.148611994449,243.846856746991,0.86437157569654,0.502853635890088
2346,329.361687703036,243.41569300316,0.856117577128886,0.516781089177
2347,329.551628569524,242.992408952342,0.850111853326001,0.526602161821077
2348,329.714035989721,242.604853636702,0.845449406415284,0.53405552257424
2349,329.857204975045,242.262491138063,0.841858911661005,0.539697668011405
