1,311.93160520362,255.268019567121,0.06536697788154,0.997861292065503
2,311.597126826553,255.24021029962,0.07290173481499,0.997339128411678
3,311.25440021731,255.190309320979,0.080880959134973,0.996723768377883
4,310.896785503395,255.145143840259,0.091586266122201,0.995797145937762
5,310.530174139177,255.110943355571,0.103466080677803,0.994632982636899
6,310.162962511403,255.061953536637,0.115424375051571,0.993316270703322
7,309.824144868982,254.976004926332,0.127291314215111,0.991865374597475
8,309.48997534948,254.886224647263,0.1391844495014,0.990266473741787
9,309.170540424399,254.801239235791,0.151842038103354,0.988404773088748
10,308.858604676043,254.721332617078,0.165812409735855,0.986157312388642
11,306.062063089935,253.468903936261,0.307747287667741,0.951468132379192
12,305.780018359353,253.291368088665,0.321016872932226,0.947073475128944
13,305.514975665332,253.096990731975,0.332119317916232,0.943237381928249
14,305.246982344843,252.892196426633,0.341213906973177,0.939985675256863
15,304.913624974949,252.614908644774,0.350933236793165,0.936400482333212
16,304.362692532599,252.154033754245,0.364222178365668,0.931312087748552
17,303.889709496102,251.755881003416,0.378890229200487,0.925441621182235
18,303.425122180643,251.303465930229,0.393278701685275,0.919419307389585
19,303.19137032043,251.065188486353,0.400973709245563,0.916089561393347
20,302.962893907707,250.818240352212,0.408455909140811,0.912778050945548
21,302.715892573823,250.573285541227,0.415111523346729,0.909770533258117
22,302.477977798315,250.299183502751,0.42169782039033,0.906736427126453
23,302.230132094464,250.024760426451,0.426661959721625,0.904411174260083
24,301.975046021203,249.731735075796,0.429756051208927,0.902945035120804
25,301.725605803526,249.434714161332,0.43025189890949,0.902708869727543
26,301.468998117023,249.126073015158,0.429752132874915,0.90294690003868
27,301.210205739417,248.808059810693,0.428998220090514,0.903305334402034
28,300.947119255064,248.50036270716,0.429578418227282,0.903029557984314
29,300.686194291161,248.189495334296,0.430702590103093,0.902493921795869
30,300.417248731998,247.869346305177,0.432144192069258,0.901804522754687
31,300.159382250394,247.556644490753,0.433131199259675,0.901330884985018
32,299.894226319753,247.240459540899,0.434745346065174,0.90055343210421
33,299.630306271132,246.928931697595,0.436965222312787,0.899478401346656
34,299.376523974138,246.613727769118,0.440865387900525,0.897573233642425
35,299.127769556214,246.293053827855,0.444762508029878,0.895648542370819
36,298.885184598533,245.967627093826,0.448300674417706,0.893882825272211
37,298.633204579788,245.646431783211,0.451017705949012,0.892515002070268
38,298.374601852752,245.314241396564,0.453439710266895,0.891286951073039
39,298.116263968375,244.963048320256,0.455749600286474,0.890108028184624
40,297.852193419641,244.619205238253,0.457958675466217,0.888973481924645
41,297.589130799653,244.258819346513,0.460165414849432,0.887833199974213
42,297.33177435108,243.878538886025,0.461402714766942,0.887190810821266
43,297.060339325607,243.512704394666,0.461132894490165,0.887331084555885
44,296.780591491581,243.138012604778,0.460467284882143,0.887676675120659
45,296.508775398924,242.750323455955,0.459456373615002,0.888200338180836
46,296.228787950777,242.354842401061,0.458468559762249,0.888710627656455
47,295.934138635309,241.953574793247,0.458104715025102,0.888898233810693
48,295.634705393309,241.541782637745,0.458468205105489,0.888710810616902
49,295.3202260369,241.12670191049,0.458937254192891,0.888468680772648
50,294.997631790995,240.700671411808,0.459221822168461,0.888321629841511
51,294.679528854567,240.258982333316,0.459594063226749,0.888129099313117
52,294.353059414043,239.799428596526,0.459900773441913,0.887970314023803
53,294.034334167196,239.368804811027,0.459874613463373,0.887983862405119
54,293.657591205925,238.845552562438,0.460230529578575,0.887799447873124
55,293.318721794318,238.374747888585,0.460558040915274,0.887629591072923
56,292.971487707181,237.87945933847,0.460896205881991,0.887454048051833
57,292.61824936255,237.385403544396,0.462315958014204,0.886715261493457
58,292.27556311219,236.892001941184,0.463501245148854,0.886096267764097
59,291.921283721935,236.394578526464,0.464781952656123,0.88542517271939
60,291.564215671724,235.899898908683,0.465778635719121,0.884901272746081
61,291.206033871338,235.386189252154,0.466966553807622,0.88427497851349
62,290.854655697126,234.874899725178,0.468238243629528,0.883602256223203
63,290.462183642005,234.301861677579,0.469426936264981,0.882971319754427
64,290.156537158528,233.860149728003,0.469875552886371,0.882732668931952
65,289.811232466159,233.356970791893,0.468938820866248,0.883230650670918
66,289.443245456103,232.858235662313,0.467775450633751,0.883847344163228
67,289.094128088621,232.334164391037,0.46665732419531,0.884438206871952
68,288.749979992987,231.827490453559,0.465524808857634,0.885034831143986
69,288.392991275054,231.334936660385,0.464289339399691,0.885683583070048
70,288.036229501196,230.815259103586,0.463153738714709,0.886277955448846
71,287.679301058208,230.310697356456,0.462177335141193,0.886787522962398
72,287.315568039422,229.803806457088,0.461346976310487,0.88721979658322
73,286.961956795983,229.282677037125,0.461440196690987,0.887171316532372
74,286.603114549043,228.779248036169,0.461528920484057,0.887125163410903
75,286.235328331085,228.293804955554,0.460996417081073,0.887401996526047
76,285.886504879031,227.784487380782,0.460363590433348,0.887730457179045
77,285.524553937796,227.282812555705,0.459643924563486,0.888103295012397
78,285.169854781509,226.774556562486,0.461330676733678,0.887228272038514
79,284.811561145735,226.276825488176,0.463471499469412,0.886111826565685
80,284.47857607497,225.778799411121,0.46506132073176,0.885278469160541
81,284.137553402024,225.274004343851,0.464639369180554,0.885500003730941
82,283.791181915513,224.771451873824,0.463969886365787,0.885850971973119
83,283.353986952545,224.142732069114,0.462784302248407,0.886470918638877
84,282.985144397264,223.648306291839,0.464408022958046,0.885621357134187
85,282.607109028443,223.12601520939,0.465384556170898,0.885108589314111
86,282.277564533959,222.617937377647,0.467106402775363,0.884201113144662
87,281.920511306531,222.073719973754,0.467103173742617,0.884202818972873
88,281.558061093024,221.530854666465,0.466007371950499,0.884780836867407
89,281.164885869164,220.985679884436,0.464725653726396,0.885454723161254
90,280.756484295348,220.409821491357,0.463277680481044,0.886213174562477
91,280.295163763024,219.743270418965,0.461716446729435,0.887027577259887
92,279.889630533395,219.18108231066,0.460572853785485,0.887621905067633
93,279.471157169039,218.606165796172,0.459450093425758,0.888203586826276
94,279.042854982523,218.007803044464,0.458346902705058,0.888773377628223
95,278.610802785965,217.406374408568,0.457351507553933,0.889286004915261
96,278.167687410863,216.782129344494,0.45758035902351,0.889168271496411
97,277.707115320986,216.160650733324,0.45829758214135,0.8887988108697
98,277.260778248602,215.537426093469,0.45879351264948,0.888542915536864
99,276.795576096273,214.896093214608,0.459511172977656,0.88817198892371
100,276.335132416993,214.246699310622,0.459925352949555,0.887957583285501
101,275.876215848242,213.58577604263,0.460445122483593,0.887688171139544
102,275.407683796398,212.920421809301,0.460992981123468,0.887403781463038
103,274.785831082686,212.045061749993,0.461677943191955,0.887047618096146
104,274.345567429593,211.4203099011,0.462111362154054,0.886821903748506
105,273.878761509498,210.751987059575,0.46303619862364,0.886339369973019
106,273.411003565678,210.103247606111,0.463627867536888,0.886030022314819
107,272.960768605208,209.425622514486,0.464094612731755,0.885785634582862
108,272.499345205694,208.75395147567,0.464198678845397,0.885731102851305
109,272.022625538137,208.100594737915,0.463086688983992,0.886312991265413
110,271.565980683371,207.437640398016,0.46174394330192,0.887013264175905
111,271.110381297921,206.781221771425,0.460282103685463,0.887772710228741
112,270.666323401324,206.167751177227,0.459003927039269,0.888434237837855
113,270.022809419242,205.24602820195,0.457244489611812,0.889341035103876
114,269.577911384202,204.626788144842,0.455947887400164,0.890006474119895
115,269.113023617095,203.976244702804,0.454835256076209,0.890575594674641
116,268.638074494241,203.322069766179,0.454996899897443,0.890493021355988
117,268.16215015665,202.671706425053,0.456912417148717,0.889511687981286
118,267.683355020485,202.018060951643,0.458232925294464,0.888832147357463
119,267.213820707682,201.364322653436,0.458976967601109,0.888448165742769
120,266.751383450985,200.702842319587,0.458790399332482,0.88854452307149
121,266.28627692344,200.050609247605,0.458696143176664,0.888593184891069
122,265.838076709152,199.415747956522,0.458870453590004,0.888503183349449
123,265.338841772506,198.702447684764,0.459266398748927,0.888298584362371
124,264.873473303132,198.051218358926,0.460392403398528,0.887715514617677
125,264.428882472684,197.387179976735,0.461448623811928,0.887166933323192
126,263.972929538328,196.73599623033,0.462676894637237,0.886526982764114
127,263.519468988366,196.075183278839,0.463586138038819,0.886051856619156
128,263.058884524669,195.41952136609,0.463555936648677,0.88606765746063
129,262.59940218641,194.761645210242,0.46338039517609,0.886159471746734
130,262.146226638343,194.108046258329,0.463090583991385,0.886310956165227
131,261.684296180905,193.448672226026,0.46264308865625,0.886544625226844
132,261.227024423786,192.801241488247,0.461426725505821,0.887178323105888
133,260.778752826987,192.155341661709,0.459954077629411,0.887942704498482
134,260.308021369512,191.503178766634,0.458617952746212,0.888633542816651
135,259.855597459168,190.852286807909,0.457230015802486,0.889348476497969
136,259.394435380011,190.197776836323,0.456093384482837,0.889931921346229
137,258.925206641264,189.551743646205,0.455002272006842,0.890490276459328
138,258.459591474079,188.916114210218,0.455322083410474,0.890326794137268
139,257.985827998451,188.265093472354,0.456633543925962,0.889654880592253
140,257.519135201576,187.6091255509,0.457517625428726,0.889200552418891
141,257.053932181784,186.961209801013,0.45769295551944,0.889110318502648
142,256.476901600754,186.15185296545,0.456949997268057,0.889492383326986
143,256.029391275641,185.520341965243,0.455714312063115,0.890126095438642
144,255.53869730556,184.844091968914,0.45443238637627,0.890781233644024
145,255.077179328207,184.218373490549,0.45300517617089,0.891507885754456
146,254.618125322677,183.578405791501,0.451369829577761,0.892336974997082
147,254.146091147951,182.936117606412,0.44987237150433,0.893092855954559
148,253.672463861034,182.3013803348,0.448261981631675,0.893902229454454
149,253.186360845297,181.625157680038,0.446982313199934,0.894542794776436
150,252.723883519006,181.010567780522,0.445762195067556,0.895151420402467
151,252.232359264221,180.366472887063,0.444768646217266,0.89564549423422
152,251.64714914744,179.57526873381,0.445010294347999,0.895525453532342
153,251.183668191415,178.97007832572,0.445413881549832,0.89532478694757
154,250.688472090944,178.332049249135,0.445656689623602,0.895203951618698
155,250.207991494072,177.690023550901,0.44605176031086,0.895007165962141
156,249.740738067753,177.046150226737,0.446893775894954,0.894587029341668
157,249.252834729619,176.41194065408,0.447772615298015,0.894147462664395
158,248.775721507068,175.780329956715,0.447873826597033,0.894096770740914
159,248.30762283701,175.127730360863,0.448053629850766,0.894006680499398
160,247.839847657358,174.482475412817,0.446956694838685,0.894555595219704
161,247.358757888018,173.845028320345,0.44560511157041,0.895229626711674
162,246.707521801084,172.977433785057,0.443677132314579,0.896186700560275
163,246.256483769282,172.385409991967,0.442197314825537,0.89691779710355
164,245.771632775775,171.750679666347,0.440826776237745,0.897592197688815
165,245.286520469686,171.121439144528,0.439221545671612,0.898378780814551
166,244.798868063463,170.493560627606,0.437824081288527,0.899060661937701
167,244.30874821318,169.854151926695,0.436364686618733,0.899769892957158
168,243.814777582166,169.228694257737,0.434764863298691,0.900544009830097
169,243.308849268572,168.589482202032,0.433218399723107,0.901288975934661
170,242.817963134433,167.965200608306,0.431748348451167,0.901994103977232
171,242.351253300458,167.382299635349,0.430472397458049,0.902603741974694
172,241.652781485891,166.521773362151,0.428409270014576,0.90358480363803
173,241.179401841715,165.941030758266,0.426839479028014,0.904327407050728
174,240.67685415602,165.321010643571,0.425303389075331,0.905050842351433
175,240.164623075258,164.702468538813,0.423787926324841,0.905761444035509
176,239.649789858485,164.07953226824,0.422528195972486,0.906349779946041
177,239.129621377887,163.456600230915,0.420950761530103,0.907083489193375
178,238.602818049158,162.843402218396,0.419509363809621,0.907751008634002
179,238.081893751361,162.232790705345,0.417932337658681,0.908478156665943
180,237.568961565648,161.616799636409,0.416484529997429,0.909142803014368
181,237.076827285759,161.037027351191,0.41507707024858,0.909786252783507
182,236.503813531974,160.366583884781,0.413352851264722,0.910570930983042
183,235.973506833921,159.757803320469,0.411805629272139,0.911271706846963
184,235.433491149718,159.155701171611,0.410397794969171,0.911906601513797
185,234.899324387966,158.560172419178,0.411163187950907,0.911561754832906
186,234.367597933214,157.959487030606,0.411625589024062,0.911353046003904
187,233.838330438066,157.355257344429,0.411227987580874,0.911532523956323
188,233.310997426908,156.754864011904,0.409969344124013,0.912099302092994
189,232.670389900768,156.032780436851,0.409032157982185,0.912519968952152
190,232.133864681223,155.441882597073,0.409867802094153,0.912144936293848
191,231.536482355627,154.766896537382,0.410486019037485,0.911866891697882
192,231.074931072145,154.229643137735,0.409940129898126,0.912112432707234
193,230.535746809208,153.619170628199,0.408999767407201,0.912534487162461
194,229.899188298072,152.914735921466,0.409035801485081,0.912518335762881
195,229.361750162545,152.310083776633,0.409807708718642,0.912171936574886
196,228.830869619033,151.716601971554,0.410600712799792,0.911815252476236
197,228.304531917739,151.108807875241,0.410792067088489,0.911729059324735
198,227.772110085782,150.50868476343,0.410613145747018,0.91180965367764
199,227.239598286291,149.916501168798,0.410074684620367,0.912051946455632
200,226.716470801847,149.306670016684,0.40898604737502,0.912540636384243
201,225.980140761295,148.510380022324,0.407690165386774,0.913120325612624
202,225.498045337381,147.935820693718,0.406422229044513,0.91368537896723
203,224.964165105978,147.33740482693,0.405500239810663,0.914094937910442
204,224.285839152323,146.594122622873,0.404152737874187,0.91469151328128
205,223.747975093791,145.995890540731,0.403287357584327,0.915073388976344
206,223.22015193147,145.393620020354,0.4024475236318,0.915443057061788
207,222.696812987393,144.798054384758,0.401428001883289,0.915890582604708
208,222.150721905172,144.219875872204,0.400688376192248,0.916214399136152
209,221.5834917449,143.648293931874,0.399169474233879,0.916877162350469
210,221.071421643846,143.090762670053,0.398462707259241,0.917184534825809
211,220.469752751296,142.452810179803,0.397351241799832,0.917666601026828
212,219.944430007906,141.861551451572,0.396983339141967,0.917825815960575
213,219.393672762293,141.279062246648,0.396406948176314,0.918074905134402
214,218.844240025007,140.684733075418,0.39574692481159,0.918359609032415
215,218.311880512727,140.096072373105,0.394884216014482,0.918730894191889
216,217.770742168397,139.516841344084,0.393987118777022,0.919115961257218
217,217.226539201345,138.931130099861,0.393431505834176,0.919353930875946
218,216.672821079266,138.356503552398,0.392567786376953,0.919723074136503
219,216.120007889545,137.78147067499,0.392006555554568,0.919962423364261
220,215.439291475898,137.057965256223,0.391370760076684,0.920233083602735
221,214.91275892029,136.508512431628,0.390912458417831,0.920427862384515
222,214.348300940559,135.922705217869,0.390748916416451,0.920497302722484
223,213.810752741836,135.366951964188,0.390291294889382,0.920691427750671
224,213.258565167304,134.788262476296,0.390087075924713,0.920777971715498
225,212.712670969482,134.209938713709,0.389683897112562,0.920948674102507
226,212.161792481091,133.630742973588,0.389313539705683,0.921105296804785
227,211.585076006708,133.045930638583,0.387637516515547,0.921811887420454
228,211.051780010099,132.484489617166,0.386194968351895,0.922417175913198
229,210.505586480147,131.90071899278,0.384857134222313,0.922976156917495
230,209.810080248279,131.18962557877,0.383043589770188,0.923730268171379
231,209.269096053075,130.658886858475,0.38149578214681,0.924370579477838
232,208.710814359841,130.094046872194,0.379876604165781,0.925037169851825
233,208.148470329421,129.529277340455,0.378354471806548,0.925660787580412
234,207.577187381505,128.966869529601,0.376816105154699,0.926288088499492
235,207.008789651426,128.414381837391,0.375296007798859,0.92690501483714
236,206.433587260197,127.855953087757,0.374042701340955,0.927411482338644
237,205.858900331818,127.291075672496,0.372645126197888,0.927973927392877
238,205.289754432452,126.743202311469,0.3714113427385,0.928468424064699
239,204.721089583698,126.190744773342,0.37026654813014,0.928925553171938
240,203.941491430697,125.448236840699,0.369270905314258,0.92932179490658
241,203.39464146221,124.926208871704,0.368310297821321,0.929702922722506
242,202.814827138486,124.37172498243,0.367451222362466,0.930042794275796
243,202.239157297254,123.819149013019,0.36684499191871,0.93028208189998
244,201.651550016938,123.274932622328,0.366062541142713,0.930590251384647
245,201.070366158417,122.717411684238,0.365579886690245,0.930779966720141
246,200.487516079496,122.169193601882,0.364876167039626,0.931056057778731
247,199.908052382585,121.623572824966,0.364489173661663,0.931207625765295
248,199.324236050015,121.088496531805,0.363999460368082,0.931399158713248
249,198.768848492587,120.576517501732,0.363486008964688,0.93159965719558
250,197.966336148927,119.83324567663,0.362908160297458,0.931824912303548
251,197.412831484156,119.317091113343,0.362317426327471,0.932054763723376
252,196.821319281612,118.773814544936,0.36218860973735,0.932104828319501
253,196.232355547841,118.232549000653,0.362064067887996,0.932153212054969
254,195.640024348003,117.694057518639,0.362598338572536,0.931945516038591
255,195.058638227431,117.140553653542,0.363402182219185,0.931632359870746
256,194.466511113988,116.601157725227,0.363853293651842,0.931456268806382
257,193.879405015402,116.059696586549,0.363825899792924,0.931466969162014
258,193.290185853291,115.517066340798,0.363376763909346,0.931642274400841
259,192.729703229691,114.998252450377,0.362343419730967,0.932044658896594
260,192.077566857188,114.392632477682,0.360776000031544,0.932652495735276
261,191.500821970284,113.858379489492,0.359343403421911,0.933205399907843
262,190.794314446867,113.210485750758,0.357886291359852,0.933765175221635
263,190.195897494779,112.677138718355,0.356258592189985,0.93438740118369
264,189.601723810024,112.140310165956,0.354757647824491,0.93495829388804
265,189.011561709119,111.606494225792,0.353275451214836,0.935519350718602
266,188.393909681091,111.057547191579,0.351845489828031,0.936058091833874
267,187.804480618737,110.54914935474,0.350179812297556,0.936682496398459
268,187.199641533507,110.024665905701,0.348735126286494,0.937221324818179
269,186.524519051475,109.430326037385,0.347133624824819,0.937815678327027
270,185.986364081175,108.967540748424,0.345790527897926,0.938311734348491
271,185.371162330774,108.434622806104,0.345502377642789,0.938417874426516
272,184.778364450289,107.923235452827,0.347419412184475,0.937709844268148
273,184.167196983741,107.40285841036,0.349137078099158,0.937071662519139
274,183.560737576547,106.876049666556,0.350749474851469,0.936469329925662
275,182.962571422856,106.34452036516,0.350550913016112,0.9365436761751
276,182.346347670011,105.788844276632,0.34927924594404,0.937018680898499
277,181.674582080077,105.198688190485,0.347980173279954,0.937501892800251
278,181.157107080672,104.7614114692,0.346234431157856,0.938148025996322
279,180.396162115217,104.103485098488,0.344299024563372,0.938860043715095
280,179.816686851077,103.602797532918,0.343024759293801,0.939326362086911
281,179.199323233882,103.089154735991,0.341315191580461,0.939948902864615
282,178.588187264727,102.57062905793,0.339784624413626,0.940503274322897
283,177.981561340866,102.045327741984,0.338181840506449,0.941080784391898
284,177.360067210003,101.526496765321,0.336535231035265,0.941670875769258
285,176.744915642724,101.009760293712,0.334760351697632,0.942303298801017
286,176.115500253675,100.508734718619,0.333279111343711,0.942828210196294
287,175.312245696607,99.8413207986297,0.332039846056905,0.943265360665018
288,174.861830050108,99.4986531085883,0.330522665927524,0.943798054304078
289,174.153197061684,98.9333270902727,0.329194697497152,0.94426206698128
290,173.613293210141,98.4871311636233,0.327670959882271,0.944791904098374
291,172.993397457949,97.9801586714421,0.326212956673436,0.945296306402588
292,172.352384784212,97.4780325663595,0.324803943067001,0.945781369328096
293,171.734320565779,96.9745909179511,0.323553168359808,0.94620999109306
294,171.094392226412,96.4849287048525,0.322514874831523,0.946564395861373
295,170.446947229292,96.0030294265615,0.320850300488749,0.947129919639476
296,169.816884750641,95.5034426271952,0.320693591013921,0.947182992183979
297,169.181634914024,95.0090838215266,0.321411294015619,0.946939691891308
298,168.528336028512,94.5185138335629,0.322057712110635,0.946720037851774
299,167.684063473056,93.8483146742194,0.325323445114653,0.945602800365319
300,167.084489395556,93.3855959600919,0.327827347482873,0.944737651542662
301,166.441295194335,92.883444160425,0.328988308993294,0.944333994170353
302,165.813706881665,92.3891935899162,0.328057635899008,0.944657709188018
303,165.189232564879,91.8732898245441,0.326948125791751,0.945042286377314
304,164.544242393259,91.3740397014618,0.325925292173258,0.945395527766964
305,163.908914273416,90.8808007832145,0.327178729227007,0.944962474991151
306,163.271929617286,90.378573446389,0.326441705070789,0.945217336484301
307,162.645085531439,89.874629110907,0.325435499039465,0.945564242114164
308,162.050990959114,89.4031281421074,0.324336082307234,0.945941914555854
309,161.165054899528,88.7210852244421,0.322718954862811,0.94649483684395
310,160.557274225218,88.2503972309562,0.321555163870014,0.946890847240868
311,159.928701661091,87.7546163678829,0.32039097650634,0.947285396368652
312,159.285648983968,87.2649678971811,0.319752900907608,0.947500966944715
313,158.63618630095,86.7696875387951,0.319589897047297,0.947555960197232
314,157.992198792921,86.2804469446247,0.319765681524827,0.947496653777185
315,157.348078864143,85.7862480357541,0.322585551354355,0.946540311902989
316,156.708286695321,85.302365760718,0.325850481733283,0.945421315369073
317,156.066867973413,84.7954268293396,0.329332618941118,0.944213972625583
318,155.466813713862,84.3033245637322,0.332087314585325,0.943248649875264
319,154.757271344957,83.7516118972056,0.334937884059737,0.942240210255106
320,154.146243089048,83.2440535026284,0.338171636588017,0.94108445115589
321,153.549238802995,82.7410780176145,0.342378043996245,0.93956227839846
322,152.967215242903,82.2604944410736,0.346493800552973,0.938052261965375
323,152.428197053721,81.8047003067922,0.349883554244246,0.936793199414585
324,151.924705053554,81.3632974036043,0.353870904738207,0.935294276032823
325,151.440196378706,80.9388524772262,0.358281831325651,0.933613479627377
326,150.973110162563,80.5234812585148,0.36256301781794,0.931959257752584
327,150.515412824631,80.0952199297542,0.366854651819754,0.930278272582031
328,149.943559559549,79.5674567988283,0.371789394381895,0.928317104348048
329,149.528098606402,79.1667122425676,0.375428958657137,0.926851173059417
330,149.077763476081,78.7357919545752,0.378775761553119,0.925488477756398
331,148.651917431407,78.3262624488303,0.381819539166995,0.924236895774186
332,148.227476413638,77.8978688973956,0.383102814494408,0.923705707206826
333,147.807880601393,77.4369783613209,0.382816414446735,0.923824438316147
334,147.369268136021,76.9970035507552,0.382129161655543,0.924108924214258
335,146.910286150923,76.5547753539614,0.382181014656812,0.924087480726738
336,146.46685661182,76.1156214539478,0.385154867465079,0.922851953494144
337,146.002164250728,75.6635352620584,0.389261089863479,0.921127463448082
338,145.492075590741,75.1340253597456,0.393194218592851,0.919455440173779
339,145.078422291273,74.6841567309705,0.397394536608199,0.917647853086332
340,144.589371401623,74.1707546549006,0.401813207193822,0.915721653410366
341,144.036172323492,73.5710088193625,0.40694293211184,0.913453583935286
342,143.55225188862,73.0285001219706,0.411301064227961,0.911499552695967
343,143.063299782675,72.4732331294048,0.415610311405224,0.909542780221828
344,142.570906157818,71.910881750818,0.419634240300983,0.907693287607117
345,142.079541595933,71.3249361661078,0.422579214263061,0.906325994150457
346,141.600986569258,70.7418516828976,0.424866416193714,0.905256056809735
347,141.109162332153,70.152976293731,0.425741189376455,0.904844981015158
348,140.615422223159,69.5772251407394,0.425765351160365,0.904833612191375
349,140.124583867034,68.9786676539626,0.426320921686235,0.904571982615314
350,139.633700664203,68.3959596858642,0.426416209556799,0.904527067713959
351,139.14610447961,67.8062694265067,0.425286539292047,0.905058760245429
352,138.660576930848,67.214446184843,0.424427498367672,0.905461925554775
353,138.162472285321,66.6327400996314,0.421179502884065,0.906977302003932
354,137.665703876382,66.0363438859769,0.413369496464124,0.910563374726327
355,137.183607644401,65.4435532688366,0.401985866060308,0.915645872315135
356,136.517582602923,64.7056398864366,0.38030202634983,0.924862351247045
357,136.018556597489,64.1911583181087,0.367426332818664,0.930052627517082
358,135.240259654876,63.4702227128114,0.348487155534565,0.937313556088584
359,134.696167172946,62.9907551118718,0.33312642486996,0.94288216923079
360,134.118552974074,62.4782010035452,0.316632317335432,0.948548351755879
361,133.514936498506,61.9903915103949,0.299977527682704,0.953946268342915
362,132.889255338598,61.546790589277,0.282330332195878,0.959317248631633
363,132.237390809367,61.1230966139927,0.264431825708008,0.964404380720416
364,131.64149279449,60.7484156019292,0.247536040714537,0.968878686186961
365,130.973127231849,60.3513453170859,0.231160218264519,0.972915697011771
366,130.295436782427,60.0019023217173,0.216956845644581,0.97618119584837
367,129.64144425715,59.7099231095041,0.204633607783537,0.978838641741065
368,128.890261747511,59.3823283170738,0.191117603467516,0.981567145764788
369,128.206403778356,59.0917282611026,0.179881401180992,0.983688305058652
370,127.471818115486,58.8195320960369,0.171940906661399,0.985107265538356
371,126.739674946604,58.5590598523516,0.165610843115449,0.986191182602334
372,126.00766061997,58.2879004842626,0.160454228823936,0.987043281955009
373,125.265317239151,58.0335336854404,0.157532374748594,0.98751382314683
374,124.512258658977,57.7886741135097,0.156544444306935,0.987670915313716
375,123.764277959319,57.5544396898425,0.155532227998338,0.987830818538212
376,123.011761950293,57.2971200718378,0.154699151661739,0.987961625001264
377,122.208052529302,57.0189656453964,0.154235505109466,0.988034113259065
378,121.580033817387,56.8215191135968,0.153600085156119,0.988133095205314
379,120.879368375791,56.608875470823,0.152928278646258,0.988237290123325
380,120.04718507227,56.338572021252,0.152282120310706,0.988337065900938
381,119.378474006728,56.1094858342704,0.151963138272284,0.988386161682993
382,118.680998576035,55.8868106948938,0.151384818748758,0.988474904412047
383,117.996564565176,55.6700994156399,0.150682707320539,0.988582177522209
384,117.297262011385,55.4475510612883,0.150267040559448,0.988645445304587
385,116.630800307531,55.2304984615494,0.149483869512789,0.988764164376664
386,115.954363412561,55.0114481539487,0.150234721448903,0.988650357037902
387,115.203522293909,54.7759363008458,0.151379299933515,0.988475749602204
388,114.600770419404,54.5795462756877,0.15262600734992,0.988284018832857
389,113.901902210628,54.3481623727037,0.152746497586781,0.988265403358314
390,113.237133199802,54.1303272250295,0.152346499254472,0.988327144302385
391,112.562452340335,53.9119739293605,0.151727407928366,0.988422376154718
392,111.878148095247,53.6945767565518,0.151740173690039,0.988420416466858
393,111.19211577222,53.4703146289766,0.153673574520949,0.988121668871781
394,110.489131075617,53.2336866767104,0.156637421465871,0.987656174079079
395,109.824781728354,53.0217377284108,0.160604924499886,0.987018772985796
396,109.128987152397,52.792056865661,0.16393803146107,0.986470639117389
397,108.36862611575,52.5118623185517,0.167067169083976,0.985945516250399
398,107.767349920745,52.2970899198239,0.168421027342714,0.985715150309066
399,107.068081141103,52.0513784030477,0.170521880009128,0.985353889949267
400,106.405653144367,51.8152325132007,0.172068409471212,0.98508500265817
401,105.720052955519,51.5608903531854,0.175455666733106,0.984487333088263
402,105.033401127925,51.3073877268105,0.180369325549769,0.98359895607952
403,104.341487721358,51.038815830857,0.18559523324653,0.982626281653491
404,103.628889130615,50.7526346758246,0.190726978630299,0.981643122332428
405,102.954591721147,50.4810839417855,0.195589768406875,0.980685802127544
406,102.263198311758,50.1791976856546,0.200110994324789,0.979773233942602
407,101.489832706461,49.8317143776675,0.204806468035053,0.978802488069481
408,100.881586537457,49.5701501619569,0.206569096010648,0.978432015304765
409,100.166359582124,49.2579051200611,0.206277450272813,0.978493542906108
410,99.4913425167878,48.9532238727281,0.205985402983942,0.978555064243982
411,98.7923835177663,48.6275269347933,0.205585550123395,0.978639147786589
412,98.1020364623562,48.3091565504393,0.205215014231138,0.978716914094221
413,97.3907688669492,48.000772366192,0.20546976185778,0.978663464609826
414,96.6647413681158,47.67621116155,0.205807672180375,0.978592459643796
415,95.8444849197906,47.2872010192005,0.206679932951991,0.97840860856544
416,95.1423907956936,46.976348445382,0.207283381882786,0.978280941036487
417,94.3567632444724,46.6267359669464,0.207807019482081,0.9781698434597
418,93.630095175867,46.3000246851259,0.208211363241034,0.978083855411851
419,93.0394967749688,46.0266327709357,0.21100516239112,0.977484946914425
420,92.3382628489165,45.7066802359446,0.214063498090112,0.976819747335927
421,91.6531356514821,45.3739563174502,0.216808124201883,0.976214237388526
422,90.9647793085029,45.0404274437646,0.217982092186367,0.975952769085705
423,90.2793871832565,44.710070280313,0.217967850373313,0.975955949929933
424,89.5757283452795,44.3743715313798,0.217975511610352,0.975954238854571
425,88.874139674165,44.0417123387054,0.217931669897032,0.975964029693662
426,88.1780224469176,43.6961857248325,0.217362981743145,0.976090843194285
427,87.4702607674921,43.3513708383721,0.217000550983058,0.976171481284436
428,86.7613864335454,43.0253384621533,0.216309913927967,0.976324751881502
429,86.0435254215519,42.6883221793437,0.215625070015854,0.976476230729995
430,85.3536925299609,42.3524066062486,0.215203397602927,0.976569248778681
431,84.6335427257211,42.0246057965697,0.214408067131783,0.976744173644672
432,83.9184055062382,41.7005851625852,0.214294018170798,0.976769201897876
433,83.2108823541576,41.3624374154656,0.21380019639492,0.976877410948525
434,82.4951985399633,41.0354779035084,0.213440963888767,0.976955963661738
435,81.7836039586842,40.6900404701881,0.213100675643871,0.97703024622584
436,81.0694016193618,40.3730130389974,0.212504209174343,0.977160151194873
437,80.3535901159926,40.0496171838749,0.212286949401928,0.977207373648819
438,79.6459819959963,39.708790636442,0.211553364069198,0.977366448242933
439,78.9351283315241,39.3893333474123,0.211164757558467,0.977450482206272
440,78.2337902683175,39.0525604042479,0.210740289609587,0.977542086222004
441,77.5155796469733,38.7172058424456,0.210228689358529,0.977652237848712
442,76.7980101242384,38.3996368371184,0.209657250147638,0.977774942131639
443,76.0893287792356,38.0730786567077,0.208956191090744,0.977925002341615
444,75.3806777213402,37.7411086691769,0.208635743067057,0.977993418543733
445,74.6647919053577,37.4198170101197,0.207974940970803,0.978134154361349
446,73.9378267488832,37.0895627764308,0.207387617386482,0.978258849259621
447,73.1338011761173,36.729944565826,0.2068000870246,0.978383219401589
448,72.5213807080307,36.449203931005,0.206068651385734,0.978537536794611
449,71.8026891541108,36.1292174925248,0.20557976910816,0.978640362203315
450,71.0939451005257,35.8078765709821,0.204381117354001,0.978891392785293
451,70.3812947274411,35.4805956679904,0.202576853350517,0.979266367484661
452,69.6736371983782,35.1655125599556,0.199947297798157,0.979806653428734
453,68.9686775010398,34.8620397698791,0.196577222086702,0.980488345548623
454,68.2410396362486,34.5516470058725,0.195372977430734,0.980729014401965
455,67.5251558557154,34.2533983673447,0.194299448007137,0.980942263593593
456,66.8090305907356,33.9458799012838,0.193707989001215,0.981059231135972
457,65.9942955091174,33.6066983299397,0.193046299802594,0.981189648402656
458,65.3744191531856,33.3479760447478,0.192382523578149,0.981320011322353
459,64.6443842822728,33.0489973521506,0.191325434602323,0.981526656833238
460,63.9239022165524,32.7638902479073,0.187877807386961,0.982192409607949
461,63.2091788489655,32.456812676391,0.185510658311926,0.982642252120616
462,62.469668813314,32.1862233813518,0.184322613861796,0.982865796545569
463,61.7546638837001,31.8979433325327,0.183762251094096,0.982970719336456
464,61.0356157780606,31.6028507730236,0.183108308267312,0.9830927461046
465,59.9224495430253,31.1614455552978,0.182159603828699,0.983268975780774
466,59.3571488736973,30.9494585533292,0.181471037401702,0.983396289694216
467,58.6374054745306,30.665003068141,0.180959384111751,0.983490570011678
468,57.9077150237125,30.3820114477749,0.18042921701349,0.983587971483944
469,57.1858633378716,30.1040598718428,0.179707229519112,0.983720138890409
470,56.4762027654536,29.8254237122417,0.179179547326139,0.983816390298515
471,55.7666509283453,29.5501589497186,0.178434726327503,0.98395175107341
472,55.0570844713669,29.2763739861441,0.177849726892227,0.984057658191003
473,54.3414272611993,28.9996077688191,0.177463973753512,0.984127297670181
474,53.63291721488,28.7266078238642,0.176859351913606,0.98423613510209
475,52.9147439571688,28.4605636317673,0.176498617322401,0.984300887982572
476,52.20452054309,28.1891580335046,0.176013250587508,0.984387797373382
477,51.4866292729729,27.9203631734767,0.175500693165084,0.984479307399894
478,50.7743742329454,27.6450791679283,0.17487391951553,0.984590834952914
479,50.0739958899553,27.3846801428697,0.171799208955261,0.985131986995827
480,49.3691809075006,27.113255815616,0.169463282392888,0.985536501566851
481,48.6538410343919,26.8559475988537,0.166447367904909,0.986050340356682
482,47.9400496655787,26.6044221111566,0.163825342445508,0.986489359888191
483,47.2268186684576,26.3493981792575,0.162965234314686,0.986631811976869
484,46.5011888949305,26.1001100209112,0.161946405785986,0.986799554951765
485,45.7653554290287,25.8502350029729,0.161353245813728,0.986896717020264
486,45.0805588870974,25.6029118856837,0.160810143141191,0.986985358484567
487,44.078152655846,25.2551580126783,0.159893155214375,0.987134326682844
488,43.3637650627279,25.0174528805232,0.159200694436722,0.987246240251572
489,42.608534899139,24.7662679716723,0.158783570762456,0.987313414097025
490,41.8576148739808,24.5143734006464,0.158220595307134,0.987403789348945
491,41.101755821707,24.2612437780655,0.157653143031758,0.987494550107598
492,40.3478738053338,24.0092032612017,0.157125677878171,0.987578615276437
493,39.5962308217775,23.7580856667949,0.156506924515783,0.987676861417038
494,38.8336259292025,23.5102648392791,0.155931718456365,0.987767836679877
495,38.0794994923669,23.2663869775082,0.155322205221209,0.987863863376539
496,37.32861526253,23.0070627737357,0.155059111452018,0.987905193809462
497,36.5816816908388,22.7496924583092,0.154644131654409,0.987970238693886
498,35.8183861989277,22.5066612784929,0.153876711992555,0.988090055362546
499,35.0639432855606,22.2625652372247,0.153314122341696,0.988177504242328
500,34.303272806825,22.0027281464003,0.152872717485762,0.988245886532556
501,33.537566524819,21.7507637673121,0.152497027973916,0.988303929193405
502,32.7879053307459,21.5098821796755,0.152026770930073,0.988376376144521
503,32.0363662357701,21.2693102524487,0.151586875793914,0.988443938262075
504,31.2784049288966,21.0204278818601,0.151260406152281,0.988493950174025
505,30.5223860094397,20.7723040935263,0.151172295197205,0.988507428988174
506,29.8515499219024,20.5532264849822,0.1510372983965,0.988528064595582
507,29.0052885672252,20.2745459189888,0.150554414396881,0.988601723802671
508,28.1368283844178,20.0024175540138,0.149889419094004,0.988702767288361
509,27.5049460625685,19.7865195841544,0.149662967538581,0.988737071292235
510,26.757329729838,19.538889727,0.149553894163054,0.988753575336477
511,25.9987764599124,19.3014191585578,0.148904978319559,0.988851509293307
512,25.2311460164492,19.0749117644836,0.148427521222106,0.988923288705379
513,24.4683976616154,18.8338242377034,0.147918390882402,0.988999570090281
514,23.7028941500737,18.5862220817067,0.147662437085195,0.989037817615717
515,22.9465235084516,18.3575549715123,0.146905299937573,0.98915056126469
516,22.1802166142099,18.1135985525894,0.146349933985177,0.989232883007098
517,21.4128309626304,17.8816273348172,0.14569791487478,0.989329125014088
518,20.6429753362923,17.6573516854487,0.144896504022125,0.989446816722438
519,19.8842603380235,17.4064789521527,0.144403228544897,0.989518927350968
520,19.1150195350131,17.1750452440299,0.143805604887259,0.989605955925392
521,18.346891543357,16.9457186816052,0.143232864192471,0.989689015102836
522,17.593295181826,16.7129608925134,0.142708111589699,0.989764817967633
523,16.8511679990607,16.4908164525492,0.142090275429857,0.989853703144191
524,16.1319253700579,16.2708060106845,0.141365273546352,0.989957503853153
525,15.418802685564,16.0540756615575,0.140914772190636,0.990021730558709
526,14.7990922729775,15.862648501837,0.140570537016565,0.990070666226848
527,13.894719207084,15.5923908206726,0.139790235984183,0.990181139955456
528,13.2788616092041,15.412960139907,0.138894147233115,0.990307233066782
529,12.5549052438744,15.2044556971324,0.138380405296499,0.990379151350621
530,11.8265630433143,14.9820773056362,0.137679590305855,0.990476819725334
531,11.0974038163307,14.7675789531914,0.137553619864807,0.990494321872714
532,10.3649928825754,14.5438502509809,0.136997470764449,0.990571397226946
533,9.62733451534298,14.336556702163,0.13635740352505,0.990659708731463
534,8.8982330345979,14.1372693415979,0.135678178141281,0.990752962133479
535,8.17125427082186,13.9257956972992,0.134997022110365,0.990846004191032
536,7.4415986078321,13.7071475555216,0.134800838902196,0.990872713233776
537,6.71254441714898,13.4955752474193,0.134057238222419,0.990973590405
538,5.97931396806557,13.2971297098236,0.133569418429407,0.991039459587977
539,5.24492487358983,13.0896369204754,0.13299084773665,0.991117265725044
540,4.51248863521994,12.8712539872835,0.13263674879049,0.991164715307344
541,3.77769262330916,12.6633716881776,0.131760257460264,0.991281612133507
542,3.03338062436215,12.4697177270613,0.130823786475097,0.991405636907678
543,2.29400113934058,12.2631840946244,0.130264483617284,0.991479280826343
544,1.56179101295708,12.0532002447453,0.129671191954628,0.991557049280104
545,0.819983236277765,11.8621518421996,0.129160866549432,0.991623653687325
546,0.072914585772935,11.6599220587729,0.128582981814558,0.991698753043321
547,-0.659386420341167,11.4577196936667,0.128252309046973,0.991741571793842
548,-1.40058989869754,11.2550358032857,0.127740236529232,0.991807658758217
549,-2.14900971717416,11.0466483428305,0.125866018899204,0.992047249523159
550,-2.88771827308767,10.8494781365082,0.122333992845757,0.992488989457523
551,-3.63072907472952,10.6514183268754,0.119749517668597,0.992804136281743
552,-4.27491148514101,10.4913638052574,0.118698116951075,0.992930388814981
553,-5.2495937512826,10.2592401563535,0.117890291774059,0.993026625577294
554,-5.87310986388391,10.1008397731012,0.117235819945456,0.993104104573995
555,-6.61866144283825,9.91362108804262,0.116646436676809,0.993173503880668
556,-7.36503033181233,9.73784085828069,0.115979518097169,0.993251605275294
557,-8.11745939685865,9.55088480908034,0.115392430800517,0.993319982137653
558,-8.87452134664301,9.36498814750166,0.115090126715422,0.99335505371072
559,-9.63541053520355,9.17959816714654,0.114225204797295,0.993454882009755
560,-10.3941890297431,8.98905127535823,0.113691414384332,0.993516110737662
561,-11.1662964889566,8.7993054804327,0.113052609468224,0.993589003306913
562,-11.9354548322309,8.61613857564949,0.112481064190186,0.993653868406219
563,-12.7124247393661,8.43550508445358,0.111861501555203,0.993723806935214
564,-13.4862866907777,8.25289553702752,0.111310911837256,0.993785631263583
565,-14.2651212650286,8.05826940500839,0.111090010776945,0.993810348862185
566,-14.9635204581418,7.90207369048741,0.110810291906743,0.993841576513854
567,-15.932651281461,7.6812165645296,0.110199333041435,0.993909506442726
568,-16.6049300727418,7.52119230122623,0.109617311741981,0.993973865333723
569,-17.3836855498046,7.33606823321845,0.108946823156455,0.9940475792054
570,-18.1658791068895,7.15815583604307,0.108345468358943,0.994113303143098
571,-18.9510214917419,6.97202203162342,0.110570910735604,0.993868237594451
572,-19.7408085670152,6.80194313510374,0.111696029659748,0.993742419824297
573,-20.5218965416272,6.62093917066056,0.111451615530744,0.993769861384208
574,-21.2995492349237,6.42649976774565,0.111221194806074,0.993795676095398
575,-22.0725770063313,6.24564698179617,0.111435252739046,0.993771696340253
576,-22.7673275240788,6.09368946887194,0.111937382902177,0.993715262189834
577,-23.7354256803686,5.86140640911433,0.111885266386156,0.993721131487954
578,-24.3999383855768,5.6869547700549,0.111419099291225,0.993773507552466
579,-25.1806394938331,5.51405957466171,0.110773141481696,0.993845717969483
580,-25.9567365567303,5.33893734137686,0.110251798925511,0.993903687906272
581,-26.733892643058,5.1626184010923,0.109581550671194,0.993977808480902
582,-27.5133743593083,4.97285604757952,0.108946074292923,0.994047661279961
583,-28.2893770292382,4.79408365530028,0.108581815875041,0.994087515896502
584,-29.0708749020142,4.62290548790443,0.108476340440612,0.994099031065121
585,-29.8451363009511,4.43510874149005,0.108454122196612,0.994101455274341
586,-30.5422215379488,4.275627980578,0.109394655163699,0.99399839508
587,-31.510801600321,4.04705641140296,0.110567717273428,0.993868592871786
588,-32.1828570782994,3.89222230539896,0.11213496298975,0.993692985823734
589,-32.9627381488798,3.70670218499674,0.113741935206285,0.993510328167518
590,-33.735291130146,3.51633569546415,0.114490745278723,0.993424314804869
591,-34.5142057919739,3.3313567263511,0.115209243789369,0.993341245567444
592,-35.2944741433009,3.15250053571226,0.115442761944639,0.99331413395491
593,-36.0762096155626,2.95897052309765,0.116073242591771,0.993240656816983
594,-36.8585373260877,2.76605499034964,0.117063840531259,0.993124391624771
595,-37.6365262142783,2.58156916392761,0.117767183419592,0.993041233035878
596,-38.3755001615375,2.40448537611445,0.119304339817688,0.992857731248876
597,-39.2322389616678,2.17355256885195,0.120634552335085,0.992696985380188
598,-40.0062649652311,1.97295735173529,0.121984094551285,0.992532055238773
599,-40.782168880435,1.78596134736001,0.121824808935992,0.992551618772399
600,-41.5530898874872,1.5846996854437,0.121390111636978,0.992604876472387
601,-42.332121663722,1.37563546003954,0.121015757819737,0.992650586238337
602,-43.1116112549521,1.17715423282481,0.120636375791882,0.992696763788318
603,-43.8845320409018,0.980077415767444,0.120152289873871,0.992755472026252
604,-44.6628608654897,0.783830149396785,0.119688823093915,0.992811455225207
605,-45.4469130272857,0.588850156609809,0.119154343989068,0.992875743639925
606,-46.2200111196539,0.388489795715232,0.118796186636915,0.992918660334535
607,-46.9922258441125,0.186385367463452,0.118297975704441,0.992978141221765
608,-47.769897957597,-0.004680000312275,0.117807858483842,0.993036408435991
609,-48.5429348303811,-0.193585929175922,0.117131376741523,0.99311642851311
610,-49.324635593835,-0.388117451919564,0.116550499171683,0.993184766870108
611,-50.0939929716677,-0.587986219969861,0.115883754804574,0.993262782637301
612,-50.8734156170875,-0.773692831426669,0.115340751137424,0.993325984320885
613,-51.6435368794341,-0.965446905339983,0.114797566486102,0.993388906083045
614,-52.4216395202635,-1.15462857054472,0.114227924343495,0.993454569318686
615,-53.2053391488956,-1.34403054270356,0.113614269475894,0.993524935656604
616,-54.0649469697808,-1.56393297204826,0.11289538765909,0.993606879729254
617,-54.755980264081,-1.72591835815069,0.112310161417885,0.993673199619618
618,-55.5264569351584,-1.90444896935553,0.111839267841697,0.993726309487996
619,-56.2991896941009,-2.08329501309771,0.114334935822166,0.993442259243355
620,-57.0759180584407,-2.25930270059099,0.117255843265419,0.993101740618813
621,-57.8389901157257,-2.44746156662909,0.120068196100491,0.992765646205173
622,-58.6197105533183,-2.63643133350495,0.121346038117103,0.99261026542812
623,-59.3848342837662,-2.83435371172744,0.12113297604072,0.992636288937453
624,-60.1477278277391,-3.028700670593,0.120794200650617,0.9926775715655
625,-60.9202120398653,-3.22061572566693,0.120295967502153,0.992738072304433
626,-61.7590385058452,-3.44353126851482,0.119643289772868,0.992816943455502
627,-62.4470494692051,-3.61523739970087,0.119139464284163,0.992877529230107
628,-63.2234949885114,-3.8083943084666,0.118489751769034,0.992955275289735
629,-63.9883564579806,-3.99619750884138,0.117900631034335,0.993025398064775
630,-64.7607246976325,-4.18130959860219,0.11722336155504,0.99310557520625
631,-65.843802058344,-4.45404937958089,0.116451290496849,0.993196404011623
632,-66.4537626454109,-4.6149051881037,0.115984281376001,0.993251049067502
633,-67.2624185590961,-4.80169203705444,0.115284329200448,0.993332534170105
634,-68.0177477121237,-4.97175727940034,0.114333367416811,0.993442439749346
635,-68.7849719752085,-5.15431923764413,0.113451556294867,0.993543529179408
636,-69.6486873125049,-5.36396892382205,0.112616827219878,0.993638490713261
637,-70.32673610721,-5.52153859014988,0.111965271951987,0.993712120222309
638,-71.1245367961516,-5.69849586292144,0.111998558119664,0.993708369180373
639,-71.8838811857445,-5.87050884769062,0.112863640940354,0.993610486334402
640,-72.6554284415061,-6.05108590508653,0.113240276253626,0.993567632239498
641,-73.4273539467938,-6.23257127209628,0.113691651057765,0.993516083654291
642,-74.3174249206996,-6.42915671901071,0.114426368942622,0.993431731972865
643,-74.9941043677202,-6.59651982560523,0.115362196669354,0.993323493923113
644,-75.745152908677,-6.78747380273565,0.116215535993502,0.993224017628321
645,-76.5139432599765,-6.97734789240901,0.116951824449499,0.993137589036853
646,-77.3706780944753,-7.18816208049475,0.117900413558729,0.993025423885351
647,-78.0551489753988,-7.35455058934402,0.118490382862148,0.992955199980937
648,-78.8436210627383,-7.55146513760273,0.118713358834087,0.992928566632227
649,-79.591997410111,-7.74920321093622,0.118638648967338,0.992937496004257
650,-80.3595605859275,-7.94599185768313,0.118122968627219,0.99299897496558
651,-81.4617318611539,-8.21594324105704,0.11681120293216,0.993154138525104
652,-82.0605816621776,-8.36780940654802,0.115783963402323,0.993274420197585
653,-82.8301488890017,-8.55954388667487,0.114908718994479,0.993376054824681
654,-83.828856319925,-8.80095179452657,0.113888123022761,0.993493580972898
655,-84.5577870631239,-8.97328976282297,0.113347101958455,0.993555451133765
656,-85.4905738877318,-9.17729281986533,0.112898907274816,0.993606479817917
657,-86.1682625077894,-9.34467500193163,0.112758789703863,0.99362239072221
658,-86.9599727038014,-9.52575700496814,0.113371999168029,0.993552610486553
659,-87.7440712296803,-9.70696911232824,0.115325309991124,0.993327777158905
660,-88.5346166801615,-9.89729444486451,0.117157112222199,0.99311339284885
661,-89.3145402124713,-10.0899819078894,0.118925577988758,0.9929031709588
662,-90.1031689913058,-10.2803313278239,0.120662275568238,0.992693616003797
663,-90.8871500473253,-10.4834980506168,0.122415691910922,0.992478915833465
664,-91.6788397168986,-10.6870164091987,0.123848758855355,0.992301105980432
665,-92.4206444359319,-10.8713723886258,0.124507548737303,0.992218660531754
666,-93.4867760785377,-11.1562616073583,0.124617297166201,0.992204882696609
667,-94.242299602947,-11.3625133562639,0.123928215445351,0.992291185800081
668,-95.0306452256694,-11.5641157960016,0.12267996421218,0.992446283876814
669,-95.8166508263282,-11.7636828212327,0.121448928709114,0.992597681699594
670,-96.6058122306538,-11.9682412878982,0.120304933045187,0.992736985855263
671,-97.392095666658,-12.1937567280037,0.119216184648359,0.992868320230779
672,-98.1938112123404,-12.3923011634042,0.117903730799372,0.993025030028745
673,-98.9816814398541,-12.5784754116949,0.116440994911807,0.993197611104632
674,-99.7717826899449,-12.7792538291917,0.115349568261544,0.993324960474605
675,-100.531720905809,-12.9697188786527,0.114332721635346,0.993442514070872
676,-101.394354934534,-13.1726932890387,0.113167327258328,0.993575943771389
677,-102.179900368419,-13.37620473335,0.112225608361602,0.99368275260662
678,-102.976956804547,-13.547906452025,0.110850505201471,0.993837092030972
679,-103.768514205742,-13.7388942914359,0.109550959074356,0.993981180589396
680,-104.556707186722,-13.9394897575264,0.108531232969364,0.994093039644756
681,-105.343831077529,-14.1098124598015,0.107814187590256,0.994171062219301
682,-106.148138171337,-14.2976511724788,0.107367220252561,0.994219432527467
683,-106.926640584673,-14.4861364865763,0.107692702788925,0.994184229288524
684,-107.723864617358,-14.6704256605789,0.108376075441969,0.994109966890885
685,-108.614969219889,-14.8714528793897,0.111996738934928,0.993708574214765
686,-109.316782350215,-15.0383688999274,0.116404835177906,0.993201849750193
687,-110.111137161453,-15.2359885054095,0.120507405293395,0.992712428283969
688,-110.90485865822,-15.4406132005038,0.12064725955975,0.992695441089926
689,-111.690660693618,-15.6506452547341,0.119955644324091,0.992779252097259
690,-112.48088990362,-15.8444712729924,0.118977254806068,0.992896979972652
691,-113.271495325874,-16.0372732778724,0.118094684692376,0.993002339094631
692,-114.058276265825,-16.2424408494035,0.11832580008637,0.992974825981968
693,-114.854414368688,-16.4388485729344,0.120556639211054,0.992706450438465
694,-115.645412019717,-16.629438518012,0.122993292756952,0.992407501955121
695,-116.460490570576,-16.8418403705288,0.124792323101786,0.992182884399272
696,-117.224255195666,-17.0506782946887,0.125226038736496,0.992128237287079
697,-118.014700305683,-17.2670072327261,0.124998745445343,0.992156899707446
698,-118.804997507205,-17.4704587244281,0.12380707077302,0.992306308166286
699,-119.592480443617,-17.6860494696109,0.122751977632531,0.992437379378318
700,-120.382311840477,-17.8908076418628,0.121483254881992,0.992593481130758
701,-121.170000713063,-18.0934295068292,0.120273818721951,0.992740755952952
702,-121.95907743472,-18.3053747865574,0.119096851965993,0.992882641530101
703,-122.757441794648,-18.5045615797689,0.117896177175949,0.993025926855536
704,-123.548207185553,-18.7029632745387,0.117405499047689,0.993084059278651
705,-124.340247380428,-18.9002694225134,0.116750424190242,0.993161285215749
706,-125.137928968342,-19.0969905709847,0.116254336249825,0.993219476904834
707,-125.918978271261,-19.2983926778964,0.116011396492599,0.993247882395848
708,-126.713319254192,-19.4913244041245,0.117625331015992,0.993058045384749
709,-127.5112303573,-19.6902282629011,0.118957151451617,0.992899388718977
710,-128.310135085293,-19.8889451081035,0.12050130996058,0.992713168189978
711,-129.101044509279,-20.0954877148511,0.122007998298986,0.992529117130109
712,-129.90272214627,-20.2995358355405,0.123274399830093,0.992372622731265
713,-130.687890269456,-20.5062804524161,0.124500614676565,0.992219530620698
714,-131.484188067092,-20.7122791864779,0.125378258790109,0.992109012267684
715,-132.268891498029,-20.9199500323351,0.126218141706599,0.992002510432374
716,-133.065447494121,-21.1321648868079,0.126717055848414,0.991938903238052
717,-133.853042732748,-21.3529238560142,0.126884699381417,0.991917472909358
718,-134.647910026184,-21.5724233621084,0.126985706869791,0.991904546945309
719,-135.44007951172,-21.7891868192444,0.126874287645594,0.991918804708542
720,-136.224942174617,-21.9951326695372,0.126973781799653,0.991906073545018
721,-137.019055212598,-22.2063690217106,0.126942401958526,0.991910089970356
722,-137.807209362052,-22.4283215324396,0.126979896278564,0.991905290812124
723,-138.603140220171,-22.6357012197667,0.127004217550118,0.991902176993519
724,-139.409960023565,-22.8422351428637,0.126990237606425,0.991903966900357
725,-140.382058562192,-23.1057407029242,0.127112572291483,0.991888297120922
726,-141.142418894572,-23.310606414346,0.127075501405608,0.991893047128829
727,-141.954289014531,-23.5352433095227,0.127710517588075,0.991811485967664
728,-142.864592358615,-23.7742721875704,0.128293571912809,0.991736234795247
729,-143.64349033076,-23.9828605850097,0.129077442566847,0.991634516251024
730,-144.375361383814,-24.2040808965507,0.130088893936854,0.991502334679191
731,-145.090239072087,-24.3934691215626,0.131225797461811,0.991352505459341
732,-145.796442922191,-24.5896789955763,0.132358590121525,0.991201898515657
733,-146.491020443559,-24.7872477471306,0.133215304980821,0.991087121558376
734,-147.190244958228,-24.9879141789304,0.134202570132997,0.990953919296805
735,-147.873186260511,-25.1854592131598,0.135092799447011,0.990832950369319
736,-148.547666318943,-25.386069987828,0.136550437471608,0.990633119790729
737,-149.213214304416,-25.5852768873627,0.139064516100604,0.990283323277588
738,-149.878404786125,-25.7763537333265,0.143744902868114,0.989614775000574
739,-150.536328552632,-25.9787430677396,0.149797998998539,0.988716622443475
740,-151.189796757625,-26.1879945458345,0.156036767312427,0.987751247656356
741,-151.838030157859,-26.3929883307772,0.162747135543567,0.986667811308529
742,-152.47152514839,-26.5978281282801,0.170200371058794,0.985409475137848
743,-153.089577806765,-26.8155700446618,0.178176068698169,0.983998622226305
744,-153.672023908866,-27.0559066312902,0.186422313232151,0.98246970494218
745,-154.255121334974,-27.2782042351451,0.194509056318456,0.980900722300735
746,-154.832448147388,-27.510645440079,0.202403992792378,0.979302110536735
747,-155.395403698966,-27.7587513245887,0.210370188364713,0.977621800006217
748,-155.941472864324,-28.0204371230018,0.217946910924795,0.975960626264369
749,-156.51101729236,-28.2848670813014,0.225531398096737,0.974235899806885
750,-157.052438069589,-28.5400866527461,0.231489490598672,0.972837404576102
751,-157.586806273511,-28.8038095750148,0.235631874944402,0.971842384088174
752,-158.113971630114,-29.1077643965411,0.239375153801207,0.970927152644651
753,-158.655862042305,-29.4005340656159,0.243420104046715,0.969920951905817
754,-159.212836481054,-29.6761049284433,0.246875420134804,0.969047226368903
755,-159.768102206749,-29.9700779253931,0.250778843240469,0.968044405894158
756,-160.337550141699,-30.2919743547445,0.255197375369944,0.966888979978721
757,-160.896065763319,-30.6268865802953,0.260460900914566,0.965484396090777
758,-161.479778020551,-30.9654975496425,0.266340398653054,0.963879033927667
759,-162.072813524081,-31.3106120978128,0.271286867181011,0.962498538022325
760,-162.676689928958,-31.6606108628436,0.274743594812767,0.961517528238231
761,-163.255360411768,-32.0432071943822,0.27469576318004,0.961531194341055
762,-163.853499491934,-32.434945260268,0.274029322032227,0.961721337325193
763,-164.457556426702,-32.8331603244753,0.273093980487488,0.961987358452022
764,-165.082431761199,-33.2251637546624,0.271910539195485,0.962322533600051
765,-165.725103359755,-33.6134405523771,0.26968150097444,0.962949577097458
766,-166.373771219856,-34.0141583289358,0.26368123964629,0.964609871325499
767,-167.005146313939,-34.430223203,0.254753914283889,0.96700591681594
768,-167.651308345866,-34.8202895270242,0.244954215913183,0.969534647192331
769,-168.321607770672,-35.1811159374554,0.234304059281744,0.97216336477163
770,-169.003559212723,-35.520153141999,0.223793777636403,0.974636519473403
771,-169.678246093157,-35.8711736106978,0.212560072072767,0.977148000949918
772,-170.367444669446,-36.2001570716853,0.198124243241867,0.980176914765818
773,-171.036686402547,-36.5104454698721,0.18193278638308,0.983310968737199
774,-171.73502983828,-36.7844147652088,0.165666675635632,0.986181805035886
775,-172.445339380226,-37.0364638831862,0.14844400665369,0.988920814266036
776,-173.154830699828,-37.2850957428648,0.131545205818279,0.991310172865298
777,-173.888496840644,-37.5149953556694,0.113901635377573,0.993492031904793
778,-174.624706012805,-37.6871388485181,0.096105321155296,0.995371170591974
779,-175.35196502954,-37.851343772149,0.07699030677496,0.997031841348458
780,-176.101992841361,-37.9959002286813,0.057642228598852,0.998337304462854
781,-176.855889751495,-38.095792530223,0.037511607566145,0.999296191976035
782,-177.606349176713,-38.1715693927427,0.018160086017822,0.999835092040595
783,-178.335868359875,-38.2239525463968,-0.000968958203782,0.999999530559889
784,-179.05446689149,-38.2391406521101,-0.017401972836939,0.999848574205806
785,-179.77837820302,-38.2287928176196,-0.029400335262229,0.999567716708812
786,-180.712829276655,-38.1884062952385,-0.03749948794365,0.999296646849155
787,-181.233133207267,-38.1478344259678,-0.042857336826974,0.999081202245393
788,-181.981654119574,-38.1010227718253,-0.050133571467916,0.998742521880325
789,-182.745229870942,-38.0490710480519,-0.059803942506622,0.998210142435281
790,-183.507756377099,-37.9779288895679,-0.069121786441499,0.997608229035394
791,-184.277482590513,-37.8778227680357,-0.078903389052438,0.996882267469955
792,-185.054153552469,-37.7667182273716,-0.087859680247237,0.99613286091106
793,-185.816611054563,-37.6535795851667,-0.095084689048899,0.995469186820202
794,-186.599702759503,-37.5089540324226,-0.098121117751308,0.995174480305456
795,-187.645491608752,-37.302657747337,-0.099959914897377,0.994991464995409
796,-188.39145067528,-37.1713544049094,-0.100650333644097,0.994921861422962
797,-189.188266539272,-37.0335872459638,-0.101453317056224,0.994840300982167
798,-189.974356281043,-36.876779307698,-0.101645923048308,0.994820640280276
799,-190.774222335001,-36.7130538735236,-0.097511685002101,0.995234380077402
800,-191.572533570133,-36.5694556939399,-0.091679693709417,0.995788548719731
801,-192.37559994011,-36.4236232800589,-0.087676115961475,0.99614903437684
802,-193.174225561302,-36.2781103422433,-0.084581697268265,0.996416547678339
803,-193.969195149498,-36.1610480248545,-0.080082224560641,0.996788261021075
804,-194.720396037264,-36.0334338059401,-0.075136456111243,0.997173261255557
805,-195.831359610061,-35.8650931581889,-0.06915378343613,0.997606011527832
806,-196.596143810614,-35.7674920726368,-0.065355662616956,0.997862033230997
807,-197.407890644903,-35.6558918565949,-0.063485640004732,0.997982752112074
808,-198.210607155036,-35.5764881399167,-0.060086622247279,0.998193166589971
809,-199.019444491645,-35.4937103829391,-0.056239021703032,0.998417333802797
810,-199.83880583518,-35.3876249755824,-0.052883764773096,0.998600674656003
811,-200.633422268687,-35.2894660302484,-0.048356378081294,0.998830146070321
812,-201.431819754834,-35.2296728762183,-0.039788934543278,0.999208106796533
813,-202.222611004343,-35.1719038049908,-0.030930087003273,0.999521550401976
814,-203.043131215008,-35.1115182512788,-0.022606032181497,0.999744451001859
815,-203.843907599716,-35.0736077147778,-0.01566285018764,0.99987733003804
816,-204.653472368668,-35.0542727271021,-0.012820946971503,0.999917808281638
817,-205.441638835573,-35.0566420242203,-0.010044150456028,0.999949556248522
818,-206.237081857303,-35.0646310174786,-0.007276064487134,0.999973529092435
819,-207.043583919719,-35.0509658489086,-0.002677844345404,0.999996414568403
820,-207.842948634909,-35.0583678216504,0.002157940863394,0.999997671642904
821,-208.628006437494,-35.0890965909775,0.007035992013521,0.99997524710184
822,-209.439683719203,-35.1130120081542,0.011168732434428,0.999937627762756
823,-210.245633246957,-35.1250663762735,0.016801870362414,0.999858838612894
824,-210.957149731288,-35.1530577297451,0.021903891253245,0.999760080993418
825,-211.946933199194,-35.2200175040257,0.028718280385616,0.999587545126335
826,-212.644819877018,-35.266459271539,0.032656352353553,0.999466639088549
827,-213.442353544265,-35.332998954463,0.032561974403428,0.999469718312141
828,-214.255184742937,-35.401975999731,0.031708042103021,0.99949717361581
829,-215.046415594258,-35.4631232872647,0.030283995877533,0.999541334609875
830,-215.842410383356,-35.5203149283954,0.029080709408309,0.999577066733881
831,-216.638992537074,-35.5866173895658,0.02767264756204,0.999617038958874
832,-217.435139733412,-35.6451650035497,0.026343804231553,0.999652941764595
833,-218.231008175783,-35.6975514578866,0.02582210723938,0.999666553795673
834,-218.995176965858,-35.7621540662094,0.028231858517984,0.999601401641985
835,-219.883636519113,-35.8191346636528,0.029930635736963,0.999551978160406
836,-220.683980229078,-35.8776373135224,0.030093608930182,0.999547084784683
837,-221.471218444215,-35.9343210504011,0.029031834570824,0.999578487454313
838,-222.269236768399,-36.0036808591322,0.02766712007243,0.999617191962452
839,-223.060329432263,-36.0663668250751,0.026409811438151,0.999651200099215
840,-223.851655111515,-36.1237688508112,0.025088697684814,0.999685229083875
841,-224.650744683583,-36.1712620087802,0.02379430761872,0.999716875382698
842,-225.445055998821,-36.2226963909739,0.02248918290704,0.999747086343428
843,-226.226161211932,-36.2807606303094,0.02129331413284,0.999773271683755
844,-227.019622307662,-36.3270992346624,0.020617718419448,0.999787432251064
845,-227.812468920768,-36.3682629454292,0.020991160945178,0.999779661306517
846,-228.608113219201,-36.4052718353197,0.022925489648372,0.999737176424075
847,-229.405138324476,-36.4500049981921,0.024440795377673,0.999701279143578
848,-230.193515669176,-36.5038420881398,0.025623073655606,0.999671675149616
849,-230.976097620904,-36.5615838604953,0.026444132944666,0.999650292768829
850,-231.755702687036,-36.6154701803375,0.027111824532141,0.999632406922934
851,-232.546333652436,-36.6732437453386,0.027117501064928,0.99963225294905
852,-233.321094945884,-36.736909418663,0.025947203209762,0.999663314644281
853,-234.097980139056,-36.7872939719095,0.024664907755277,0.999695774886252
854,-235.063469801944,-36.852970901617,0.022983672092616,0.999735840518454
855,-235.82822202111,-36.906735940111,0.02175586916787,0.999763313068023
856,-236.627722386471,-36.9590773791616,0.020425670972296,0.999791374220308
857,-237.398414426336,-36.9965234701086,0.019145979388522,0.999816698936987
858,-238.171492669213,-37.0403728873921,0.017572073042168,0.999845599204698
859,-238.950251449135,-37.0858761397107,0.016365179632968,0.999866081480706
860,-239.725387156887,-37.1354173518426,0.014929784103252,0.999888544562158
861,-240.536104676656,-37.1757046357151,0.013726217640818,0.999905791036974
862,-241.301343951917,-37.2037867090158,0.012305466168903,0.999924284884794
863,-242.22603425015,-37.2448619809044,0.010725080416524,0.999942484671023
864,-243.12154372086,-37.2872169595805,0.009387692348311,0.999955934645309
865,-243.823407738033,-37.3152026368959,0.008007349787483,0.99996794066079
866,-244.604461575757,-37.3438295091717,0.006571579557349,0.99997840693793
867,-245.387457583825,-37.3785051620767,0.005349426140125,0.999985691717622
868,-246.186300976586,-37.4044504928037,0.006401439925274,0.999979510573533
869,-246.980134755719,-37.4133468762918,0.00637565760381,0.999979675288513
870,-247.776373742622,-37.4379825811417,0.005361236591759,0.999985628467833
871,-248.554693473531,-37.4674569200033,0.004021615499464,0.99999191327169
872,-249.344348095215,-37.4904851775274,0.002744749685916,0.999996233167486
873,-250.128881368255,-37.5126847506932,0.001276791601661,0.999999184901271
874,-251.005178228591,-37.535328167036,-0.000311883741832,0.999999951364265
875,-251.705748412774,-37.5403046198515,-0.001691303858383,0.999998569744607
876,-252.491888390967,-37.5556769513302,-0.003172600694676,0.999994967289752
877,-253.277684867328,-37.5744368099866,-0.004399012071683,0.999990324299587
878,-254.069010956711,-37.5834723479148,-0.003099968392964,0.999995195086438
879,-254.866571341961,-37.5865120631894,-0.001973358754813,0.999998052925717
880,-255.649502651077,-37.6082520313691,-0.000209728648088,0.999999978006947
881,-256.439808824534,-37.6120906495806,0.000725124124193,0.999999737097468
882,-257.232463130074,-37.6230458337013,-6.80813980572541E-05,0.999999997682462
883,-258.011970247557,-37.6542257441697,-0.000995317116683,0.999999504671796
884,-259.063912564875,-37.6712017336224,-0.002786199139617,0.999996118539644
885,-259.819504430884,-37.6694701068404,-0.003963640222728,0.99999214474724
886,-260.605520676961,-37.6822266149235,-0.005317036044413,0.999985864463945
887,-261.395744778672,-37.6884639559879,-0.006540309079834,0.999978611949846
888,-262.189890588041,-37.6907301145406,-0.007825043894371,0.999969383875352
889,-262.986889549676,-37.6983350196009,-0.009166291388355,0.999957988668616
890,-263.771400147025,-37.6865675743808,-0.010688015751336,0.99994288152839
891,-264.574868003282,-37.6832315219432,-0.011559153936096,0.999933190748403
892,-265.361479214991,-37.6837976743227,-0.011192147351176,0.999937365957323
893,-266.087990945332,-37.6931277041006,-0.010954357269269,0.999939999228362
894,-267.169996182602,-37.6864943418382,-0.010390141745207,0.999946021020392
895,-267.927527338115,-37.6844580664773,-0.008199422737716,0.999966384168372
896,-268.726954407832,-37.6690237868896,-0.005861647044723,0.999982820399392
897,-269.516402851335,-37.6805039586194,-0.003575945493123,0.999993606286475
898,-270.315275728747,-37.6962160648793,-0.00279278459449,0.9999961001695
899,-271.112573601691,-37.6903049442614,-0.003918708866425,0.999992321830933
900,-271.905429731864,-37.7023904920593,-0.005200637508501,0.999986476593311
901,-272.702352990855,-37.705794706453,-0.006406563935198,0.999979477758691
902,-273.529367001456,-37.7168313389724,-0.007880932493657,0.999968944969308
903,-274.534876083175,-37.7162602393464,-0.009372887415079,0.999956073525985
904,-275.294991719309,-37.7125650230394,-0.010740033077621,0.999942324181496
905,-276.111870003976,-37.7153667350186,-0.011897312355481,0.999929224474771
906,-276.887227911044,-37.7119134713195,-0.013183493957237,0.99991309396721
907,-277.690419208513,-37.7009507366156,-0.014080661616657,0.999900862570104
908,-278.491599455681,-37.6922768877033,-0.013004058827229,0.999915443652121
909,-279.30512619571,-37.6833498151659,-0.011835154903281,0.999929962101554
910,-280.129058937243,-37.675486906706,-0.010408293285129,0.999945832248373
911,-280.901558195863,-37.6676706348856,-0.009336471258083,0.999956414202363
912,-281.706863140329,-37.6677630490832,-0.008273469842705,0.99996577426268
913,-282.60123092207,-37.6647115288518,-0.007263494647881,0.999973620474811
914,-283.300547826568,-37.6638327000077,-0.006784381225107,0.99997698582087
915,-284.134233936187,-37.669531383631,-0.006388283299179,0.999979594710057
916,-284.914717852247,-37.664367049566,-0.006261109431428,0.999980399062246
917,-285.714932530957,-37.6617461255072,-0.006055679110131,0.999981664207157
918,-286.520788231842,-37.6544048864704,-0.00584690525919,0.999982906703355
919,-287.326453588664,-37.6621709721703,-0.005629791143755,0.999984152600269
920,-288.156507558319,-37.6769735092022,-0.005508285000384,0.999984829283102
921,-288.928602489104,-37.670887256063,-0.005448602694549,0.99998515625417
922,-289.739123536052,-37.6760378009921,-0.005226302609313,0.999986342787258
923,-290.715306471429,-37.6806842009616,-0.004753655889687,0.999988701314011
924,-291.492433002698,-37.6785580856011,-0.00420461842339,0.999991160552889
925,-292.280681985824,-37.696759150834,-0.003709445623015,0.999993119982918
926,-293.089814860844,-37.7064606951861,-0.003264708346405,0.999994670825507
927,-293.899590145155,-37.7014166271365,-0.002770992520318,0.999996160792857
928,-294.686207944035,-37.7175748088266,-0.002315035348952,0.999997320302076
929,-295.482922881292,-37.7320529290455,-0.001814947907372,0.99999835298069
930,-296.285628715149,-37.7374406918077,-0.001734427368477,0.999998495879721
931,-297.073817769165,-37.7569004541197,-0.002196192870985,0.999997588365529
932,-297.865256992585,-37.7592180257778,-0.003283094521232,0.99999461063066
933,-298.936607635298,-37.755050775153,-0.005299479721991,0.999985957658744
934,-299.697816714273,-37.7609982759725,-0.006693568385891,0.999977597820203
935,-300.483383580761,-37.7650239964046,-0.008222128218511,0.999966197732483
936,-301.276988486286,-37.7667857836097,-0.009787120261915,0.999952104991524
937,-302.068827627465,-37.7554639591051,-0.011345620864558,0.999935636372261
938,-302.862456247502,-37.7598286830797,-0.012772836557832,0.999918423995811
939,-303.651769948989,-37.7550283934306,-0.014023553476645,0.999901665139072
940,-304.455906767474,-37.7248414497647,-0.014257985036228,0.999898349764968
941,-305.256192728686,-37.7209510036369,-0.01238090633158,0.999923353641872
942,-306.051141514952,-37.6970932527614,-0.01057989717217,0.999944031321667
943,-306.854037151411,-37.699857863204,-0.009106577169859,0.999958534266421
944,-307.651880192699,-37.7015140024985,-0.008391938677111,0.999964787062644
945,-308.454768357971,-37.6993646473715,-0.00945138347237,0.999955334677734
946,-309.254645575907,-37.7060102319567,-0.009847992339203,0.999951507347675
947,-310.061678845146,-37.7118164412432,-0.010304920487234,0.999946902897225
948,-310.869577131808,-37.7111996346437,-0.010304301884366,0.999946909272025
949,-311.66819644691,-37.7087086079879,-0.010432985370338,0.999945574927087
950,-312.46997722536,-37.6968498484351,-0.010519255700664,0.999944671099108
951,-313.26107374774,-37.6982416465985,-0.01065303230796,0.999943254841316
952,-314.016882672299,-37.6866724209631,-0.010892133991682,0.99994067894906
953,-315.111618506671,-37.6905206460457,-0.011111673769722,0.999938263447317
954,-315.863868412607,-37.6894699728485,-0.011423418019105,0.99993475063164
955,-316.679576960127,-37.6817005705471,-0.011614642072188,0.999932547769866
956,-317.476607291323,-37.6763676041657,-0.011714875911311,0.999931378486735
957,-318.269200831916,-37.6617228413518,-0.011530958235263,0.999933516291047
958,-319.079310344136,-37.6516228476873,-0.011112799716752,0.999938250934754
959,-319.879905180275,-37.6399378046108,-0.010656845246392,0.999943214212384
960,-320.682371471286,-37.6310149838017,-0.009537706067849,0.999954515047041
961,-321.473175311817,-37.6373604826559,-0.007558147253257,0.999971436797121
962,-322.250273293433,-37.6387545636254,-0.006123870169395,0.999981248931273
963,-323.134029044075,-37.6386230367523,-0.005073720400406,0.999987128597813
964,-323.936077409704,-37.6493238817758,-0.003998332575223,0.999992006636362
965,-324.741124390491,-37.6550923043168,-0.003003192441283,0.999995490407412
966,-325.542629793867,-37.6606739066854,-0.002944710352794,0.99999566433107
967,-326.338753020784,-37.6796387043976,-0.003416511587245,0.999994163707256
968,-327.13311447732,-37.6828776139955,-0.004462356774133,0.999990043636446
969,-327.933760185837,-37.6875105317878,-0.005720925687746,0.999983635370737
970,-328.903197673805,-37.6949770569239,-0.007199637309649,0.99997408227544
971,-329.701164015513,-37.6976849704639,-0.008956519887479,0.999959889571329
972,-330.700529919058,-37.6901922614223,-0.010743740171248,0.999942284358019
973,-331.466745726214,-37.6903938195346,-0.012122335747827,0.999926521788485
974,-332.260658081577,-37.6865784484428,-0.013667186448774,0.999906599645474
975,-333.068209223549,-37.6750910192915,-0.015117278688496,0.999885727413415
976,-333.866685141378,-37.6640914702747,-0.016403372351071,0.999865455636663
977,-334.660430368013,-37.648767304976,-0.01761353881775,0.999844869592436
978,-335.45967005841,-37.6361157158537,-0.018187851211003,0.999834587353491
979,-336.687526916008,-37.6162708225175,-0.017484874267781,0.999847127900981
980,-337.295049898759,-37.5959655572562,-0.016796043645243,0.999858936509479
981,-338.044821400011,-37.584180919938,-0.016323754825943,0.999866758637561
982,-339.130926237041,-37.5772801564071,-0.015393762087342,0.999881509024343
983,-339.897804180241,-37.5689422779425,-0.014807738166625,0.999890359434668
984,-340.685845634577,-37.5589367512521,-0.014448476321969,0.999895615317906
985,-341.490571841915,-37.5397939587885,-0.014091411403424,0.99990071113319
986,-342.285802281468,-37.525905002572,-0.01242557190001,0.999922799601528
987,-343.078182668387,-37.5208057098353,-0.009305370767774,0.99995670410017
988,-343.869735591893,-37.5164246629213,-0.006615812023616,0.999978115276164
989,-344.673823669177,-37.5164205887352,-0.006198516088771,0.999980789014618
990,-345.475615516426,-37.5203334256416,-0.007152727253942,0.99997441891922
991,-346.240613459354,-37.5261002468003,-0.009020643283961,0.999959313169663
992,-347.101725365806,-37.5238460541325,-0.010365373916532,0.999946278068762
993,-347.909705981313,-37.5203541757802,-0.010907794848813,0.999940508236133
994,-348.703435350244,-37.5254186656007,-0.011485338380029,0.999934041325875
995,-349.502112785679,-37.5179171396827,-0.011991785289336,0.999928095957692
996,-350.300733533758,-37.513158665873,-0.012268084608042,0.999924744218309
997,-351.091469824481,-37.5012600168009,-0.012202112059376,0.999925551459353
998,-351.90300835127,-37.4995268628664,-0.01115227970909,0.999937811394934
999,-353.037357535688,-37.4910784766746,-0.009274395075986,0.999956991873138
1000,-353.670020126333,-37.4847931141713,-0.007572143263783,0.999971330912238
1001,-354.654612854201,-37.4847484542786,-0.005326126889602,0.999985816085586
1002,-355.420150611987,-37.4846985471979,-0.005226748576032,0.99998634045637
1003,-356.219528592798,-37.4899558579061,-0.005514185651787,0.99998479676273
1004,-357.030730502919,-37.4917560257179,-0.006908191276767,0.999976138161948
1005,-357.830765278854,-37.4956469729201,-0.008392831852118,0.999964779566512
1006,-358.628201420312,-37.501432454215,-0.00947336339615,0.999955126686175
1007,-359.420022994017,-37.4979387856497,-0.010124137529498,0.999948749606341
1008,-360.219816258074,-37.4925575145322,-0.010456816643286,0.999945325998221
1009,-361.252268678214,-37.4812254755334,-0.01009909443655,0.999949002845426
1010,-361.999292564231,-37.485500683178,-0.009784848272745,0.999952127226239
1011,-363.089679525426,-37.4820422142396,-0.009578307187694,0.999954126963541
1012,-363.853280078867,-37.4781260807186,-0.009858878703382,0.99995140007438
1013,-364.649951062859,-37.4766309087798,-0.009926033430975,0.999950735716679
1014,-365.449916960633,-37.4599447924255,-0.009925035513456,0.999950745622031
1015,-366.26029615987,-37.4643859592754,-0.009617168224015,0.999953753968328
1016,-367.059543174635,-37.4652592500875,-0.009619776932027,0.999953728875381
1017,-367.858109976878,-37.4607546442496,-0.009754270733084,0.999952425969589
1018,-368.658041135074,-37.4627077134829,-0.009854572588534,0.999951442520634
1019,-369.455971644937,-37.4759082370415,-0.0100199026325,0.999949799515573
1020,-370.262576020357,-37.4707901275687,-0.01015211071993,0.999948465996088
1021,-371.11072879586,-37.4593260568705,-0.010504289978828,0.999944828424069
1022,-371.910154863593,-37.4607613225737,-0.010612174384878,0.999943689291965
1023,-372.714565134553,-37.4498907116619,-0.010785292576556,0.999941837040554
1024,-373.519455255727,-37.4436673283274,-0.011055979657757,0.999938880789125
1025,-374.314785863639,-37.4356267442165,-0.011307553297584,0.999936067575534
1026,-375.114043629285,-37.4341326681772,-0.011421634372034,0.999934771006725
1027,-375.922563831851,-37.4275537324835,-0.01170510388072,0.999931492924961
1028,-376.74045726713,-37.4221782517063,-0.011677109447077,0.99993182023324
1029,-377.540764794967,-37.4119278860456,-0.011625007483575,0.99993242731747
1030,-378.529027640159,-37.4104035451588,-0.011637583737858,0.999932281029443
1031,-379.302928164431,-37.4046432264465,-0.011611389319655,0.999932585546679
1032,-380.132158449426,-37.3961343493514,-0.011598128913612,0.99993273944086
1033,-381.075635097559,-37.3907098164979,-0.011635521969701,0.999932305022941
1034,-381.877983015108,-37.3821529327704,-0.011623728413963,0.99993244218685
1035,-382.643978285694,-37.391169291888,-0.011402652117805,0.999934987649037
1036,-383.442720303318,-37.3859063273759,-0.011293490892147,0.999936226498205
1037,-384.228929196643,-37.3681177881916,-0.010906881742042,0.99994051819629
1038,-385.042537897875,-37.3625488089546,-0.008353295005889,0.999965110622638
1039,-385.848842290683,-37.3560641317396,-0.006971292540859,0.999975700244916
1040,-386.920149024729,-37.3675122156134,-0.006661869053225,0.99997780950415
1041,-387.686948962014,-37.3791417589593,-0.007669556234888,0.999970588521062
1042,-388.479436032526,-37.3665690647593,-0.009072850192114,0.999958840847658
1043,-389.291056133495,-37.3591655450103,-0.010336744710023,0.999946574427254
1044,-390.091471296697,-37.3517448761067,-0.011402106292516,0.999934993873149
1045,-390.892054264515,-37.3516744022653,-0.011430804174346,0.999934666223713
1046,-391.691578696875,-37.3462286124489,-0.011180827020022,0.999937492599987
1047,-392.498429698581,-37.3378145813207,-0.010705234211173,0.999942697338445
1048,-393.50080871448,-37.3331332369657,-0.010325600267491,0.999946689568557
1049,-394.279329297218,-37.322801536767,-0.008797004556066,0.999961305606792
1050,-395.169266477828,-37.3273992441534,-0.006034298249486,0.999981793456579
1051,-395.978792004906,-37.3308044074557,-0.00400419205278,0.999991983190868
1052,-396.779446433825,-37.3278816147786,-0.002589812019487,0.999996646431229
1053,-397.58477889215,-37.3407552567464,-0.00228931658202,0.99999737951136
1054,-398.375578435543,-37.3545028243286,-0.002343055836868,0.999997255040905
1055,-399.188854973081,-37.3616080557796,-0.002476408668558,0.999996933695352
1056,-399.995731821495,-37.3651516027259,-0.002669603272239,0.999996436602835
1057,-400.798893976257,-37.3827050590608,-0.002775106246691,0.999996149385246
1058,-401.594144098509,-37.3901121112484,-0.002760783589271,0.999996189029725
1059,-402.583924173091,-37.3866558822395,-0.00236444837216,0.999997204688041
1060,-403.352764077286,-37.4010715107556,-0.001873165958981,0.999998245623106
1061,-404.177189127459,-37.4119581494148,-0.000946678282863,0.999999551900014
1062,-404.964889137359,-37.4139416134018,0.000158351571851,0.99999998746239
1063,-405.759023199763,-37.4319752020193,0.001357750016352,0.999999078257022
1064,-406.560848177439,-37.4498844955091,0.002520900374921,0.999996822525602
1065,-407.361711215684,-37.4594814201719,0.003667495246547,0.999993274716694
1066,-408.189345425654,-37.47819060635,0.004873598589821,0.999988123947872
1067,-408.963524999819,-37.4954121235851,0.006277258120163,0.999980297821159
1068,-409.758317531479,-37.5282103222957,0.007979339092457,0.999968164567076
1069,-410.72668451589,-37.5499111190361,0.010132122082115,0.999948668733607
1070,-411.508295223715,-37.5886461722309,0.011727719113259,0.999931227937402
1071,-412.283764252637,-37.6179911040683,0.013469387580607,0.999909283684377
1072,-413.056660430586,-37.6371630906708,0.015250950673918,0.999883697488634
1073,-413.827025830117,-37.6772695797788,0.017065888066353,0.999854367127787
1074,-414.605143217695,-37.7150183268784,0.018943705349682,0.999820551913004
1075,-415.37299825571,-37.7555826166746,0.020877908693049,0.999782032709432
1076,-416.139524756492,-37.8111430233897,0.0224839309269,0.999747204472248
1077,-416.89764576945,-37.8467737698756,0.024106970693577,0.999709384753379
1078,-417.657629756601,-37.8906402078239,0.024289951415863,0.99970495560451
1079,-418.653744805409,-37.9650889940217,0.023649019496768,0.999720322828761
1080,-419.389381900358,-37.9968285436475,0.023296068714171,0.999728609764902
1081,-420.140862572155,-38.0565236084186,0.023029751979814,0.999734780091074
1082,-421.112709969484,-38.1150915008203,0.024204542409871,0.999707027146818
1083,-421.90152415308,-38.1761840561411,0.029127285420609,0.999575710611271
1084,-422.662685795497,-38.242463657745,0.033864555683061,0.99942643144375
1085,-423.480571701253,-38.3013098324456,0.035855091042116,0.999356999498358
1086,-424.242402620279,-38.3719757352902,0.035961486430904,0.999353176556556
1087,-424.99576380696,-38.4295136493808,0.036343750518523,0.999339347668372
1088,-425.641421254046,-38.4828053402942,0.038301705205926,0.999266220472962
1089,-426.335109213273,-38.5316333421187,0.041276662532496,0.999147755404664
1090,-426.990926848191,-38.5918274756259,0.044365042662188,0.999015386763178
1091,-427.640579013964,-38.6615860169147,0.046328312200114,0.998926267293382
1092,-428.291591207722,-38.7378068973674,0.048751608465682,0.99881093339631
1093,-428.939205107146,-38.8085091335159,0.051292235284841,0.998683686959732
1094,-429.591174050142,-38.8968072106172,0.053932654407829,0.998544575263681
1095,-430.229155785377,-38.9792199704826,0.056743518539553,0.998388788550709
1096,-430.870015951216,-39.0629138596439,0.059154506337731,0.998248838907384
1097,-431.512895401915,-39.1333383599297,0.061476705942571,0.998108518462021
1098,-432.316970966443,-39.2530931293229,0.063628274137352,0.997973668355184
1099,-432.926902062839,-39.3474551351276,0.065173369233988,0.997873955939672
1100,-433.581316411388,-39.4407538658116,0.066477231786538,0.997787942227204
1101,-434.204995538177,-39.5334183899157,0.067425584247869,0.997724305902604
1102,-434.839196193357,-39.6392844739708,0.068979711028325,0.9976180629211
1103,-435.488105980953,-39.7369165444814,0.072012951200104,0.997403697035183
1104,-436.123925055078,-39.8381698362485,0.076301828866577,0.997084766161642
1105,-436.779837884061,-39.9460982199667,0.080667236145761,0.996741088253416
1106,-437.422192457421,-40.0433690144133,0.084459866902757,0.996426881854744
1107,-438.054290019269,-40.1607852327476,0.089141933044876,0.996018933441038
1108,-438.757677492644,-40.2925070864325,0.092984222770932,0.995667582236002
1109,-439.309758860889,-40.4222382681858,0.09665379256316,0.995318061919484
1110,-439.957066163611,-40.5726153736687,0.099761669854732,0.995011361356138
1111,-440.571433824894,-40.6799440353276,0.102076328192847,0.99477656949823
1112,-441.212149108691,-40.8176263555666,0.103568998152313,0.994622271328029
1113,-441.835451011352,-40.9780718202928,0.103197662879735,0.994660868022946
1114,-442.479509789036,-41.1253166786944,0.102590291643142,0.994723696340132
1115,-443.128726802957,-41.2695980352884,0.101583720422477,0.994826993876387
1116,-443.766259176181,-41.4029529239216,0.100594308860588,0.99492752752392
1117,-444.413604870764,-41.5318849857316,0.099617597827018,0.995025795747615
1118,-445.134962863513,-41.6897343933993,0.098705117221444,0.995116726738276
1119,-445.712516486188,-41.8116849001829,0.097740230971492,0.995211960965924
1120,-446.470105952878,-41.9736404195842,0.096714170122296,0.995312196899825
1121,-447.159718982454,-42.125667498772,0.095280833644955,0.995450432085858
1122,-447.818117557988,-42.2628228395327,0.093822186443063,0.995588970073013
1123,-448.474913506585,-42.4066040954279,0.091536215996791,0.995801747920232
1124,-449.151245319248,-42.534645249083,0.086924399350494,0.996214910949217
1125,-449.820087865788,-42.6864478302152,0.079685078254607,0.996820088232354
1126,-450.494734494892,-42.8204179868327,0.072972003336973,0.997333989558658
1127,-451.172622489414,-42.9314228963991,0.066320682476862,0.997798359928399
1128,-452.064723441489,-43.0593407432235,0.057104274846494,0.998368219543399
1129,-452.726590935407,-43.1453255158779,0.049991235377301,0.998749656513308
1130,-453.407948733073,-43.233485321593,0.043199632977374,0.999066460106944
1131,-454.125981299162,-43.3165075729805,0.036125811937181,0.999347249814537
1132,-454.810027210388,-43.3888228456492,0.029217182191314,0.999573087005047
1133,-455.509210141481,-43.4382821027385,0.022710583239167,0.999742081443478
1134,-456.207828834856,-43.4675728175383,0.01739838175524,0.999848636700725
1135,-456.889112796305,-43.5202662360118,0.013884641896229,0.999903603713585
1136,-457.591008965255,-43.5508508154379,0.012350303189513,0.999923732097167
1137,-458.248715264065,-43.5646337443023,0.011173076574938,0.999937579231749
1138,-459.206266064539,-43.6182586791481,0.009089494070659,0.999958689695499
1139,-459.876059701533,-43.6535943863074,0.007958205927502,0.999968332977808
1140,-460.578075736818,-43.6729271271834,0.006893597372805,0.999976238875335
1141,-461.290322878836,-43.6877728344724,0.005901410415387,0.99998258652594
1142,-461.99164178922,-43.7002864329021,0.004951870399938,0.99998773941461
1143,-462.713723182469,-43.7147238770274,0.005214152168428,0.999986406216187
1144,-463.406664387008,-43.7505604885876,0.008990147476329,0.999959587807604
1145,-464.140979752816,-43.7588141865401,0.013945529875664,0.999902756370082
1146,-464.872049724509,-43.7813669599092,0.022014136367098,0.999757659535555
1147,-465.509621007521,-43.8089803922709,0.028614064135015,0.999590533835569
1148,-466.403894647907,-43.8807996185329,0.035511877519799,0.999369254357477
1149,-467.011407660192,-43.9496376174172,0.041553316860465,0.999136287929677
1150,-467.735546343828,-43.9959164499963,0.047978640306233,0.998848361902028
1151,-468.45346109264,-44.0661559191421,0.055619798295156,0.998452020899155
1152,-469.16150226935,-44.1497338996212,0.064703729974356,0.997904518141593
1153,-469.875013712714,-44.2451280690238,0.074459411181494,0.997224045080395
1154,-470.575942907555,-44.3797548652884,0.084860922322165,0.996392806007064
1155,-471.274662999728,-44.5181424038956,0.09515639908052,0.995462334653617
1156,-471.961490281253,-44.6560567435749,0.104411085048349,0.994534225313049
1157,-472.571633300159,-44.786322689864,0.113299236191369,0.993560910603096
1158,-473.409616913043,-44.9886157404981,0.124363993097828,0.992236663916811
1159,-473.966322356561,-45.1450105917673,0.134301909160516,0.990940460974241
1160,-474.579891650686,-45.3473723739889,0.143945329362006,0.989585641647485
1161,-475.182998735648,-45.5245096769675,0.152563983349653,0.988293595539547
1162,-475.774246069931,-45.6926687992383,0.160560285620434,0.987026035462837
1163,-476.352823768781,-45.8952392797812,0.169487755818582,0.985532293041472
1164,-477.048612991397,-46.1620783770765,0.177769302677562,0.984072189946212
1165,-477.508104397206,-46.3333250120295,0.185777936730739,0.982591755625941
1166,-478.078871307095,-46.5570810707481,0.193849672115414,0.981031245486476
1167,-478.650577385682,-46.8057286686995,0.202260368007752,0.979331784194391
1168,-479.209768199791,-47.0432961627146,0.212240434780679,0.977217477250642
1169,-479.763732431321,-47.313863756855,0.223474177335932,0.974709850193394
1170,-480.315530873576,-47.5884667336676,0.23363134627361,0.972325251157441
1171,-480.860111048242,-47.8731112685507,0.243819698179208,0.969820578653495
1172,-481.407821367245,-48.1486617230964,0.254627349526726,0.967039250947444
1173,-481.945546302347,-48.4465072793789,0.26498188535889,0.964253390158234
1174,-482.472289109349,-48.7578299145388,0.274962640915631,0.961454911111645
1175,-482.975953833703,-49.1030512696282,0.285683645729172,0.958323982045159
1176,-483.49997153557,-49.4325966644825,0.296384529407633,0.955068694245506
1177,-484.020799672728,-49.7890553157565,0.307316185585531,0.951607462180262
1178,-484.529135275649,-50.1702415749297,0.317893603953903,0.948126392716287
1179,-485.04756972161,-50.5605640645045,0.327040243288965,0.94501041225454
1180,-485.551501568905,-50.9884594199713,0.332016792538332,0.943273475442068
1181,-486.059112416659,-51.4235216370145,0.333518943911238,0.942743397777111
1182,-486.574743400018,-51.8694113355242,0.333476446038697,0.94275843137964
1183,-487.113871268386,-52.3123778443056,0.333095574270351,0.942893068381301
1184,-487.665284545017,-52.7580429049802,0.332184276229932,0.943214507217524
1185,-488.219030169065,-53.2117011826192,0.330613275912624,0.943766317363744
1186,-488.77176644082,-53.6837791316467,0.329778722444671,0.944058257854228
1187,-489.469130035199,-54.2725181127153,0.328459561307358,0.944518034018291
1188,-490.017449396255,-54.707658311881,0.327234472509803,0.944943172895191
1189,-490.608530299845,-55.1847324656473,0.325071120439898,0.94568957203511
1190,-491.160451695353,-55.6329341594588,0.319902876841553,0.947450341383916
1191,-491.723882119903,-56.0886627687386,0.313331450976639,0.949643828932129
1192,-492.295317734838,-56.524452255348,0.305313647208976,0.952251845274113
1193,-492.861180856565,-56.9542885923735,0.298646148991588,0.954363912610119
1194,-493.443389112083,-57.3735859248263,0.290556418286271,0.956857861854442
1195,-493.987932842971,-57.7563715166434,0.281776781231748,0.959479987054798
1196,-494.571239004075,-58.1409453247676,0.269576698270322,0.962978921757725
1197,-495.278923351122,-58.5836786493328,0.253186346657664,0.967417528198732
1198,-495.878945130728,-58.9304613822499,0.238795686733197,0.97106983270907
1199,-496.479567259734,-59.2647574701123,0.223594868731695,0.974682171108539
1200,-497.086525076255,-59.5863474104023,0.208168617207647,0.978092954074334
1201,-497.713569264661,-59.885910932357,0.191214772935964,0.981548221235741
1202,-498.350990680116,-60.1512202643822,0.173181259989895,0.984889969076908
1203,-498.987722856334,-60.4007397184086,0.1549764989424,0.987918156921694
1204,-499.633877288354,-60.6275853073305,0.135387940146119,0.990792665325592
1205,-500.291901320405,-60.8386964644268,0.115516512663798,0.993305559886783
1206,-500.9571806902,-61.0168549478053,0.094755262754521,0.995500597779992
1207,-501.6220961287,-61.1717005190406,0.074270385434345,0.997238140991125
1208,-502.279110201388,-61.3000067698791,0.053609180611094,0.998561993946398
1209,-502.941037993974,-61.38178895151,0.032756449741586,0.999463363510803
1210,-503.58450831178,-61.4527088039128,0.011738140415032,0.999931105656583
1211,-504.221443865254,-61.4885712885925,-0.00991693083282,0.999950826032389
1212,-504.863288768113,-61.5009774098393,-0.031238424236835,0.99951196133473
1213,-505.508132606249,-61.4915683182436,-0.053055383027064,0.998591571330267
1214,-506.124945360564,-61.4476430401735,-0.074557337756074,0.997216728392944
1215,-506.929709232635,-61.3552775624072,-0.103721231655955,0.994606407632573
1216,-507.507625788337,-61.2823137976031,-0.122464308806202,0.992472918052991
1217,-508.358865633428,-61.0800972064416,-0.152073967848818,0.988369115413223
1218,-508.915597578038,-60.9274922656021,-0.173835551644066,0.984774695544419
1219,-509.500442292331,-60.7321931531636,-0.196073815658629,0.980589138637108
1220,-510.053066501759,-60.5091744494664,-0.217968427173015,0.97595582110858
1221,-510.609792651733,-60.2668204695493,-0.240099690473346,0.970748236482871
1222,-511.155645719211,-60.0016115263811,-0.262367434884141,0.964968045643127
1223,-511.671443846626,-59.7217053387436,-0.284365928056664,0.958715817622966
1224,-512.177185725467,-59.406355108412,-0.306765265851113,0.951785202483888
1225,-512.668495407687,-59.092936527528,-0.329336129063923,0.944212748321686
1226,-513.112466122798,-58.7764114590118,-0.35211785660613,0.935955669387768
1227,-513.542989847356,-58.4212077800875,-0.375251432426215,0.926923061781329
1228,-513.942777225903,-58.0548326855993,-0.398370294771577,0.917224677079508
1229,-514.328645475844,-57.6758171589118,-0.420939372143156,0.907088774585887
1230,-514.705029158404,-57.2865971034486,-0.444065655351496,0.895994248718844
1231,-515.048003661715,-56.866935555575,-0.467136052192982,0.884185449293052
1232,-515.336554059238,-56.4524828293477,-0.489130481270291,0.872210623813018
1233,-515.628522545112,-56.0150855022537,-0.511962180264479,0.85900798947323
1234,-515.888946876212,-55.5926101242075,-0.533212259596268,0.845981492833172
1235,-516.127523767538,-55.1442175129539,-0.55199004450932,0.833850700522941
1236,-516.319689176638,-54.7316277998922,-0.563295690353439,0.826255387413143
1237,-516.551847865081,-54.1689017437473,-0.580325582410549,0.814384564195477
1238,-516.712671748847,-53.7531037060706,-0.594247402106437,0.804282304349506
1239,-516.900066765379,-53.2682301864091,-0.608734138318249,0.793374280428814
1240,-517.06383453001,-52.7884920962097,-0.625122072366692,0.780526998021191
1241,-517.156359962822,-52.4271262202911,-0.637164048059663,0.770728211408032
1242,-517.316823699976,-51.6579747700067,-0.657409714212117,0.753533322195869
1243,-517.376804438885,-51.3178782649723,-0.672829769273782,0.739797338180525
1244,-517.445810849848,-50.8143418182154,-0.688139927699165,0.725578004012103
1245,-517.48873709233,-50.3025973913487,-0.702476362926419,0.711707074244502
1246,-517.511949145665,-49.8468331072877,-0.713606390305538,0.700546871890169
1247,-517.533943166866,-49.2175378995383,-0.730784947343585,0.682607764925095
1248,-517.525733805373,-48.773920327766,-0.743845302801363,0.668351827632983
1249,-517.483060059057,-48.2600335052612,-0.757427033106998,0.652919818598525
1250,-517.437160361179,-47.7377881250654,-0.769681212268841,0.638428407482286
1251,-517.352676584032,-47.2219795197453,-0.781270560807272,0.624192527042651
1252,-517.260719353133,-46.7069526475027,-0.792768129044872,0.609523333081428
1253,-517.142364007657,-46.187701170814,-0.804116740000719,0.594471419372383
1254,-517.007140291101,-45.6921547026864,-0.815505508627694,0.578749311358455
1255,-516.842565123476,-45.1798400018998,-0.826681018132323,0.562670857837605
1256,-516.670361995543,-44.7039643304302,-0.835654020119494,0.549256186727222
1257,-516.43622451871,-44.081420210698,-0.848966144375966,0.528447240226881
1258,-516.234167527252,-43.6333145717381,-0.859625051372164,0.510925406545226
1259,-516.053832592336,-43.2471781784926,-0.867422194229404,0.49757284588113
1260,-515.645868066164,-42.4925937237017,-0.879768891310746,0.475401617458188
1261,-515.440661443701,-42.1751796761073,-0.889327757787332,0.457270313085112
1262,-515.134873288205,-41.7197419961667,-0.898119989197676,0.439750480390376
1263,-514.812361957414,-41.3019165330267,-0.906637918443819,0.421909569504959
1264,-514.485227359118,-40.8804954190274,-0.914885595064956,0.403713200109485
1265,-514.157276111921,-40.465690099265,-0.922404754851098,0.386224634413816
1266,-513.836483520572,-40.1359473395712,-0.928343909683257,0.371722457424897
1267,-513.388392692216,-39.682021376174,-0.936782773434473,0.349911467940701
1268,-513.048154874122,-39.3752621552427,-0.943445996114647,0.331526246947721
1269,-512.650674889222,-39.0116900661608,-0.949865627289711,0.312658423992579
1270,-512.238371362677,-38.6749220581871,-0.956078689861385,0.293110113767739
1271,-511.791715677986,-38.3597426596849,-0.961954431517009,0.273209940677107
1272,-511.322849026877,-38.0729302885906,-0.967341824210934,0.253475432995511
1273,-510.861288322378,-37.7905803033423,-0.972227437430455,0.234038052263753
1274,-510.397682166818,-37.5241822189183,-0.976767330440655,0.214302548243916
1275,-509.925139229906,-37.2898225625194,-0.980750084143543,0.195267182220752
1276,-509.46431785038,-37.0752820393298,-0.984235048575952,0.176865398409904
1277,-508.924803858897,-36.8757392561944,-0.98769720702167,0.156378474354984
1278,-508.442491903671,-36.7004530488194,-0.99041327891265,0.138135936502756
1279,-507.931039722594,-36.5452549312659,-0.992530732986376,0.121994852668164
1280,-507.420158932641,-36.4030019993755,-0.994276239762007,0.106839875724021
1281,-506.899361681164,-36.2776431626114,-0.995777601759662,0.091798517601186
1282,-506.362842330851,-36.1640082491925,-0.997022956758116,0.077105276715047
1283,-505.810447382555,-36.0563490180271,-0.998066436524457,0.06215616046195
1284,-505.248564820519,-35.9736408291642,-0.99888142719345,0.047285245140278
1285,-504.675624407088,-35.9120042943371,-0.999495204287346,0.031770058334812
1286,-504.018852924383,-35.8595161868218,-0.999865753870596,0.016385183452882
1287,-503.485006424597,-35.8260651448887,-0.999999452872337,0.001046066454223
1288,-502.876823965713,-35.8026895952942,0.999896749741384,0.014369754925398
1289,-502.254709154202,-35.8096330872373,0.999582436311954,0.028895553579392
1290,-501.604186604613,-35.8390328610219,0.999166490007505,0.040820647301111
1291,-500.946872385784,-35.8768686016223,0.998770311383514,0.049576860518574
1292,-500.271441465228,-35.9400881805087,0.998558603295204,0.053672299979899
1293,-499.592948172207,-36.0071901293237,0.998502136909153,0.054712727841479
1294,-498.897582156276,-36.0706502695853,0.998475111178848,0.055203734985839
1295,-498.184739380261,-36.1433549370913,0.998460979994502,0.055458736267775
1296,-497.296580503968,-36.2279085768742,0.998438268365154,0.055866128056211
1297,-496.591518455181,-36.283200260562,0.998446366683505,0.055721206524162
1298,-495.825525850886,-36.3495324721178,0.998443876831481,0.055765803300251
1299,-494.950810242728,-36.4570840025384,0.998441455667826,0.055809135487954
1300,-494.198016969372,-36.5547241690356,0.998420199613758,0.05618812154916
1301,-493.420498316839,-36.6386963503247,0.998422142522591,0.056153586889883
1302,-492.651788814903,-36.7100101807556,0.998477691774182,0.055157039707561
1303,-491.88801487228,-36.7844349273071,0.998530441595029,0.054193700815095
1304,-491.123506621214,-36.8687689238079,0.998700909941698,0.050955789480936
1305,-490.360074308425,-36.9548857748874,0.998849690616718,0.047950970322687
1306,-489.334797758002,-37.0432773178686,0.999105060950477,0.04229748435951
1307,-488.611026085947,-37.0643967026176,0.999240393561075,0.038969678929997
1308,-487.855465893972,-37.1250313820318,0.999340704685073,0.036306417608215
1309,-487.079570878372,-37.1870346961186,0.999476828376008,0.032342998306209
1310,-486.314802050564,-37.2258741213053,0.999597468051412,0.028370792467006
1311,-485.556349313146,-37.2476246527545,0.999682716359986,0.025188620667285
1312,-484.789037737338,-37.2725977850453,0.999762287847084,0.021802930967307
1313,-483.991604192146,-37.3078562244592,0.999828933221362,0.018496061565467
1314,-483.05943580306,-37.31267032411,0.999918254848796,0.012786071333246
1315,-482.206832960718,-37.3192638046665,0.999950406000634,0.00995919370064
1316,-481.529750753285,-37.3314895557147,0.999954855069753,0.009501990445632
1317,-480.771360043715,-37.3410471339247,0.999956359306934,0.009342348827903
1318,-480.019094198162,-37.3465800678261,0.999961928327309,0.008725932381642
1319,-479.258905836304,-37.3583861383215,0.999984593623856,0.00555090217286
1320,-478.503503130661,-37.3666436473701,0.999995309703512,0.003062771780161
1321,-477.755285760289,-37.3676980635769,0.999999912268482,0.000418883072736
1322,-477.003664653609,-37.3598611581449,-0.999997955169563,0.00202228996259
1323,-476.236476797887,-37.3573245280577,-0.999977244321172,0.006746172235732
1324,-475.488546481016,-37.3573048134838,-0.999942564124051,0.010717670130176
1325,-474.538305242571,-37.3416249795567,-0.999886038394459,0.015096695791962
1326,-473.825879576379,-37.3108155837788,-0.999815607747829,0.019202877488533
1327,-473.04719893828,-37.2780952622074,-0.999731183890582,0.023185339262869
1328,-472.301873228019,-37.244456158767,-0.999604598901713,0.028118425534626
1329,-471.542654361294,-37.2016524466999,-0.999469106815709,0.032580738496982
1330,-470.776366914703,-37.1352427190788,-0.999317268950508,0.036945851963361
1331,-470.012170659237,-37.0685685318887,-0.999162496953644,0.040918268308409
1332,-469.238894246707,-37.009181110672,-0.999019186732509,0.044279391824151
1333,-468.499240102671,-36.9416350457149,-0.998890083232216,0.047102034142233
1334,-467.745986308496,-36.8474954977526,-0.998720914093651,0.050562196866267
1335,-466.805548816419,-36.743134650072,-0.998529884097753,0.054203971844585
1336,-466.067001145647,-36.6671981890925,-0.998474544031489,0.055213992077285
1337,-465.302613614493,-36.5758312161665,-0.998428055645619,0.056048351445055
1338,-464.551573103231,-36.4793498021391,-0.998372133309257,0.057035808327084
1339,-463.788033253808,-36.3932665831526,-0.998341727972237,0.057565564267265
1340,-463.027004873645,-36.3023661015004,-0.998313249750267,0.058057345556448
1341,-461.862604575944,-36.1503088910649,-0.998273697708763,0.058733503751048
1342,-461.272759144711,-36.0770003570972,-0.998249076814708,0.059150491448371
1343,-460.510547532445,-35.9835450157507,-0.998217214293569,0.059685786314561
1344,-459.800205589022,-35.8912378384949,-0.998189494112513,0.060147600479201
1345,-458.738249819285,-35.7499778085235,-0.998106860476945,0.061503618339547
1346,-457.991709719977,-35.6570277735219,-0.998076953707179,0.061987050894503
1347,-457.20944151921,-35.552084513737,-0.99804433437553,0.062510052158876
1348,-456.412938683875,-35.4468485574321,-0.998033458427652,0.062683457617937
1349,-455.608926106716,-35.3395947643292,-0.998029677729513,0.062743624147195
1350,-454.819255209393,-35.22825408864,-0.998020263176199,0.062893197483592
1351,-454.022915953456,-35.127489320456,-0.998020235143043,0.062893642325961
1352,-453.233675429085,-35.0286062466148,-0.998009836416689,0.063058436513554
1353,-452.427121325217,-34.9164602576782,-0.998005219012374,0.063131472532037
1354,-451.710044627561,-34.8213425057407,-0.998006759730946,0.063107111574988
1355,-450.726098123216,-34.6916034950474,-0.998022498778624,0.062857711791567
1356,-450.031642580671,-34.5922473968739,-0.998087985157462,0.061809173140543
1357,-449.237598415187,-34.472863100837,-0.998094171954931,0.061709188210506
1358,-448.445929349191,-34.3647401872216,-0.998292510040606,0.058412878689785
1359,-447.637753810848,-34.2703590365921,-0.998442568271662,0.055789227123947
1360,-446.835579950857,-34.1593806779316,-0.998478668768595,0.055139350867547
1361,-446.036957961345,-34.0781612497068,-0.99848797638748,0.054970546746743
1362,-445.234594042492,-33.9862399528109,-0.998683452965694,0.051296791054784
1363,-444.431238087545,-33.8878955747402,-0.998921537267861,0.046430188265975
1364,-443.671079643647,-33.7921435627763,-0.999074275448142,0.043018509246264
1365,-442.780155292405,-33.7249350786567,-0.99910569951671,0.04228239814895
1366,-441.97599980132,-33.6522117662305,-0.999113595142912,0.042095415434522
1367,-441.18849671602,-33.5768076505976,-0.999119947614642,0.041944371237561
1368,-440.397493291223,-33.5093641018917,-0.999133332979365,0.041624306955728
1369,-439.594678481232,-33.4304637114587,-0.999138322545486,0.041504366288284
1370,-438.801487249185,-33.3660082220955,-0.999130853084541,0.041683790789198
1371,-438.010576291223,-33.3010342376865,-0.999127935125943,0.041753673502686
1372,-437.199719361789,-33.2179714894168,-0.999154040912687,0.041124232854229
1373,-436.424087992332,-33.1459741647701,-0.999229637583478,0.039244507574831
1374,-435.549109348724,-33.0676696961186,-0.999337749160538,0.036387677897183
1375,-434.836675047952,-33.0068113188973,-0.999463143270935,0.03276316900091
1376,-434.043318441381,-32.9500328261355,-0.999570686067954,0.029299207389297
1377,-433.242598095375,-32.8892088565615,-0.99964436470614,0.026667285412247
1378,-432.446499225006,-32.8424103660039,-0.999646628527019,0.026582288738274
1379,-431.648122943316,-32.7962041097178,-0.999651956622659,0.026381160332503
1380,-430.84827283085,-32.7396538170296,-0.999648522239655,0.026510978557465
1381,-430.054613123229,-32.6868147407699,-0.999664882625197,0.025886723352918
1382,-429.263961295728,-32.6316800523383,-0.999713903112008,0.023918861272098
1383,-428.466618082518,-32.5793646102188,-0.999767865278788,0.021545662113183
1384,-427.590907327302,-32.5374311293001,-0.999802242490966,0.019886576126506
1385,-426.876844382043,-32.5078115622302,-0.999830705108614,0.018400030489432
1386,-425.967719699036,-32.462940370758,-0.999842325047636,0.01775739404692
1387,-425.258584416194,-32.431555357378,-0.999855117062579,0.01702189424758
1388,-424.452599587779,-32.3872601077146,-0.999867002347147,0.016308820231088
1389,-423.643901538127,-32.3610579746977,-0.99987712137655,0.015676164956487
1390,-422.843873599127,-32.3201897446249,-0.999875335219685,0.015789680785971
1391,-422.057186257091,-32.2911706200958,-0.99987488594776,0.015818105163213
1392,-421.24234107538,-32.261170239463,-0.99987018077171,0.016112777648467
1393,-420.282715107956,-32.2209318028952,-0.999867949434004,0.016250652129675
1394,-419.483468091667,-32.1864606195431,-0.999862173513374,0.01660222807676
1395,-418.684890482787,-32.1488590387464,-0.999860581621924,0.016697823770412
1396,-417.862050411298,-32.1098440029817,-0.99986139924838,0.016648792540978
1397,-416.960514490595,-32.0746149924908,-0.999859279782337,0.016775596357401
1398,-416.206677588597,-32.0428942381873,-0.999858525640716,0.01682048464145
1399,-415.238774523262,-32.0177793541793,-0.999856612102963,0.016933848764688
1400,-414.506564356707,-31.9898695033896,-0.999856516467594,0.01693949459953
1401,-413.784220403554,-31.9150442594767,-0.999857316745815,0.016892191979127
1402,-412.722329673714,-31.9878253170353,-0.999878913683548,0.015561425738268
1403,-411.974797218992,-31.9558876860521,-0.999877906524837,0.015626005359956
1404,-410.885629331923,-31.9173431552847,-0.999891493448778,0.014730964964067
1405,-410.104460282826,-31.8970536422811,-0.999933822026739,0.011504415108904
1406,-409.30067904665,-31.8689106897903,-0.999935716691632,0.011338539782199
1407,-408.49458051164,-31.8503596318889,-0.999963993137354,0.008486013716564
1408,-407.68860784468,-31.8407822992084,-0.999996997516384,0.002450501625478
1409,-407.04150547309,-31.8686833910149,0.999747414299445,0.022474599030345
1410,-406.674772108458,-31.872984934309,0.999742601412051,0.02268768216159
1411,-406.315967242337,-31.8721789351941,0.999739218594583,0.022836260724851
1412,-405.931646161278,-31.8760781915426,0.999731953097396,0.023152147979522
1413,-405.540396184334,-31.8864012637095,0.999732808074133,0.023115199765711
1414,-405.131465571506,-31.8916966804014,0.999767811719715,0.02154814723293
1415,-404.725784485043,-31.8970964878258,0.999795157297422,0.02023965030883
1416,-404.307937404653,-31.8944378951022,0.999794124587523,0.02029059980061
1417,-403.866141604625,-31.9077974906205,0.999789536751755,0.020515413759213
1418,-403.425327165719,-31.9078074285182,0.99978671631271,0.020652406267762
1419,-402.966783516729,-31.9033034360206,0.99978177351583,0.020890317028251
1420,-402.495399889995,-31.9024308717419,0.999776949704521,0.021119915708262
1421,-402.024473313813,-31.8999914721716,0.999769340250969,0.021477110935647
1422,-401.540003827194,-31.905821863192,0.999765365435126,0.021661349827946
1423,-401.043735137129,-31.9118041314176,0.999759724230314,0.021920168952946
1424,-400.533675211595,-31.9188794367464,0.999751721298367,0.02228218483344
1425,-400.008059921205,-31.9142912911828,0.999745057060886,0.022579213501048
1426,-399.482317965643,-31.9173432961125,0.999737009536403,0.022932766148239
1427,-398.953270374083,-31.9234903549693,0.999731727163019,0.023161901986813
1428,-398.397885152989,-31.9170243143466,0.999720988863628,0.023620847265281
1429,-397.840299969593,-31.9251709425579,0.999714941266809,0.02387543105163
1430,-397.272990707261,-31.9401464623954,0.99970931997855,0.024109656738008
1431,-396.704518662165,-31.9480326856293,0.999712907843858,0.023960423418181
1432,-396.139317858527,-31.9528324464518,0.999714092027504,0.023910964046288
1433,-395.576949841041,-31.9599726690233,0.999712726421669,0.023967991792237
1434,-395.009360365683,-31.9634487194117,0.999715108423485,0.023868430820205
1435,-394.430771780762,-31.9704564792744,0.999718245758728,0.023736661456324
1436,-393.852210457992,-31.9717452846021,0.999729247073984,0.02326870311996
1437,-393.26859525567,-31.9749887520287,0.999746524001298,0.022514167702204
1438,-392.677457969893,-31.978493265872,0.999750747689345,0.022325825731546
1439,-392.082352871089,-31.9800489684964,0.999759921427761,0.021911173103195
1440,-391.504584896761,-31.9821093817353,0.999779031587348,0.021021132183241
1441,-390.921160868662,-31.9735814298298,0.999803721746233,0.019812066585331
1442,-390.338077267028,-31.9634369621873,0.999832007899571,0.018329101983219
1443,-389.75408353251,-31.9590553852244,0.999854190556815,0.017076229852546
1444,-389.16914372211,-31.9588415843206,0.99986800451654,0.016247262665244
1445,-388.571735233424,-31.9527102899116,0.999875187219877,0.015799050035275
1446,-387.96759444634,-31.9415560816519,0.999883617024275,0.015256225170482
1447,-387.352672971988,-31.9197182357088,0.999892284499118,0.014677172722825
1448,-386.746978338129,-31.9119992284762,0.999899353156237,0.014187443664713
1449,-386.12616767797,-31.926932896197,0.999895729514555,0.014440571268371
1450,-385.49251311183,-31.9329084930514,0.999890437776977,0.014802447168165
1451,-384.847173432226,-31.9146860143329,0.999886299347859,0.015079402390158
1452,-384.203491110849,-31.9023313281457,0.999883697055789,0.015250979052117
1453,-383.544373856756,-31.9118197786694,0.999881942842203,0.015365558177365
1454,-382.877266696025,-31.9212848871866,0.999869734748251,0.016140431669019
1455,-382.204367219999,-31.9140378909036,0.999858898773634,0.016798289888418
1456,-381.538815240584,-31.9001365437476,0.999854736126653,0.01704425548686
1457,-380.879700924738,-31.8972437235449,0.999848026808089,0.017433395767057
1458,-380.222449389545,-31.8929276376282,0.999840270565742,0.017872698593775
1459,-379.56988379136,-31.8925111180989,0.999830604810827,0.018405479717097
1460,-378.917976521061,-31.8921695671902,0.999822879191808,0.018820474080216
1461,-378.262205019987,-31.887457554578,0.999812794164018,0.019348814587444
1462,-377.600548309211,-31.8873567906172,0.999804040409009,0.019795978930582
1463,-376.937641099135,-31.8873425123345,0.999795680294641,0.02021379885565
1464,-376.266161268828,-31.8837212289888,0.999786159200224,0.020679358589273
1465,-375.587238203207,-31.8836389923689,0.999771943218309,0.021355597708493
1466,-374.903612145424,-31.8908294068299,0.999761086392487,0.021857953593917
1467,-374.207945332431,-31.8917082937122,0.999749254924937,0.02239257191644
1468,-373.504369021913,-31.8979231417366,0.999737946748717,0.022891872589642
1469,-372.799313136689,-31.9115511622777,0.999729925918712,0.0232395185528
1470,-372.088690226037,-31.9167922135156,0.99971881512829,0.023712669155703
1471,-371.371817035847,-31.9165273050596,0.999708537774156,0.024142069121315
1472,-370.659001500671,-31.9230361366953,0.999699553823789,0.024511264441405
1473,-369.946547164491,-31.9307567130684,0.999688792118763,0.024946320613042
1474,-369.231049878289,-31.9343511473581,0.999680858455045,0.025262249278005
1475,-368.517770784818,-31.9421333798247,0.99966751104435,0.025785022055331
1476,-367.797360981508,-31.9498761191193,0.999656460022345,0.026209958710247
1477,-367.070170875151,-31.9547771373118,0.999646296250421,0.026594781307932
1478,-366.334239824062,-31.9612608358621,0.99963701011676,0.026941566487949
1479,-365.600059168486,-31.9703981761491,0.999626876642195,0.027314968324512
1480,-364.865816747196,-31.9785983816586,0.999617188586279,0.027667242053803
1481,-364.132510263334,-31.9860153878046,0.999628269706808,0.027263939608461
1482,-363.434139680838,-31.929190797338,0.999645354078653,0.026630172154246
1483,-362.704986457776,-31.9389901211516,0.99965175163474,0.026388926723068
1484,-361.983282327126,-31.9498519088086,0.999657654132956,0.02616437527242
1485,-361.258472236608,-31.9666222297161,0.999669584350362,0.025704515649482
1486,-360.532485490988,-31.9769442579582,0.999681372762978,0.025241888810605
1487,-359.811365635917,-31.9797135453441,0.999711044208832,0.024038054973022
1488,-359.081136974168,-31.986030561302,0.999747630095119,0.022464997645085
1489,-358.353531275365,-31.9960239065429,0.999783741806785,0.020795903895342
1490,-357.635630062947,-32.0042311790981,0.999817444415339,0.019107010304591
1491,-356.912889448449,-31.9965790119366,0.999841374063026,0.017810859377396
1492,-356.186868108671,-31.9853668091262,0.999858943438368,0.016795631167395
1493,-355.456906825615,-31.9812033387101,0.999856702694877,0.016928498933101
1494,-354.727119668319,-31.9850666182858,0.999846619867076,0.017513901346703
1495,-353.99195754752,-31.9785969593734,0.999837759380401,0.018012632155785
1496,-353.250155576542,-31.9713813764879,0.999827032560287,0.018598520416706
1497,-352.488961850065,-31.971790880135,0.999816078578334,0.019178347588966
1498,-351.73350577439,-31.9753983016729,0.999805549995668,0.019719589190971
1499,-350.956449926501,-31.97644454554,0.999789949833091,0.020495272936582
1500,-350.182225377189,-31.9772160186196,0.999778535159414,0.021044729375691
1501,-349.392891416298,-31.9753560649027,0.999766663061311,0.021601375679606
1502,-348.596283093169,-31.9837109743869,0.999751928033079,0.022272907177582
1503,-347.796323145586,-31.9897384427221,0.999737541684287,0.022909555802297
1504,-346.988119825526,-31.9959394570364,0.999722744911952,0.023546407490571
1505,-346.176380712024,-32.0014860591446,0.999708587840021,0.024139995834951
1506,-345.374361331359,-32.008211262492,0.999695097047891,0.02469236599453
1507,-344.570106607607,-32.0142985265741,0.999683369440824,0.025162687921634
1508,-343.762949060914,-32.027911839997,0.99967131054608,0.025637294535159
1509,-342.954607054872,-32.0310609937598,0.999657237027635,0.026180306687945
1510,-341.887441358374,-32.0353591424616,0.999645714101782,0.026616654146207
1511,-341.076408151143,-32.03751179144,0.99964179174117,0.026763561132702
1512,-340.268665161893,-32.0444458676898,0.999651303076358,0.026405913310069
1513,-339.462470746959,-32.0591235426295,0.999652193625452,0.026372178139528
1514,-338.64515286472,-32.0654445157255,0.999650570951256,0.026433614902772
1515,-337.839736125139,-32.0780586466711,0.999648891419104,0.026497054261853
1516,-337.029542408157,-32.0781981354354,0.999651405002297,0.026402054407461
1517,-336.22638654278,-32.0852001082765,0.999658287096106,0.02614018056709
1518,-335.417383210238,-32.1012726783791,0.999667980601158,0.025766811226909
1519,-334.608204798131,-32.1097896095966,0.999687421977305,0.025001166780168
1520,-333.801090609029,-32.1121907262645,0.999711662724057,0.024012317953548
1521,-332.998849495337,-32.1170444836561,0.999737972069258,0.022890766759723
1522,-332.187533013195,-32.1179921488197,0.999761857472856,0.021822656630771
1523,-331.384753057253,-32.120488048369,0.99978622585319,0.020676135863198
1524,-330.583006041339,-32.1266917049779,0.999809602654063,0.019513032586583
1525,-329.775291620758,-32.1296358440311,0.999821574811134,0.018889641134348
1526,-328.805018649464,-32.1209286247143,0.999833679312264,0.018237700318312
1527,-327.988298406824,-32.1135527210412,0.999840422044238,0.017864222524387
1528,-327.187468983982,-32.1210595475788,0.99984859086281,0.017401015764985
1529,-326.382534012299,-32.1235091073153,0.999855276331541,0.017012536318193
1530,-325.583824858761,-32.116591413746,0.999861439806556,0.016646356597207
1531,-324.777698119494,-32.1172479308696,0.999868124126398,0.016239900121534
1532,-323.947387880312,-32.1126447725188,0.999866685872184,0.016328211260745
1533,-323.159092708011,-32.1082846822288,0.999861573485576,0.016638325244678
1534,-322.364153293349,-32.0996159151677,0.999854048156879,0.017084565674974
1535,-321.563664071349,-32.0924263430139,0.999849035577401,0.017375444021395
1536,-320.757294698923,-32.0895730730834,0.999841308866837,0.017814518894711
1537,-319.943667521959,-32.0802693193105,0.999833939859457,0.018223410907817
1538,-319.150241424906,-32.0769250693542,0.999825712399296,0.018669355244375
1539,-318.353066226121,-32.079471015106,0.999815582232343,0.019204205929974
1540,-317.549124403166,-32.0740138125206,0.99980465521131,0.019764903687964
1541,-316.753483453746,-32.0717232294011,0.999790903905368,0.020448678883643
1542,-315.931849920668,-32.0725252390581,0.999775825683556,0.021173057851037
1543,-315.148091330034,-32.0777917279928,0.999761749507693,0.021827602280517
1544,-314.343067074779,-32.0821025452486,0.999746011345202,0.022536920804733
1545,-313.537428097977,-32.087112604986,0.999732485364726,0.023129152739939
1546,-312.742779395086,-32.0863419010661,0.999719406520311,0.023687723121407
1547,-311.936986276004,-32.0885962729658,0.99970509582009,0.024284179857346
1548,-311.143004053246,-32.1110081869799,0.999689953641011,0.024899730706037
1549,-310.343947663703,-32.1063718855451,0.999677618869443,0.025390122715757
1550,-309.536311969972,-32.1084163159897,0.99968410499933,0.025133448066063
1551,-308.734220000457,-32.1158834509405,0.999669061714531,0.025724833348121
1552,-307.909679498423,-32.1342141622922,0.999657395154673,0.026174268138265
1553,-307.131248816703,-32.1480895816067,0.999640614383703,0.02680750034174
1554,-306.324134153293,-32.1506336126278,0.999623413501304,0.027441413593358
1555,-305.5308886726,-32.1602606156939,0.999613288232145,0.027807804474975
1556,-304.731377007453,-32.1749616750612,0.999598355774321,0.028339497759718
1557,-303.9200859345,-32.1932731164901,0.999619259922173,0.027592303141398
1558,-303.125235185034,-32.2044175355936,0.999653881127824,0.026308134598998
1559,-302.323132541915,-32.2067063301799,0.999687673689916,0.024991099864653
1560,-301.523446951893,-32.2209828128198,0.999685436076336,0.025080448498096
1561,-300.728201548435,-32.2345025284935,0.999680401997167,0.025280305828494
1562,-299.910281760148,-32.243826506753,0.999680598669605,0.025272527447421
1563,-299.126464889817,-32.242154409843,0.999688358135045,0.024963705839825
1564,-298.329513768261,-32.2587015950595,0.999708302449016,0.024151811826604
1565,-297.537385605875,-32.266599764474,0.999768613503474,0.021510914749075
1566,-296.730574088119,-32.2648731103242,0.999818969237738,0.019027053171424
1567,-295.920183903673,-32.2614826210982,0.999860564979204,0.016698820301684
1568,-295.126062754975,-32.2623207094995,0.999855587604463,0.016994232437316
1569,-294.326888824943,-32.253318560847,0.99985289610668,0.017151855499758
1570,-293.533819573538,-32.2463641575225,0.999842568068453,0.017743705314312
1571,-292.735290633287,-32.2430447802194,0.999833279376312,0.018259612581059
1572,-291.898507573673,-32.2412833912343,0.999827582951719,0.018568908662709
1573,-291.103244370945,-32.2442343950784,0.999817921428553,0.019082033180128
1574,-290.335103965602,-32.2447872674078,0.999803807045976,0.019807761518476
1575,-289.538514424099,-32.2339970790896,0.999791520873347,0.020418491368386
1576,-288.742557178112,-32.2387548327165,0.999775728633993,0.02117763996218
1577,-287.920905599399,-32.2528642372409,0.999762662861428,0.021785728085743
1578,-287.15521433155,-32.258361305421,0.999743883637434,0.02263110977262
1579,-286.358095636775,-32.2657748897329,0.999729318670057,0.023265626823804
1580,-285.547702291054,-32.2725705166168,0.999717149936751,0.023782769442172
1581,-284.71247867578,-32.2798705391837,0.999702070185842,0.024408417936069
1582,-283.918396954925,-32.2696172590625,0.999697755477349,0.024584501084015
1583,-283.136514815798,-32.2838111080517,0.999729663056052,0.023250823766766
1584,-282.333924917143,-32.290204228675,0.999764369565274,0.021707264861095
1585,-281.533734012857,-32.2876833642365,0.999782340369064,0.020863170568194
1586,-280.735081846251,-32.2880011976952,0.999774080877877,0.021255286514079
1587,-279.911127251995,-32.2923325478576,0.999773092551238,0.021301723182256
1588,-279.132348685745,-32.2936612232715,0.999776296271208,0.021150825379308
1589,-278.329485283084,-32.2891303037939,0.999779441574347,0.02100162387263
1590,-277.520419187994,-32.2880632879557,0.999779494525058,0.02099910300989
1591,-276.718926465775,-32.2934803729505,0.999772614193568,0.021324162552352
1592,-275.900929671672,-32.2955195977371,0.999771354273139,0.021383151658564
1593,-275.115400126543,-32.2945442929446,0.999766883117747,0.021591188504237
1594,-274.325345814357,-32.3012856295653,0.999762276511141,0.021803450764982
1595,-273.524345174285,-32.3008430115725,0.999758930272974,0.021956350776904
1596,-272.733595580446,-32.3015849478407,0.999757509048049,0.022020969598104
1597,-271.920954891841,-32.3146394827199,0.999753237099684,0.022214070061635
1598,-271.122580217427,-32.3205449877364,0.999750544907232,0.022334904470207
1599,-270.321727822516,-32.3189936175091,0.99974840754261,0.022430372623206
1600,-269.520805492128,-32.3172511398992,0.99975453547911,0.022155558872412
1601,-268.717924097471,-32.3267467742103,0.999760875592308,0.021867593258108
1602,-267.889902592684,-32.3361058827195,0.999771330936644,0.021384242730815
1603,-267.106563232292,-32.3397057787442,0.999779438557737,0.021001767477416
1604,-266.301723918265,-32.3397824072855,0.999792268211195,0.020381865103936
1605,-265.484818240572,-32.3330807283116,0.999804219270605,0.019786943389441
1606,-264.655532360508,-32.3183073298642,0.999817131428147,0.019123381050222
1607,-263.925974486292,-32.3283431635516,0.999828464436918,0.018521384983713
1608,-263.140681618632,-32.3272156566551,0.99984166440584,0.017794553047507
1609,-262.360173253492,-32.3198183347183,0.999854825478525,0.017039013096651
1610,-261.59303230946,-32.3090878165138,0.999870825246539,0.016072735324297
1611,-260.827467112169,-32.2979669008472,0.999883531617725,0.015261821636535
1612,-260.051626421789,-32.2953715844103,0.999897102793713,0.014345167295613
1613,-259.324200430458,-32.2947782259931,0.999907070504606,0.013632694337434
1614,-258.581205551441,-32.2788212986674,0.999918170064283,0.01279270007841
1615,-257.84439917149,-32.2618620248107,0.99992868876097,0.011942252415984
1616,-257.121400750327,-32.2528986579851,0.999936911899554,0.011232640864218
1617,-256.385817234717,-32.2437752093462,0.99994287850314,0.010688298782073
1618,-255.671477512694,-32.2232099808168,0.999946030238439,0.010389254563614
1619,-254.925392538553,-32.2138873910635,0.999948857162347,0.010113508773717
1620,-254.176693218269,-32.199844734899,0.999952072929204,0.009790395527631
1621,-253.419627214069,-32.1782140847235,0.999950021583685,0.009997716478727
1622,-252.659980387458,-32.1668545230906,0.999948006952298,0.010197224726727
1623,-251.940890001538,-32.1570007959203,0.999943457875007,0.010633957540572
1624,-251.203321557365,-32.1411335199068,0.999939489928018,0.011000749178789
1625,-250.48873384744,-32.1257355482743,0.999935035754286,0.011398432834136
1626,-249.763120870058,-32.1130453162058,0.999929148392186,0.011903705123942
1627,-249.034391807261,-32.1043685460058,0.999940531434149,0.010905668030508
1628,-248.311046899117,-32.0934531907593,0.999970914849513,0.007626890259415
1629,-247.594799211384,-32.073962778891,0.999989729157919,0.004532281839394
1630,-246.886377941972,-32.0498818365088,0.999999005585797,0.001410257925563
1631,-246.183540800443,-32.0234673344109,-0.999999001112496,0.00141342633728
1632,-245.4791653832,-31.9957224583839,-0.999992543386003,0.003861757681734
1633,-244.80799010061,-31.9629962540689,-0.99998875278703,0.004742815560419
1634,-244.113443586136,-31.9195019374063,-0.999990698442511,0.004313122819765
1635,-243.40522768043,-31.9020035169376,-0.999992326682625,0.00391747059605
1636,-242.679283771288,-31.8648580006579,-0.999993718621939,0.003544392284539
1637,-241.944400637082,-31.8352790762395,-0.999994632634279,0.003276385605161
1638,-241.234420672254,-31.796356900655,-0.999996189742064,0.00276052555743
1639,-240.536527309271,-31.7578010706839,-0.999997127735805,0.002396772859587
1640,-239.863234587822,-31.7189879421389,-0.999998109941546,0.001944251356198
1641,-239.176829074301,-31.6913834832657,-0.999998804029256,0.001546589815332
1642,-238.46159114817,-31.6614705578417,-0.999999424202211,0.001073124059416
1643,-237.764799791059,-31.627161780017,-0.999999755471937,0.000699325436139
1644,-237.058754450074,-31.6081789967112,-0.99999997496107,0.000223780829836
1645,-236.3634723438,-31.5741210444908,-0.999999973515989,0.000230147824138
1646,-235.666191295421,-31.5431443859003,-0.9999934419812,0.003621601109087
1647,-234.998854237063,-31.5186384507903,-0.999968437922211,0.007945008459
1648,-234.35036219628,-31.4768082524972,-0.999930061362629,0.011826765548038
1649,-233.709734569529,-31.4311767397089,-0.9999236487271,0.012357051277852
1650,-233.101479937804,-31.3896474463549,-0.999923680907176,0.012354447014932
1651,-232.335469274321,-31.3352316764168,-0.99992752873074,0.012038990258171
1652,-231.717667131452,-31.2925759330062,-0.999930231855119,0.011812341942557
1653,-231.116698454583,-31.258740713706,-0.999932811067212,0.011591952002251
1654,-230.525816169618,-31.2185744759279,-0.999936379280659,0.011279955278587
1655,-229.945738031453,-31.1797849220169,-0.999930836554709,0.011761041918147
1656,-229.344951085389,-31.1447155538841,-0.999922249739869,0.012469742385409
1657,-228.743414797171,-31.1040843125707,-0.99991273645908,0.013210581626684
1658,-228.128312693224,-31.0622767737505,-0.999900693881226,0.014092635517974
1659,-227.506686035287,-31.0190224257965,-0.999888131806177,0.014957401951985
1660,-226.865324402018,-30.9784365207784,-0.999875858760669,0.015756492871664
1661,-226.212684438736,-30.9309197423862,-0.999858518202496,0.016820926785086
1662,-225.573093905507,-30.8814449537835,-0.999835982674494,0.018110984217558
1663,-224.946715487932,-30.8319392080904,-0.999810320127326,0.019476235952907
1664,-224.32269669199,-30.7767055574624,-0.999770990795697,0.021400139331086
1665,-223.709255092455,-30.7323598114798,-0.999723676965234,0.023506801464927
1666,-223.076293646321,-30.6785143299002,-0.999671166206237,0.025642922139693
1667,-222.466803727648,-30.618595978998,-0.999611169600752,0.027883859299175
1668,-221.831839596845,-30.5580880751331,-0.99955230209086,0.029919815922929
1669,-221.193205515505,-30.4948124994489,-0.999487974354752,0.031996704833999
1670,-220.548949372956,-30.4325129279898,-0.999416927950466,0.034143873916911
1671,-219.892886581506,-30.3604505579018,-0.999341559774223,0.036282873480803
1672,-219.253411903446,-30.2867627823539,-0.99925416069292,0.03861505325502
1673,-218.613077230215,-30.2080224964913,-0.999141684701081,0.041423349607262
1674,-217.972855736142,-30.1315378720121,-0.999017487415136,0.044317714728414
1675,-217.333724599846,-30.0503511800366,-0.998887849546214,0.047149379942274
1676,-216.698978376504,-29.9619842504714,-0.998717822771948,0.050623220735751
1677,-216.061240821382,-29.8676612327737,-0.998478132243419,0.055149065555944
1678,-215.410351961516,-29.7656932269491,-0.998220053070279,0.059638290119423
1679,-214.770072323466,-29.6694562007052,-0.997949405114322,0.064007693537356
1680,-214.144398135753,-29.5608136348023,-0.997731628101778,0.067317147038297
1681,-213.529691566476,-29.4483834707335,-0.997565589466831,0.069734458567435
1682,-212.910363823507,-29.3347267455031,-0.997336870039442,0.072932624112455
1683,-212.314380389328,-29.2270663329727,-0.996988617576065,0.077548026562691
1684,-211.726996884328,-29.1163203680579,-0.996610517531791,0.082264672521169
1685,-211.145458803775,-28.9956638322072,-0.996118909043456,0.088017720068602
1686,-210.576092626467,-28.8749944715073,-0.995622392350025,0.093466848942357
1687,-210.020438161732,-28.7414223639228,-0.995078231870911,0.099092443993782
1688,-209.488583348394,-28.6065241076919,-0.994534808634438,0.104405528658504
1689,-208.986697377297,-28.4821990918309,-0.993990517061091,0.109466213932087
1690,-208.437668873671,-28.3375332852816,-0.993415450956397,0.114567629813563
1691,-207.893261425742,-28.1862585652252,-0.992833824256136,0.11950312720986
1692,-207.462528405964,-28.0646703282387,-0.99221232167031,0.124558053636096
1693,-206.962902745937,-27.9174740619073,-0.991745470650929,0.12822215660083
1694,-206.452118387662,-27.7618095558492,-0.991642259285818,0.129017942932439
1695,-205.949958988309,-27.6024604619002,-0.991627880615697,0.129128410451072
1696,-205.467503417039,-27.4564643982957,-0.991497908542296,0.130122624305891
1697,-204.995759458978,-27.3156526061612,-0.991071761436573,0.133329530423719
1698,-204.498524511032,-27.1632854106408,-0.990577237809108,0.13695523332271
1699,-204.024323370168,-26.9992137803201,-0.989903263928203,0.141744587425026
1700,-203.579803755805,-26.8451489732262,-0.989296542162501,0.14591899007778
1701,-203.154432000371,-26.7060235976236,-0.988490631588122,0.151282091678149
1702,-202.76538275559,-26.5744142243023,-0.987543816143131,0.157344244246375
1703,-202.40865086562,-26.4374316594697,-0.986562477812899,0.163384446541504
1704,-202.060759193764,-26.3063804074382,-0.985438397227022,0.170032835860128
1705,-201.708903984256,-26.1677588689837,-0.98430928602533,0.176451776540517
1706,-201.355294795365,-26.015483550476,-0.983144804856363,0.182828588256717
1707,-200.977463784129,-25.8510226414038,-0.981918134447315,0.189306041222947
1708,-200.573966688089,-25.6726257116267,-0.980654412102721,0.195747091992364
1709,-200.17246987646,-25.4928675835967,-0.979328868165923,0.202274486717557
1710,-199.757197155712,-25.3018386461121,-0.978007436373504,0.208570022769635
1711,-199.33369335439,-25.0950788516758,-0.977182544357035,0.212401212340964
1712,-198.913329026797,-24.8670646314984,-0.976851297584622,0.213919476456073
1713,-198.471384546804,-24.6321212636637,-0.97686359046132,0.213863334003327
1714,-198.013848700031,-24.4026976706215,-0.97682763256948,0.214027512831191
1715,-197.552365129594,-24.1720514357173,-0.976367807168908,0.216115490245791
1716,-197.072815804824,-23.9304535380059,-0.975849887940674,0.218442203354054
1717,-196.593485760606,-23.6793001646307,-0.974779840882915,0.223168684649703
1718,-196.097201330679,-23.4171143647573,-0.973521797004644,0.228594205431477
1719,-195.598630898911,-23.1475795031888,-0.972176128198561,0.234251095538219
1720,-195.095734900375,-22.8553355960225,-0.971186368604175,0.238321290357019
1721,-194.577026666141,-22.557909832305,-0.970679166940144,0.240378773747576
1722,-194.05349777733,-22.2550571940663,-0.970457424331073,0.241272434315858
1723,-193.523722232501,-21.9413534517875,-0.970192341642403,0.24233617191503
1724,-192.982115131816,-21.6295674872704,-0.96985567712293,0.243680047505787
1725,-192.428282190065,-21.3083540212393,-0.969597118030124,0.244706821947567
1726,-191.86903131364,-20.9847486412747,-0.969438362035891,0.245334999975885
1727,-191.316750000053,-20.6608040608904,-0.969551207259744,0.244888661438566
1728,-190.730217801111,-20.3057592255314,-0.969750190727364,0.244099503449395
1729,-190.150340727656,-19.9506945828386,-0.970765368104737,0.240030414923763
1730,-189.563073269444,-19.5849124952616,-0.972787810490208,0.231697811300987
1731,-188.968998786062,-19.2451693761759,-0.975656074558706,0.219306233784395
1732,-188.371301115857,-18.9419381820313,-0.978515507867267,0.206173230229497
1733,-187.775999507824,-18.6683866118344,-0.981355942061543,0.192199154473951
1734,-187.193821653442,-18.3930519853982,-0.983858063362727,0.178950583000294
1735,-186.624485086278,-18.1276615610017,-0.986230555405711,0.165376212268098
1736,-186.03490300537,-17.9053011021541,-0.98841375899546,0.151783533456252
1737,-185.450881801998,-17.7107334774387,-0.990501901619519,0.13749902868063
1738,-184.828117528504,-17.5023359486371,-0.992404291234183,0.123019196631984
1739,-184.206497672349,-17.3006619610947,-0.994084152026296,0.108612608338813
1740,-183.563216602259,-17.1212499073857,-0.995554142027051,0.094191030851041
1741,-182.893743729102,-16.9704516595174,-0.996822335250508,0.079656964201026
1742,-182.212336156638,-16.8227781291811,-0.997897120729257,0.064817717024422
1743,-181.519904268673,-16.6857309345758,-0.998732418346643,0.050334446887456
1744,-180.805152538853,-16.5810457315999,-0.999358831634443,0.03580398908279
1745,-180.077579275022,-16.4950300357399,-0.999736869853686,0.02293885470452
1746,-179.331916404794,-16.4262865984508,-0.999889929674413,0.014836729278993
1747,-178.603010845986,-16.3797453248189,-0.99993943491068,0.011005748975432
1748,-177.822401627407,-16.3350176590136,-0.999953894436417,0.009602551819362
1749,-177.038429787103,-16.290767514811,-0.999987760581403,0.004947594101331
1750,-176.256532072679,-16.2427654340509,0.999993847409678,0.003507868696187
1751,-175.461538849161,-16.2039381268446,0.999926040588184,0.012161963395632
1752,-174.657310395729,-16.1959417213381,0.999793557713942,0.020318512585799
1753,-173.855976490968,-16.211864574632,0.999605430087409,0.028088861489325
1754,-173.052810473468,-16.2206277540082,0.99951096320717,0.031270344236611
1755,-172.239366072908,-16.2313920605732,0.999481885994012,0.032186325820952
1756,-171.437468154835,-16.2545272576528,0.999470068869101,0.032551212493455
1757,-170.662229640079,-16.2776799031562,0.999463527480926,0.032751446309801
1758,-169.844943678518,-16.2946505427298,0.999461717064456,0.032806647536263
1759,-169.036370462781,-16.3075096957733,0.99946276357664,0.032774749789225
1760,-168.233575900031,-16.3295617568474,0.999464169904501,0.032731835834654
1761,-167.437669046644,-16.3594741216302,0.999452728523572,0.033079350761273
1762,-166.635193390027,-16.3785527817038,0.99944254846894,0.033385510478515
1763,-165.838999190993,-16.3882431381795,0.999443118305893,0.033368447236775
1764,-165.029811384882,-16.4087479090957,0.999430782725596,0.033735893948475
1765,-164.2152893423,-16.4256565944483,0.999434949155883,0.033612235953262
1766,-163.407324496148,-16.4385653830813,0.999427091873985,0.033845059141759
1767,-162.637487836292,-16.4588252019502,0.999433722916002,0.033648677511299
1768,-161.841119685181,-16.4851939287177,0.999428339210859,0.033808205841552
1769,-161.066518469628,-16.5058002153901,0.999466462006837,0.032661771592114
1770,-160.302340277879,-16.5192173486787,0.999630091207492,0.027197072498724
1771,-159.561226983743,-16.545483980563,0.999800288822219,0.019984555812138
1772,-158.837050626176,-16.5565796937635,0.999925571897533,0.012200437098373
1773,-158.133314447138,-16.5415617613896,0.999986923167717,0.005114048646969
1774,-157.456673213873,-16.5190647128778,0.999999727147786,0.000738718047993
1775,-156.795407455615,-16.4898877270576,-0.999992303211106,0.003923457473638
1776,-156.138132604486,-16.4522854386792,-0.999966048012609,0.008240316865535
1777,-155.492036499663,-16.4154114195835,-0.999911593023971,0.013296846854252
1778,-154.787902333832,-16.3702247192696,-0.999825628429721,0.018673851641081
1779,-154.090523687743,-16.3128078221907,-0.999694353553959,0.024722448752737
1780,-153.405759680512,-16.2428997502741,-0.999532539207949,0.030572913902819
1781,-152.731717726934,-16.1638300524519,-0.999351632409654,0.036004371958977
1782,-152.065688066637,-16.0885198876029,-0.999160297516445,0.040971939993733
1783,-151.416849548717,-16.0172844475815,-0.998950430057686,0.045804347911134
1784,-150.774382902961,-15.9486151104,-0.998719944166765,0.050581351539228
1785,-150.132265809374,-15.857507543479,-0.998474745807505,0.055210343094742
1786,-149.489679228917,-15.7428840844897,-0.998361054081209,0.057229412838647
1787,-148.850183955026,-15.6309831386373,-0.998349757100409,0.057426148204063
1788,-148.174908536151,-15.5297181448041,-0.998314133708641,0.058042143633455
1789,-147.499146600124,-15.4202141187415,-0.99810053541824,0.061606178243929
1790,-146.815851237941,-15.3097752494277,-0.99783223995026,0.065808972912863
1791,-146.153172968605,-15.191835514239,-0.997528539648576,0.070262455028125
1792,-145.51054050302,-15.0573536795344,-0.997267451900453,0.073875769911239
1793,-144.874155466585,-14.932100421272,-0.99713686884024,0.075617886769482
1794,-144.233770307445,-14.8123132929431,-0.99707611943039,0.076414737201893
1795,-143.594319605432,-14.6943218579636,-0.99697885009603,0.077673499092023
1796,-142.948393433947,-14.5690949061499,-0.996766896470728,0.080347707497559
1797,-142.335957074184,-14.4419584477213,-0.99656512303146,0.082812774119041
1798,-141.70428801801,-14.3144249858008,-0.996370737409029,0.085119643061912
1799,-141.101177456694,-14.1898308114109,-0.996171265730538,0.087423162450333
1800,-140.514014760632,-14.0530280480088,-0.995942775907681,0.089988816623531
1801,-139.926958924807,-13.9162622700783,-0.995720527342525,0.092415536728
1802,-139.333628474548,-13.7874738110013,-0.995505157863682,0.094707342201154
1803,-138.722555524992,-13.6507116253693,-0.995297825089503,0.096861960397802
1804,-138.096272951801,-13.4951556273525,-0.99507944915366,0.099080219378288
1805,-137.461754576399,-13.3298743788702,-0.994951710689685,0.100354837430341
1806,-136.864269408931,-13.1821218991503,-0.994921173292766,0.100657135533182
1807,-136.267498627604,-13.0355760090626,-0.994927513521114,0.100594447355182
1808,-135.672240099812,-12.8865245698768,-0.994953417312799,0.100337915951966
1809,-135.077701085182,-12.7354099011175,-0.994974021416931,0.100133394556561
1810,-134.468697963109,-12.5833976165454,-0.99497656835905,0.100108083671839
1811,-133.833708204511,-12.4289228624402,-0.994978492952289,0.100088953248555
1812,-132.651531226512,-12.1509614844951,-0.99492552203348,0.100614142178958
1813,-131.947803174686,-11.9838423595728,-0.994887378592082,0.1009906130201
1814,-131.248646396352,-11.8065868718353,-0.994860662465277,0.101253455640537
1815,-130.551173693464,-11.631186375337,-0.994744944324203,0.10238405999685
1816,-129.87622641215,-11.4606252598811,-0.99442076464098,0.105486221142145
1817,-129.22447630888,-11.2920641204556,-0.994007874103647,0.10930849106976
1818,-128.542529569227,-11.1139303104865,-0.993540324788772,0.113479614991513
1819,-127.91202295313,-10.9405142773366,-0.993322929391067,0.115367057455539
1820,-127.285482660985,-10.75260379288,-0.993272090211726,0.115803949874039
1821,-126.663184109142,-10.5698903810859,-0.993276108094507,0.115769482544535
1822,-126.041902697929,-10.3937567977987,-0.993315684522134,0.115429419483616
1823,-125.405211906674,-10.2170769426591,-0.993354266686287,0.115096919403385
1824,-124.764790259751,-10.0466506014217,-0.993373234726488,0.114933095882052
1825,-124.127856775881,-9.86413692320443,-0.993385158361551,0.114829992366958
1826,-123.486492866076,-9.68279612500813,-0.993413021370152,0.114588694783678
1827,-122.84696718688,-9.51422951266122,-0.993443384614744,0.114325157184238
1828,-122.181573991705,-9.33330378787854,-0.993457809354096,0.11419974182703
1829,-121.521141402197,-9.14381775185373,-0.993453264100226,0.114239275420525
1830,-120.847224745267,-8.95676816541949,-0.993723336409417,0.111865681401122
1831,-120.176070110548,-8.76850700290035,-0.994182345906797,0.107710088140609
1832,-119.491920512631,-8.59505395936958,-0.99452855118922,0.104465117955566
1833,-118.798695748997,-8.41167121164396,-0.994804336067138,0.101805367943056
1834,-118.090915187591,-8.2309258972075,-0.994838722672208,0.101468792601122
1835,-117.395933151905,-8.04902484701629,-0.994852188919113,0.101336677480806
1836,-116.698987958555,-7.87489303070752,-0.994837821647894,0.101477626198452
1837,-116.026065720526,-7.72395084321494,-0.994825489305931,0.101598453862323
1838,-115.327710298601,-7.54075398887436,-0.994810686231282,0.101743297371597
1839,-114.652622324243,-7.3651312535128,-0.994806596763911,0.101783274829437
1840,-113.973189309069,-7.19788876640405,-0.994806951650175,0.10177980619203
1841,-113.289606140871,-7.0278669717705,-0.99481080144544,0.101742170841204
1842,-112.608400465283,-6.85029327513456,-0.994809929829108,0.101750692938204
1843,-111.913895516236,-6.68799119759436,-0.994809866669946,0.101751310439347
1844,-111.203932175117,-6.5122760257606,-0.994806696579225,0.101782299252517
1845,-110.482901354397,-6.32203615125434,-0.994907310827366,0.100794061641838
1846,-109.75737269709,-6.15071480760489,-0.995130923673991,0.098561882833834
1847,-109.021257633211,-5.97329704963791,-0.995370762904483,0.096109543516492
1848,-108.241255764801,-5.77797546464246,-0.995598690167377,0.093718984933699
1849,-107.470111396384,-5.60561568021815,-0.995700078114323,0.092635600301023
1850,-106.692048646954,-5.43988539009386,-0.995757478418283,0.092016542936921
1851,-105.898652897499,-5.25516169620619,-0.995650201201567,0.093170149979915
1852,-105.223403819501,-5.09147468317803,-0.995641376884264,0.093264401761913
1853,-104.291009753854,-4.87832954168736,-0.995641090832278,0.093267455451035
1854,-103.516423762642,-4.69540420056474,-0.995650902987636,0.093162650133546
1855,-102.716168588781,-4.50968152452054,-0.995636054721301,0.093321200908487
1856,-101.915616296527,-4.32599650008757,-0.995635670075678,0.093325304569323
1857,-101.156575951402,-4.14816962477596,-0.995641621055392,0.093261795083473
1858,-100.36570502847,-3.969560462267,-0.995640446355363,0.093274335062195
1859,-99.6112320386176,-3.79573751386558,-0.995649629931157,0.093176254582108
1860,-98.8538724878464,-3.60627322860595,-0.995639467857756,0.093284779272531
1861,-98.0725839326898,-3.43847775277087,-0.995645250899203,0.093223035575246
1862,-97.3067255570058,-3.26205688959609,-0.995659371543493,0.093072100318064
1863,-96.5271742475415,-3.08244868114071,-0.995676294140274,0.092890889150071
1864,-95.7475003509475,-2.89537319865394,-0.995688703334197,0.092757781628634
1865,-94.9654983172046,-2.71850495283849,-0.995704250269053,0.092590744657034
1866,-94.1714983500165,-2.54293907705442,-0.995723298735344,0.092385671809026
1867,-93.4129417328671,-2.3732782397889,-0.995749535490934,0.092102456913971
1868,-92.5915697229557,-2.1969657713417,-0.995785409489399,0.091713784394877
1869,-91.7974636646513,-2.01711473903812,-0.99580291413157,0.091523528161198
1870,-91.0118114908699,-1.84115601979387,-0.995829684489251,0.091231789909209
1871,-90.2099274806339,-1.67135526734717,-0.995855084797061,0.090954109768824
1872,-89.4231718707267,-1.49202903555391,-0.995700753371262,0.092628341968866
1873,-88.6165890185086,-1.3076001242705,-0.995539083944529,0.094350052140357
1874,-87.8220758774475,-1.12456955323862,-0.995441294608306,0.095376249604078
1875,-87.0343726143063,-0.9271192400026,-0.995457720904874,0.095204652674512
1876,-86.2347688682788,-0.746297671291979,-0.9954659733767,0.095118325517109
1877,-85.461029349991,-0.557737741241186,-0.995510989083031,0.094646027993393
1878,-84.6218194938212,-0.358448774280573,-0.995513360580441,0.09462108066301
1879,-83.8290089628768,-0.17556998335153,-0.995467104897789,0.095106482778067
1880,-83.0309951671513,0.000387784059258,-0.995277562863847,0.097069937981851
1881,-82.2263483609043,0.181844345959428,-0.995084468000477,0.099029801293386
1882,-81.4351567453903,0.36911252817071,-0.994946696105363,0.100404541276884
1883,-80.6354839107094,0.559911757771267,-0.994948943715719,0.100382266357038
1884,-79.8339593704692,0.764412076266523,-0.994970262049593,0.100170742419957
1885,-79.0374060609075,0.961999061857645,-0.995001566829228,0.099859311070034
1886,-78.2416260669827,1.14535373108963,-0.995051269574466,0.099362824628953
1887,-77.4647426135242,1.34001217976666,-0.995078852641613,0.099086210067049
1888,-76.6422738711077,1.5414802785386,-0.995115408593416,0.098718405477191
1889,-75.8295946209777,1.73483759605775,-0.995154775669163,0.098320763131997
1890,-75.0309049935349,1.92476856722272,-0.995210746017825,0.097752601042855
1891,-74.230764657877,2.11716052842937,-0.995286796891714,0.096975212982663
1892,-73.4317716341217,2.31134307328031,-0.995327643360062,0.096555074249391
1893,-72.6192940639296,2.51414946778043,-0.99537018522278,0.096115526162888
1894,-71.8006833096458,2.70897826055378,-0.995424077057756,0.095555778546955
1895,-70.9992763826898,2.89736519243882,-0.995474469655998,0.095029365267316
1896,-70.193036312282,3.08572959792747,-0.995539408931636,0.094346622960492
1897,-69.4125888455832,3.27004976255142,-0.995587103993152,0.093841986139087
1898,-68.5862633734148,3.4636080191262,-0.99564465946395,0.093229352035258
1899,-67.7756512788882,3.65642692222259,-0.995700930212149,0.092626441012601
1900,-66.9760604499962,3.83222544967376,-0.995776478097213,0.091810705630173
1901,-66.1772129510311,4.01128918993221,-0.99581981093499,0.0913394993932
1902,-65.3786485237221,4.20657726697217,-0.995744633914342,0.09215543408174
1903,-64.6082723990044,4.38642475281608,-0.995486253537083,0.094905842911293
1904,-63.8662293878052,4.55011196720795,-0.995311317250198,0.096723222411556
1905,-63.13122937263,4.7235060399553,-0.99514370394942,0.098432761262852
1906,-62.3812741004966,4.90626511978048,-0.995065239255601,0.099222828145511
1907,-61.651177956835,5.08075072680949,-0.995007315886653,0.099802010661299
1908,-60.8887492889848,5.27077062080545,-0.994972137867937,0.100152108647328
1909,-60.1438366335352,5.46002000008348,-0.994948179849566,0.100389837204947
1910,-59.3975142701247,5.63572474215626,-0.995030403226383,0.099571565495082
1911,-58.6400494124954,5.81953335789477,-0.995094616470609,0.098927773002383
1912,-57.889055884131,6.01733109166655,-0.995148281833971,0.098386468393249
1913,-57.1227675739505,6.20524963313658,-0.995223596133667,0.097621686621219
1914,-56.358713325034,6.38637230008183,-0.995256935839708,0.097281198918168
1915,-55.5901177829819,6.57558070783138,-0.995265407822934,0.097194485394232
1916,-54.8190850549454,6.77156972889275,-0.995138459363886,0.098485768996702
1917,-54.0676833256737,6.95315484839511,-0.994719903741529,0.102627058325
1918,-53.262324170662,7.13562304165878,-0.994324206124326,0.106392542573378
1919,-52.5014263240177,7.34783332330609,-0.994192313062445,0.107618049822253
1920,-51.7509696039491,7.55089930152866,-0.994213800318149,0.107419361648373
1921,-51.0000025187463,7.74380460165832,-0.994289335005593,0.10671793801482
1922,-50.255123742954,7.93139781058144,-0.994365527998708,0.106005644792391
1923,-49.5072860979762,8.14215127201367,-0.99444334025339,0.105273182841979
1924,-48.7351615611867,8.32352618314717,-0.994522494561361,0.10452276216905
1925,-47.9623475237271,8.52054856703717,-0.994596596678214,0.103815268029871
1926,-47.1934973911095,8.7321618871105,-0.994643072864793,0.103369035992808
1927,-46.442314071516,8.91357805303429,-0.994698313010568,0.102836112790835
1928,-45.6576121869667,9.11904143532843,-0.994754994533449,0.102286366886104
1929,-44.8715397158988,9.31223995147587,-0.994841329052757,0.101443235400611
1930,-44.0867108577702,9.51503444482222,-0.994856225174516,0.101297044534932
1931,-43.3049938391288,9.72953221323971,-0.994551210590758,0.104249170320242
1932,-42.5180375171981,9.92463418574176,-0.99441800144124,0.105512266630997
1933,-41.7280074632068,10.1295034099635,-0.994452324830377,0.105188277100912
1934,-40.9369920474593,10.3343326403538,-0.99453421578422,0.104411175812102
1935,-40.1583162728368,10.5297044002538,-0.994597839798551,0.103803357691629
1936,-39.3810659685346,10.730692391594,-0.994679839970293,0.103014639526
1937,-38.6075831240814,10.9217642119041,-0.99475500996151,0.102286216845068
1938,-37.808066350972,11.1266967481724,-0.994833086630877,0.101524035304367
1939,-37.0186756075942,11.3358008999161,-0.99489707640472,0.100895031400667
1940,-36.2287127734348,11.5350690919319,-0.99498260303445,0.100048086732278
1941,-35.4289540382054,11.7222913288963,-0.995055284487197,0.099322609782984
1942,-34.6325101936261,11.9166002345099,-0.995133182950267,0.098539069364748
1943,-33.8481327535954,12.1093832279586,-0.995207547389261,0.097785160527826
1944,-33.0525896748532,12.3017773177933,-0.995283437837006,0.097009681822743
1945,-32.2688528991633,12.5029048789187,-0.995358789985245,0.096233461951182
1946,-31.4632399807361,12.6945531995968,-0.995443351759956,0.095354776686351
1947,-30.6928607725733,12.872837416245,-0.995531125548383,0.094433987866501
1948,-29.8802058105202,13.0643982359996,-0.995624149971304,0.093448124614241
1949,-29.0933103144664,13.2431448563387,-0.995715153853974,0.092473414479824
1950,-28.297739980777,13.4246349123766,-0.995793925151236,0.091621278270362
1951,-27.5035590732277,13.6038735862813,-0.995867546533913,0.090817563062019
1952,-26.7073514326336,13.7899100680159,-0.995934675435498,0.090078422861358
1953,-25.9150793594333,13.9685624221917,-0.996004780590348,0.08929992744215
1954,-25.1158731072706,14.1494129132225,-0.996088021265202,0.088366588097394
1955,-24.3253591469398,14.3359995640996,-0.996177610295369,0.087350837123676
1956,-23.5372294476154,14.5204812481501,-0.996295941912739,0.08599067465841
1957,-22.7809204447044,14.6933812734367,-0.996380164348485,0.085009223575364
1958,-21.9615079378396,14.8577241441572,-0.996515045762305,0.083413209801268
1959,-21.1808409737927,15.0379344727404,-0.99640988588005,0.084660140092646
1960,-20.3893272063383,15.2073909808417,-0.996214638922524,0.086927516911884
1961,-19.5902324575589,15.3703512419695,-0.996035515859251,0.088956456466046
1962,-18.8087571588328,15.5496387951108,-0.995791887354649,0.091643423542911
1963,-18.0276445961616,15.7336272080775,-0.995370796760038,0.096109192886462
1964,-17.2473695602288,15.9107950583293,-0.994875229848862,0.10111022219921
1965,-16.4548969402366,16.1107485082548,-0.994367779473924,0.105984523134741
1966,-15.6760721423102,16.3210976431861,-0.994011354041816,0.109276841260883
1967,-14.9207291851452,16.5177317464606,-0.994036656535319,0.109046437191153
1968,-14.1154814697144,16.7315692094275,-0.994082519353553,0.108627550445056
1969,-13.3405430707067,16.9370582691097,-0.994199595606296,0.107550751258551
1970,-12.5617490751544,17.1329342527031,-0.994241240404582,0.107165087032847
1971,-11.7825942090013,17.3416449667566,-0.994093128993737,0.108530414573249
1972,-11.0052311507764,17.534288316842,-0.994156661190239,0.107946899034095
1973,-10.2361900337702,17.7493959764661,-0.994223292978739,0.107331466488221
1974,-9.46105576889655,17.9604178742027,-0.994299083801807,0.106627069503417
1975,-8.67955708183512,18.1662744811829,-0.994359580965775,0.106061414951758
1976,-7.90490935510278,18.3747251932933,-0.994389276005664,0.105782643968333
1977,-7.11710085618256,18.588333566988,-0.994403149930987,0.105652143410967
1978,-6.34279504272627,18.8057937963568,-0.994414030239482,0.105549687175615
1979,-5.55912065347266,19.0012228966451,-0.994434163386394,0.105359834329794
1980,-4.77932296651141,19.201891192967,-0.994426708207575,0.105430175962324
1981,-4.00833479536007,19.4145295423129,-0.994363178139338,0.106027684878226
1982,-3.23048560439732,19.6161668605328,-0.99428789477053,0.106731355808815
1983,-2.44830307888578,19.8170774967284,-0.99414528439979,0.10805162426202
1984,-1.66864256807665,20.0269794851715,-0.993700357430532,0.112069619622951
1985,-0.88997131070652,20.2352811628943,-0.993242544178022,0.116057091273085
1986,-0.126556424855009,20.4501848574138,-0.992857533025346,0.119305989433996
1987,0.619712464677782,20.6770965681626,-0.992811657628829,0.119687144156323
1988,1.41152298410447,20.9151735971063,-0.992864338416599,0.119249341719648
1989,2.17978982469812,21.1403645459295,-0.99297048110658,0.11836225602348
1990,2.9655447890761,21.3549225752972,-0.993053706040035,0.117661960378673
1991,3.73455094589674,21.5725507462607,-0.993137852075837,0.116949590739743
1992,4.50496300982062,21.7995920685199,-0.993229109477512,0.116172010770701
1993,5.2794948721534,22.0335867561363,-0.993326011126677,0.115340520283048
1994,6.05543702991343,22.2595985344706,-0.993412822897279,0.114590415407481
1995,6.82116001580782,22.465211434827,-0.993497627850522,0.113852814876862
1996,7.59081740825643,22.6869775884723,-0.99357066486392,0.113213664907856
1997,8.3518971507459,22.9032672204881,-0.993632549312537,0.112669236913492
1998,9.14523391983948,23.1192432229814,-0.993713996879744,0.111948615021728
1999,9.92136867132645,23.3333496801561,-0.993808081678593,0.111110291108944
2000,10.6949413508267,23.5518749700077,-0.993914981832052,0.110149938219644
2001,11.4656930473539,23.7711960020854,-0.993993542128714,0.109438741798383
2002,12.2501920296207,23.9740013025821,-0.994053117674405,0.108896277446917
2003,13.0237133297402,24.1863022705987,-0.994131562905191,0.108177796407965
2004,13.7951852450157,24.4052898013394,-0.99421725918956,0.107387343433013
2005,14.5846324287817,24.6031593949949,-0.994292430358668,0.106689094716623
2006,15.3657956963982,24.7968728666608,-0.994202366791085,0.107525131327539
2007,16.1146771049296,25.0129370834354,-0.994084537795113,0.108609077505876
2008,16.9083666668473,25.2391810395271,-0.994077710355989,0.108671549972361
2009,17.686340864802,25.4429618277365,-0.994097525481086,0.108490137028124
2010,18.4649799852153,25.6530451184471,-0.993730657216856,0.111800630174229
2011,19.2398728346749,25.8671774032013,-0.99325172975217,0.115978452069003
2012,20.0118756948155,26.0913211253918,-0.993021064882299,0.117937121806597
2013,20.7822015204528,26.3280901877043,-0.993008094469149,0.118046280410478
2014,21.5517514403339,26.5528646754128,-0.992954412894959,0.118496978494929
2015,22.3186947971919,26.7661658982173,-0.992782837024934,0.119925970951765
2016,23.0843747642667,26.9900811253445,-0.992502974099265,0.122220482751928
2017,23.8311515999478,27.2148368305995,-0.992212496980579,0.124556657130657
2018,24.6262668186529,27.4554432912356,-0.991900707633401,0.127015692716919
2019,25.3963111690914,27.689139261357,-0.991586095483787,0.129448890467313
2020,26.1656490766246,27.9358386959256,-0.991277117170803,0.131794070327701
2021,26.9357127731739,28.174445096232,-0.990974632011945,0.134049538263995
2022,27.7054336368664,28.4188445829961,-0.990748232874539,0.135712707791049
2023,28.4632181181045,28.6737794120075,-0.990420073786514,0.138087209547867
2024,29.2274658367312,28.9166229888041,-0.990111724896146,0.140281047270034
2025,29.9938550999027,29.1714188042571,-0.98978041363848,0.142599904549897
2026,30.7509993106974,29.4416502195996,-0.989431308488607,0.145002364748041
2027,31.4888178467365,29.6926733949949,-0.989097015810468,0.147265383966587
2028,32.2708788977549,29.959290832309,-0.988772809551312,0.149426674633434
2029,33.01693451664,30.2364331816521,-0.988377960020858,0.152016473268551
2030,33.7694777386228,30.522226534446,-0.988009909500023,0.154390474867321
2031,34.522598078421,30.7949258906744,-0.987704144170433,0.156334652551992
2032,35.2765803087878,31.0810202001762,-0.98740560034028,0.158209293079301
2033,36.0200347665237,31.3606409075964,-0.987161662263203,0.159724301713142
2034,36.7744729616901,31.6436427031568,-0.987211497236716,0.159415995821125
2035,37.5139746332966,31.9421991144876,-0.987291075225349,0.158922411196076
2036,38.2642618459168,32.2301122354625,-0.987405040150638,0.158212789259017
2037,38.9932913941119,32.5023956231306,-0.987538204466662,0.157379460917747
2038,39.7648562129041,32.7958724136687,-0.987671506660702,0.156540713332281
2039,40.5177549230092,33.0770872506722,-0.98781108768048,0.155657492770205
2040,41.2781318256977,33.3618348456399,-0.987926820891988,0.154921259232712
2041,42.0319614073746,33.6486734768254,-0.988004150243958,0.154427326275871
2042,42.7844310391299,33.9362763548863,-0.987723954427356,0.156209442257461
2043,43.5395221036083,34.2182730533483,-0.9873633354045,0.158472849090629
2044,44.2999540385481,34.5013395200098,-0.987258750693802,0.159123094422252
2045,45.0416314542734,34.7928270807494,-0.987349241008236,0.158560639127307
2046,45.7945728907417,35.0724820539401,-0.987457156224354,0.157887189541492
2047,46.5250879378939,35.3417625552394,-0.987499228905262,0.15762383357701
2048,47.3116742656145,35.6349621873449,-0.987090508440157,0.160163441981474
2049,48.0643420702008,35.9154699731531,-0.986628215698124,0.16298700558123
2050,48.8084459163547,36.2164856592309,-0.986100398043376,0.166150549137506
2051,49.559499114919,36.5197339922524,-0.985751157008548,0.16821015562774
2052,50.30148515916,36.8135555995554,-0.985628134760123,0.168929511836392
2053,51.0522713833571,37.1214244160808,-0.985704953749731,0.168480693710709
2054,51.783042370525,37.42961625171,-0.985779762671652,0.168042433650022
2055,52.5393869824174,37.7272679944366,-0.985896085140296,0.16735862483015
2056,53.2858632993201,38.0240244462008,-0.985930766057258,0.167154193910139
2057,53.9999680108285,38.3099807302953,-0.985884911106578,0.167424436843537
2058,54.7670713942404,38.6175030036796,-0.985867188064842,0.167528766177998
2059,55.5281075482582,38.9213795971295,-0.985848662308435,0.167637749402302
2060,56.2589257040504,39.2013993765637,-0.985842529978288,0.167673808586818
2061,56.9884960348939,39.5037499650877,-0.9855363549731,0.16946413492635
2062,57.7275307345215,39.8062376661674,-0.985178036090484,0.171534944559109
2063,58.484597315913,40.1066795890911,-0.98487973489656,0.17323945217554
2064,59.2235328380042,40.4028687489461,-0.984629388149958,0.174656714704703
2065,59.9418473975748,40.71133941297,-0.984410948308712,0.175883725369753
2066,60.6802392830361,41.0140865804464,-0.984213777976954,0.176983725919448
2067,61.4147548854505,41.3282945406076,-0.984027524281936,0.17801637973952
2068,62.1374416414509,41.6344263999491,-0.983748804103127,0.179550244849924
2069,62.8573637000994,41.9321269489908,-0.983488814613452,0.180968924211391
2070,63.6009896143078,42.2569646573361,-0.983206378627833,0.182497169911047
2071,64.3281298599979,42.5741764682902,-0.982943638945647,0.183907048957588
2072,65.0800943720522,42.8817298224732,-0.982792146407137,0.184714907250205
2073,65.7873162121797,43.1947974488537,-0.982736080349653,0.185012962732347
2074,66.4960445178594,43.511121742205,-0.982870523373301,0.184297407154558
2075,67.2182071436042,43.8331765599001,-0.98300807278831,0.18356232955869
2076,67.9431212208743,44.1476718435372,-0.983160798420722,0.182742563319905
2077,68.6495155589259,44.455648101512,-0.983318975729532,0.181889504838033
2078,69.378961519442,44.7762565296461,-0.983463249007716,0.181107807261825
2079,70.1002827487252,45.0838986027177,-0.983594701228825,0.180392526770313
2080,70.8273936838518,45.3953181816779,-0.983465036153563,0.181098102318799
2081,71.5311825876777,45.7083587926552,-0.983114267827982,0.182992722240671
2082,72.2498035995386,46.0078910661202,-0.982753764759646,0.184919003487316
2083,72.9678481190429,46.3186002347559,-0.982464580073656,0.186449319925535
2084,73.6669176546911,46.6410273537429,-0.982065843944205,0.18853826709227
2085,74.3667666983607,46.9563361084515,-0.98165705229338,0.190655269223467
2086,75.0693960482612,47.2667434888468,-0.98120801596348,0.192952920187832
2087,75.7518428662136,47.5871804224321,-0.980791433578928,0.195059385363
2088,76.4478181947695,47.9007319172672,-0.980403034147447,0.197002260480633
2089,77.1417181401747,48.2106319059799,-0.979973766196208,0.199126637010771
2090,77.8309745838202,48.5416227391002,-0.979519491133327,0.201349364264974
2091,78.5272028607359,48.8656077330551,-0.979444469277971,0.201713984643588
2092,79.2237310189019,49.1861892378549,-0.979601636613903,0.200949330786056
2093,79.9048106327021,49.5116351480011,-0.979714434208065,0.200398671164183
2094,80.5878253442965,49.8427587265048,-0.979774958247224,0.200102551687007
2095,81.2774315301916,50.1713860911187,-0.979835841453046,0.199804213679296
2096,81.9729900544835,50.4901966782491,-0.979859055787521,0.199690337250423
2097,82.6395617828392,50.8164884861863,-0.979856096335515,0.199704858413928
2098,83.3453270889429,51.1527732031161,-0.979768229553738,0.200135494995599
2099,84.0422610756677,51.4821864295242,-0.979685265789211,0.200541217697321
2100,84.7229813639882,51.8172994875277,-0.979156977191448,0.203104933512965
2101,85.4081867550323,52.1529155362287,-0.978567823586986,0.20592477908263
2102,86.1065604516705,52.4873067123022,-0.978030969159283,0.208459644452719
2103,86.7885735551283,52.8279196307951,-0.977506899665008,0.210903440245302
2104,87.4753585362787,53.1758826368988,-0.976977652209132,0.21334166748184
2105,88.1661255250541,53.5204567960172,-0.976422782203677,0.215866973837198
2106,88.8178723013338,53.858221993415,-0.97584403894234,0.218468331024662
2107,89.4313092553891,54.1867315560937,-0.975134495220134,0.22161388997934
2108,90.0193561487753,54.4936908527672,-0.974424164649313,0.224716593395968
2109,90.6034558931822,54.7963108700938,-0.973713277006099,0.22777720294631
2110,91.1877735339981,55.1226977436167,-0.972957213974427,0.230985410307927
2111,91.7427978388907,55.4375908933001,-0.972193388295612,0.234179452032618
2112,92.3044674820405,55.7461806290127,-0.971425092803922,0.237346348341178
2113,92.8560329898502,56.0643866318701,-0.970688055708158,0.240342876960221
2114,93.4067044670816,56.3867059547088,-0.969847937879724,0.243710847912947
2115,93.9474012878921,56.7082515926596,-0.969058965937211,0.246829334838272
2116,94.4802612234467,57.0301459947085,-0.968289314951437,0.249831548349835
2117,94.9881813846078,57.3418165994496,-0.967477087601328,0.252958662564563
2118,95.5063568896282,57.6477739018761,-0.966576565995115,0.256378123226402
2119,95.9922774023267,57.960840756469,-0.965497204219004,0.260413418712031
2120,96.4738164399147,58.2724378979513,-0.96422241373397,0.26509458095751
2121,96.940699781845,58.579903257646,-0.962992189318677,0.269529299541294
2122,97.4068877094346,58.8974668872998,-0.961833695460071,0.27363468763595
2123,97.8538967067092,59.2037942442514,-0.960720529667703,0.277517682094326
2124,98.2945204015915,59.4997658048214,-0.959517009059498,0.28165068671231
2125,98.7233477069193,59.7944343674335,-0.958221590817477,0.286026891902183
2126,99.1376844788032,60.0899932154356,-0.956716914682756,0.291020179987417
2127,99.5221962555378,60.3835382202525,-0.955354435077219,0.295462186037889
2128,99.9183729653791,60.6812563628453,-0.954266212473984,0.298958183916341
2129,100.309913540006,60.9843356201869,-0.954209367012615,0.299139572616838
2130,100.685627205136,61.2604537657225,-0.954239577047332,0.299043190185849
2131,101.036773638068,61.5139837137478,-0.954326188415793,0.29876667502214
2132,101.34998565084,61.7509149141466,-0.954473049332671,0.298297164079032
2133,101.598144197151,61.9587249525129,-0.954431178114773,0.298431108034076
2134,105.023448670983,64.6406258010339,-0.937128886551242,0.348983452317198
2135,105.265608273676,64.8778517716795,-0.934724434357661,0.355373369591407
2136,105.523774765616,65.1050775409173,-0.932413533594061,0.361393141012162
2137,105.783411948455,65.3536540268449,-0.929984230399759,0.367599416767449
2138,106.040408964645,65.6282830722129,-0.927946391712283,0.372713689188033
2139,106.302201457724,65.9128965817981,-0.926695653374894,0.375812674102508
2140,106.567054912943,66.2153285969495,-0.925656366145553,0.378365288860129
2141,106.841794440562,66.4933731807332,-0.92468251305947,0.380739083943351
2142,107.131897694156,66.7920599405689,-0.923079724697553,0.384608660656895
2143,107.41337428401,67.1072636341885,-0.920478337937158,0.39079358923663
2144,107.710250207826,67.4196774611891,-0.917205341486804,0.398414810904509
2145,108.002314656876,67.7573956189653,-0.914342794560153,0.404941050075106
2146,108.294711819877,68.1047512220103,-0.912334874101937,0.409444840604206
2147,108.59639446733,68.4843626727671,-0.911543721214329,0.411203166712921
2148,108.898749234309,68.867306540457,-0.911070559824718,0.412250451813791
2149,109.208496919923,69.2528539007651,-0.910586006161801,0.41331964069265
2150,109.526338755382,69.6423731145814,-0.910065390171521,0.414464697666711
2151,109.847334418958,70.050269852893,-0.90952184347167,0.415656127403284
2152,110.177093316236,70.4477848173445,-0.908980841295871,0.416837894339095
2153,110.515834930188,70.8733919416098,-0.908564469709226,0.417744664097571
2154,110.846175695987,71.2952994321163,-0.9093123785904,0.416114164794073
2155,111.194499165687,71.749834475022,-0.911435306950842,0.411443411957737
2156,111.543757779436,72.1858209253967,-0.915243968613473,0.402900084284752
2157,111.919784751893,72.6307326494681,-0.920623418540285,0.390451688733957
2158,112.299158378867,73.0618951657954,-0.927181661730267,0.374612020831021
2159,112.68995530504,73.4961985725489,-0.933162260397859,0.359455415551301
2160,113.116429596525,73.9159079214676,-0.938077257683619,0.346426122884493
2161,113.569076864584,74.3238910142931,-0.941533283338019,0.336919985110306
2162,114.046827293926,74.7340299826099,-0.944391109784054,0.328824317471871
2163,114.538267027772,75.1567077656791,-0.94743352856131,0.319952666745982
2164,115.025726262486,75.5753792393127,-0.951333561165687,0.308163033798365
2165,115.530361411473,75.9929147228361,-0.955090315164106,0.296314849239332
2166,116.047766873486,76.3671972468051,-0.958827501262592,0.283989124479325
2167,116.607124219922,76.7514061106828,-0.962204482399938,0.272327989838479
2168,117.179280356157,77.1565362077954,-0.965414700531179,0.260719113220135
2169,117.781665329476,77.5515331786045,-0.968515251293719,0.248954228747906
2170,118.38907609741,77.922702641055,-0.971534990490259,0.236896100122168
2171,119.003307100793,78.2640162350233,-0.974258038035716,0.225435745441574
2172,119.640753258425,78.6102770916831,-0.976929053262239,0.213564100195108
2173,120.307270249146,78.9594319012845,-0.97932838256748,0.202276837768844
2174,120.979329947249,79.2856940043819,-0.981592323407827,0.190988247352615
2175,121.675806817147,79.5882780996568,-0.983760371976877,0.179486853356776
2176,122.376199186209,79.8800988799534,-0.985705910045381,0.168475098758266
2177,123.100306291421,80.171433126259,-0.986971073098999,0.160897796336093
2178,123.856557980527,80.4485505464261,-0.987537103379193,0.157386369960787
2179,124.603563237465,80.7134149317618,-0.987714284698859,0.156270572411512
2180,125.335177853676,80.9852277021593,-0.987822213536877,0.155586871049919
2181,126.046494613823,81.2494787590292,-0.987909125670524,0.155034058893199
2182,126.723147757049,81.4947962387968,-0.988005560452814,0.154418303689427
2183,127.363922509067,81.7289530554493,-0.988076196888511,0.153965675208265
2184,127.974638449617,81.9467881739746,-0.988109414365656,0.153752350362393
2185,128.588649829597,82.1633144059767,-0.98818945659961,0.153237064267647
2186,129.156667095577,82.3720631665776,-0.98820460133101,0.153139367597685
2187,129.771819860993,82.5919502301501,-0.988283616581225,0.152628611987186
2188,130.367480030025,82.7991219746687,-0.988369668478483,0.152070373287285
2189,130.984253954121,83.0205718321151,-0.98841286491923,0.15178935556277
2190,131.604943591261,83.2499246033849,-0.988469250033981,0.151421734692411
2191,132.21456137056,83.4720214088692,-0.988522263134359,0.151075263652677
2192,132.825236511842,83.6899813452778,-0.988592803630271,0.15061297623525
2193,133.419061042948,83.9039184058651,-0.988335259713205,0.15229384231686
2194,134.010667769509,84.1066581376493,-0.987913817854652,0.155004156369584
2195,134.586012875199,84.3359567952407,-0.987445953563755,0.157957237221241
2196,135.134509851292,84.544018947549,-0.987080382335271,0.160225836895472
2197,135.734940812668,84.7608919085373,-0.986697748643257,0.162565533931178
2198,136.317881905297,84.9771053570567,-0.986310258496451,0.164900194010388
2199,136.909035606773,85.2130262558127,-0.985829981465394,0.167747571201317
2200,137.518739688575,85.4548352545075,-0.985312112787195,0.170763111926535
2201,138.134681815366,85.7062955456716,-0.98475088493807,0.173970384300572
2202,138.758269369856,85.9647457548518,-0.983768411505293,0.179442783427903
2203,139.384664511326,86.213864334896,-0.982754043178779,0.184917523820113
2204,140.006102873277,86.4812065974213,-0.981685681984412,0.190507799805676
2205,140.618484794764,86.7594019537471,-0.980503746266908,0.19650039072877
2206,141.206209349592,87.049404516308,-0.979474811235615,0.201566599800059
2207,141.831485458582,87.3420328641829,-0.979367429180203,0.202087700419792
2208,142.429668377643,87.6299180013704,-0.979400389063523,0.201927902733178
2209,143.030602943864,87.9292617224255,-0.979450097697926,0.20168665330042
2210,143.622108552463,88.2120336853341,-0.979537330186642,0.201262561771495
2211,144.233312926445,88.4929468175902,-0.979587255524176,0.201019423973437
2212,144.819268880404,88.7763514791373,-0.979549548723298,0.201203085453439
2213,145.396665016128,89.0608285708841,-0.978500987443991,0.20624213335576
2214,145.967885017489,89.3229474308187,-0.97726381722743,0.212026959460519
2215,146.515702120079,89.6056436996148,-0.975900147057125,0.218217558812031
2216,147.007758992626,89.8663192828464,-0.974542646866008,0.224202206589043
2217,147.488784552025,90.1180452883646,-0.97321495225741,0.22989705675064
2218,147.94492759465,90.3652011430771,-0.97184021896484,0.235640804620873
2219,148.389780127027,90.6222198195524,-0.970509251049251,0.241063878728901
2220,148.836555528676,90.8737907360217,-0.969022466145442,0.246972589785601
2221,149.283747300028,91.1416964332288,-0.967719271483557,0.252030576715075
2222,149.726047014751,91.425086369337,-0.967040527297528,0.254622502077327
2223,150.197989320347,91.7237876028729,-0.966666083627794,0.256040392836177
2224,150.739095759608,92.0584831891348,-0.966725278337444,0.255816802074045
2225,151.177572402062,92.3324887799138,-0.966323096441472,0.257331834959778
2226,151.612533699622,92.5931624964052,-0.965231178663964,0.261397727103689
2227,152.060614776833,92.8722508782224,-0.964112906853434,0.265492566447015
2228,152.466649253872,93.152410871936,-0.963110081335323,0.269107731643421
2229,152.887298998083,93.4379693853356,-0.962275770140657,0.272075986077795
2230,153.317465454058,93.7253650783561,-0.961405023200001,0.275137022891876
2231,153.751573624728,94.0119796964142,-0.960418654883437,0.278560599065786
2232,154.202661714955,94.3216677381211,-0.959404625847695,0.2820332673676
2233,154.651061610941,94.6419764001036,-0.958438378595513,0.285299622213566
2234,155.11543474669,94.9618131651197,-0.957577901999243,0.288174533230693
2235,155.578549755502,95.2990516726686,-0.956676974165094,0.291151450455463
2236,156.046327323423,95.6461197792954,-0.95570294476213,0.294332943064471
2237,156.544965428971,96.0082997995133,-0.954763076597403,0.297367563070119
2238,157.04604866262,96.3791598863474,-0.953716880757997,0.300706021484834
2239,157.542317559732,96.7452837637671,-0.95274626328565,0.303767275714866
2240,158.028180749961,97.1134946126823,-0.952223099571466,0.305403288526024
2241,158.48594573603,97.4848148788476,-0.952178459954173,0.305542436331355
2242,158.942310932017,97.8360483439793,-0.952310909724098,0.305129368007181
2243,159.392696496549,98.1842317187723,-0.952461474488683,0.304659054706804
2244,159.831962995796,98.5255178542023,-0.952595054221694,0.304241125872831
2245,160.274240183142,98.8785769042666,-0.95276376941096,0.303712363426019
2246,160.72206072827,99.2083679483275,-0.952851677137066,0.303436453606154
2247,161.19621832722,99.5692895792996,-0.952981293164518,0.303029132062386
2248,161.67907001005,99.9231230786208,-0.953129816804912,0.302561650440758
2249,162.165699052463,100.299831484549,-0.953074502024418,0.302735847878818
2250,162.661583088164,100.688558895827,-0.952324784151367,0.305086062433296
2251,163.173047714052,101.06511984375,-0.9519307083012,0.306313445008826
2252,163.691428813329,101.463251953184,-0.951467177682307,0.307750239306594
2253,164.194098489584,101.880721808276,-0.951252356525052,0.308413608982379
2254,164.711769660093,102.288358354687,-0.950560608663107,0.310539094572687
2255,165.241501079162,102.696174616696,-0.949678422020387,0.313226586912523
2256,165.738509095327,103.080241703024,-0.948418855667203,0.317019990244956
2257,166.260328946057,103.51261760332,-0.947232443768067,0.320547496438789
2258,166.762916424445,103.934594715452,-0.946808645295849,0.321797124277143
2259,167.261839852926,104.350759645121,-0.946774760006456,0.321896806157994
2260,167.754051945845,104.784099359371,-0.946884358710966,0.321574270159357
2261,168.270676286601,105.217085444396,-0.946926563531066,0.321449970103042
2262,168.820435344215,105.651255528152,-0.947069999193323,0.321027127557719
2263,169.368648736817,106.101741836723,-0.947265049848546,0.320451127842346
2264,169.915945802593,106.559697796813,-0.947326097733895,0.320270611440185
2265,170.466287661556,107.034274785761,-0.947450353875915,0.319902839844231
2266,171.02923693536,107.496943345891,-0.947614250826591,0.319417018379357
2267,171.595010697844,107.96263037364,-0.947638741622227,0.319344352348123
2268,172.150453677268,108.434227482319,-0.947008324494258,0.321209018146406
2269,172.703488586256,108.902417571651,-0.947098206325604,0.320943900977763
2270,173.244699387496,109.384622211442,-0.947150564608826,0.320789351383712
2271,173.810614101945,109.834084035399,-0.947180991047193,0.320699501401012
2272,174.371724849863,110.304278636309,-0.94685899071527,0.321648957252562
2273,174.920290348768,110.779040761597,-0.946326409735476,0.323212509406992
2274,175.484054498754,111.238922014683,-0.945891343580238,0.324483537548475
2275,176.047411026975,111.697598800604,-0.945206993993279,0.326471650386659
2276,176.576716180927,112.165794985633,-0.944227063805706,0.32929508343863
2277,177.134917357709,112.66172201472,-0.944031713822427,0.329854700281035
2278,177.679266770515,113.13897211516,-0.943957141139456,0.330068047062762
2279,178.239166504451,113.593757101396,-0.943986796686487,0.329983223333528
2280,178.782548729693,114.067278555878,-0.94398787115372,0.329980149576711
2281,179.313985919957,114.55192884717,-0.943937656535906,0.330123765538777
2282,179.873407393851,115.024071705945,-0.943959142734337,0.330062322672939
2283,180.416258938495,115.508225198463,-0.943985114209894,0.32998803637425
2284,180.982813982722,115.985522584145,-0.943985206306689,0.329987772916085
2285,181.550628279776,116.467128359812,-0.943881217397778,0.330285100244755
2286,182.111539023566,116.949512108679,-0.943547642751005,0.331236842544759
2287,182.706102800537,117.471202807643,-0.942583426160337,0.333970784242933
2288,183.304667344521,117.980526374933,-0.941353792240844,0.337421157952169
2289,183.904389876679,118.505141648934,-0.940040289294165,0.341063417129047
2290,184.488622678664,119.042453423781,-0.939514655308175,0.34250870421226
2291,185.078844227153,119.591144218879,-0.939398881065506,0.342826110809657
2292,185.682677910724,120.143529525538,-0.939448188562685,0.342690970126569
2293,186.277152950191,120.687571841778,-0.939470054751239,0.342631020524564
2294,186.871204908581,121.23097911787,-0.939538155851883,0.342444234435977
2295,187.472463874762,121.781812928236,-0.939586649126467,0.342311157842245
2296,188.05716757739,122.316539948471,-0.939649336616457,0.342139042198127
2297,188.666786237374,122.858301364971,-0.939716598928751,0.341954256732944
2298,189.271084098293,123.410703708142,-0.939728774064901,0.341920796668581
2299,189.868921261183,123.962327987466,-0.939781759949157,0.341775136115641
2300,190.468152405295,124.499394199916,-0.939882836826,0.341497076180617
2301,191.059052462726,125.0425097847,-0.940000071856399,0.341174244206631
2302,191.648310523288,125.585126881792,-0.940163857509846,0.340722645317575
2303,192.23611295949,126.121647021139,-0.940230076393963,0.340539870564671
2304,192.841072675499,126.65498140582,-0.940321592945188,0.340287087385084
2305,193.434561799444,127.194535740648,-0.940154446309558,0.340748612740197
2306,194.013790944186,127.727486274666,-0.939979911430102,0.341229784907265
2307,194.627575130753,128.269581851998,-0.939531065377194,0.342463687405241
2308,195.227439975101,128.805465626412,-0.938195243505538,0.346106464926018
2309,195.811652334751,129.342444715584,-0.936657337671879,0.350247101037864
2310,196.402755854052,129.897127379146,-0.93568448158477,0.352837853583541
2311,196.984472311557,130.458976609494,-0.935685157227543,0.352836061853189
2312,197.564342778587,131.012513886474,-0.935563742555532,0.35315787350063
2313,198.150348574378,131.565851698854,-0.935397936017998,0.353596806112936
2314,198.7249661302,132.12817702312,-0.935070893872951,0.354460750199003
2315,199.31153500061,132.689108173891,-0.934524054915338,0.355899973004486
2316,199.896602268693,133.23855205594,-0.933898553693052,0.357538097844167
2317,200.462104843304,133.804235210888,-0.93320116556008,0.359354399718868
2318,201.043165304816,134.361983201913,-0.932913965686798,0.360099337164805
2319,201.660263414655,134.961835154671,-0.933011832961802,0.359845688529485
2320,202.233116469054,135.526618928419,-0.933075332634603,0.359681002596502
2321,202.804080466502,136.086269245102,-0.93316545914311,0.359447111356079
2322,203.365009728162,136.646607078222,-0.933243199394462,0.359245223745548
2323,203.930671041169,137.210530222325,-0.933365154531777,0.358928249523315
2324,204.496306524088,137.775301227947,-0.934498874383454,0.355966085148653
2325,205.074252190177,138.335208313515,-0.935468361465009,0.353410447918524
2326,205.659833310156,138.88823957828,-0.935699450448457,0.352798155367138
2327,206.24030313425,139.438739773308,-0.935852121786359,0.352392971195468
2328,206.817139542277,139.984786200214,-0.93600774634644,0.351979401072647
2329,207.395452622899,140.533815952758,-0.936117347281566,0.351687804904468
2330,207.977735577593,141.089111591649,-0.936270337513,0.351280308433725
2331,208.562292929418,141.643783917091,-0.936242231654871,0.351355210102123
2332,209.14471515559,142.194722695145,-0.936286730102159,0.35123661402907
2333,209.723443791556,142.742827395116,-0.936338928910705,0.351097436912253
2334,210.301609234604,143.291117227307,-0.936367775574946,0.35102049636001
2335,210.788166538814,143.725897967886,-0.935626049699409,0.352992769223223
2336,211.360967474319,144.262950337484,-0.934970604733626,0.354725201083934
2337,211.942124356821,144.81583599698,-0.934005979986569,0.3572573713016
2338,212.518954503538,145.364859708432,-0.932232379677903,0.361860180567127
2339,213.093073060583,145.924218570046,-0.929380660504104,0.369122727396939
2340,213.658561151816,146.500655116345,-0.926486564439803,0.376327843658333
2341,214.22266623759,147.079618035388,-0.925147736524814,0.379607251778748
2342,214.776696094171,147.664887784525,-0.925004742533236,0.379955558310471
2343,215.314652738361,148.256607766957,-0.924969162363936,0.380042166970666
2344,215.858352540604,148.852522777082,-0.924328344464106,0.381598102223066
2345,216.42429697918,149.428152878858,-0.921901078761951,0.387425348909376
2346,216.96788571928,150.013270276182,-0.919377594414349,0.393376205290667
2347,217.465667268876,150.611674565578,-0.918270556432122,0.395953513925361
2348,217.971887830721,151.197782172294,-0.918081952922148,0.396390625164944
2349,218.488452820296,151.771655023176,-0.918101992327425,0.396344208591993
2350,218.987535308844,152.363355070388,-0.918101811088629,0.396344628417971
2351,219.484983371951,152.9621760364,-0.918166870884101,0.396193888406799
2352,220.00329222845,153.5503413264,-0.917680982285965,0.397318027215813
2353,220.523489430916,154.142777688385,-0.916837671013832,0.399260172080729
2354,221.036490034051,154.756019856494,-0.915970580127169,0.401245431552184
2355,221.552320733468,155.36364215314,-0.915297141195211,0.40277927369699
2356,222.066606438719,155.960223726115,-0.915093463892847,0.403241803810803
2357,222.578049202203,156.564902184477,-0.915072095946485,0.40329029150242
2358,223.095356783288,157.177108102441,-0.915030889905045,0.403383775726766
2359,223.60986006307,157.791562463607,-0.914649949417639,0.404246793469423
2360,224.132069474609,158.399037928688,-0.912951718613665,0.408067591803558
2361,224.648189156203,159.016469792307,-0.91121749910351,0.411925562847884
2362,225.15046902894,159.638436276809,-0.910629235521173,0.413224388697139
2363,225.654945603891,160.257879193827,-0.910447376297889,0.413624920661569
2364,226.156701445563,160.874082092626,-0.910484339872712,0.413543548911782
2365,226.679571800863,161.485556764006,-0.910334936556087,0.413872327276692
2366,227.190550276398,162.103226852909,-0.909450110919558,0.415813053845599
2367,227.688083035918,162.735456504272,-0.908369114726741,0.418169285589649
2368,228.175157728436,163.370857284319,-0.907425292568547,0.420213443867384
2369,228.668205188676,163.997123921639,-0.907162950120735,0.420779493236357
2370,229.171378087019,164.62581072158,-0.907067982292093,0.420984174881374
2371,229.665810554767,165.255419676633,-0.907006646295885,0.421116306470186
2372,230.172196681629,165.882380497016,-0.906969220758727,0.421196904780066
2373,230.672494505432,166.516812162129,-0.907015620802883,0.421096976502517
2374,231.161877148778,167.157619746816,-0.906926911361992,0.421287998223777
2375,231.648799264801,167.776136822006,-0.906885740873815,0.421376616579222
2376,232.141867735795,168.392242979077,-0.906893269030928,0.421360414118836
2377,232.632551912345,169.011760359152,-0.906946095957836,0.421246696161333
2378,233.119959591393,169.651233934097,-0.906914951373209,0.421313744109696
2379,233.60962638881,170.27578916565,-0.906914390791596,0.421314950808903
2380,234.10344378467,170.889013242423,-0.907000588827926,0.421129352890291
2381,234.601806857481,171.516328968871,-0.907023764760331,0.421079434501373
2382,235.08740849257,172.145060328044,-0.907040703114501,0.421042946614181
2383,235.56814465246,172.763372530298,-0.907056596842232,0.421008705521618
2384,236.043641736103,173.366933126706,-0.907084193202684,0.420949244496099
2385,236.520903541514,173.968126861583,-0.907137056462124,0.420835313149019
2386,236.996238972806,174.566850079041,-0.906845919162776,0.42146231017473
2387,237.484582673513,175.169732799479,-0.906407791917887,0.422403734299947
2388,237.957186162849,175.775520453344,-0.906215298216581,0.422816548018443
2389,238.420649173823,176.370872046388,-0.905912521330897,0.42346487894027
2390,238.883580213298,176.959075187653,-0.905755147703528,0.423801383207466
2391,239.340647831698,177.537342582849,-0.905251358092214,0.42487642753182
2392,239.794200021934,178.11332498374,-0.904424443490453,0.426633831308519
2393,240.231603634707,178.692667197258,-0.903440765417867,0.428712938201284
2394,240.669327003338,179.252809058852,-0.902993627167863,0.429653941322811
2395,241.097137171397,179.825250262086,-0.903021911079934,0.429594492643403
2396,241.521062234023,180.417579739782,-0.902993490956571,0.429654227594779
2397,241.970272224198,181.003547969273,-0.903053536431603,0.429528008793811
2398,242.417408399663,181.579709996626,-0.903084382809438,0.429463150369966
2399,242.861522967606,182.16415823153,-0.903106214649224,0.42941723889703
2400,243.285988696018,182.736937880413,-0.903237891974706,0.429140199120391
2401,243.70332217505,183.293317574477,-0.903306507358022,0.428995750287403
2402,244.116802796001,183.841408080827,-0.902857162198585,0.429940629234685
2403,244.529628729465,184.388232277404,-0.90140708524086,0.432972593448566
2404,244.946160946173,184.9447831441,-0.900665616091676,0.434512885873598
2405,245.354081820654,185.498336103958,-0.90057897667368,0.434692427784735
2406,245.887947836314,186.239789882478,-0.900686408049262,0.434469785319207
2407,246.324198477264,186.818011628166,-0.900710680542763,0.43441946314155
2408,246.75377909412,187.391000955368,-0.900837221356339,0.434156999965438
2409,247.191431038647,187.983967158866,-0.900685123134804,0.434472449027144
2410,247.646447029712,188.584509169895,-0.900144052247861,0.435592338319672
2411,248.101604270289,189.193479130491,-0.899704247250129,0.436500020022999
2412,248.552316017893,189.808294238767,-0.899213929139576,0.437509210921743
2413,249.009737064026,190.41940285229,-0.898735682007445,0.438490791108106
2414,249.463998886422,191.038867141597,-0.898081592569549,0.43982889069244
2415,249.909965983806,191.662547414722,-0.89742486101881,0.441167336534982
2416,250.374879795444,192.302402547191,-0.896906680445797,0.442219862253723
2417,250.846832896064,192.942427479152,-0.896525008847811,0.442993124676255
2418,251.308455941843,193.579763335723,-0.896122548009146,0.443806690969837
2419,251.761811305667,194.236813529609,-0.895636389558196,0.444786980136738
2420,252.215414145079,194.889065518974,-0.895171997343134,0.445720871367613
2421,252.68859538351,195.539357815152,-0.894896635491531,0.446273471971993
2422,253.162149783207,196.19773102947,-0.894697525725209,0.446672517020232
2423,253.628073757646,196.857124914667,-0.894614753300207,0.446838274074201
2424,254.078358758718,197.515596457029,-0.89447589005238,0.447116184134507
2425,254.541509057835,198.162350351387,-0.894370682046818,0.447326595559787
2426,255.015322458119,198.824894851208,-0.89433702973331,0.447393872608691
2427,255.46583202629,199.486855771524,-0.894426589247266,0.447214799003233
2428,255.926447455653,200.153950459858,-0.894551382447776,0.446965126336241
2429,256.391875151732,200.808283228924,-0.894660578994074,0.44674651469708
2430,256.856397737145,201.457800132635,-0.89482354057203,0.446420016619033
2431,257.300142589841,202.136959266517,-0.894915507794715,0.446235625996545
2432,257.770603982052,202.782691215255,-0.894987719785344,0.446090777122134
2433,258.24415910527,203.42969215456,-0.895016081565348,0.446033870619048
2434,258.718733212691,204.077748429394,-0.89507251475281,0.445920613264381
2435,259.174626380817,204.731409957893,-0.89520311424318,0.445658371680946
2436,259.639844035849,205.396347394515,-0.895258936331692,0.445546223099521
2437,260.0979255601,206.039987172991,-0.895286987766299,0.4454898534606
2438,260.55514429803,206.687722673739,-0.895145725875923,0.445773630272212
2439,261.023840999153,207.35166581775,-0.895050581655166,0.445964635681743
2440,261.494156089088,207.99164756971,-0.895005956389906,0.446054187320991
2441,261.948173126782,208.635489825121,-0.894986120220268,0.446093986300053
2442,262.397255321171,209.279326063127,-0.895142910744207,0.445779283215795
2443,262.853876724554,209.926000637505,-0.895030534529036,0.446004867978667
2444,263.30974109699,210.571830890577,-0.895165416797256,0.445734087287695
2445,263.768908408259,211.223739031773,-0.895244181737167,0.445575869034389
2446,264.228935277766,211.873104575444,-0.895189494414042,0.445685729063352
2447,264.695036799179,212.517908327976,-0.895300752086911,0.445462190665617
2448,265.152423463901,213.179612757191,-0.895176494318462,0.445711839667412
2449,265.613954971334,213.846826633529,-0.894400881470556,0.447266210689667
2450,266.085400058314,214.501724273989,-0.893788182488593,0.448489336376838
2451,266.5441166431,215.154918840585,-0.893228941062788,0.44960211170306
2452,266.992002726839,215.807963272438,-0.892798052583025,0.450457142582909
2453,267.440711094749,216.470227741158,-0.891949500737177,0.452135033076073
2454,267.901250388482,217.124378577342,-0.891601182300827,0.452821523030617
2455,268.356668336898,217.775433195279,-0.891076519952204,0.45385309912996
2456,268.802253663649,218.447689163848,-0.890647516737237,0.454694403891001
2457,269.239784515513,219.116841118607,-0.890615564484465,0.454756985980445
2458,269.692388943863,219.779916442981,-0.890562432803421,0.454861026335794
2459,270.147407005451,220.441343392202,-0.890660921878038,0.454668145177737
2460,270.583035244827,221.098441837025,-0.890646535231714,0.454696326441883
2461,271.026032608897,221.75062403731,-0.890692698889318,0.454605891014693
2462,271.475464554224,222.415311302089,-0.890709237390982,0.454573486277383
2463,271.920361323359,223.085877476494,-0.890671962742671,0.454646516300431
2464,272.371974853757,223.758136279004,-0.890740314902119,0.45451258663328
2465,272.818293559269,224.40250388551,-0.891000500733446,0.454002321241587
2466,273.264146333951,225.066041039997,-0.892336680344591,0.451370412091439
2467,273.701105057504,225.729648830764,-0.895707336122928,0.444644091398467
2468,274.159082683852,226.382276922847,-0.899929613573341,0.436035194237504
2469,274.629414890291,227.024983170299,-0.903635041357316,0.428303294443508
2470,275.090933871621,227.652230508057,-0.905786935560184,0.423733439049235
2471,275.58432281391,228.262405714694,-0.90694016764237,0.421259459617027
2472,276.055989925976,228.859522899059,-0.908165005942456,0.418612376765831
2473,276.51987855102,229.439845257546,-0.91050016888857,0.413508696950725
2474,276.965135932888,230.000771595463,-0.913761156544562,0.406251829276305
2475,277.419233270966,230.542602089804,-0.917469118320676,0.397807009651515
2476,277.88717705188,231.082956932352,-0.920982235497175,0.389604571198319
2477,278.360879416484,231.596630338221,-0.923917131516959,0.382592647720097
2478,278.823329031484,232.100271546717,-0.925711156301895,0.378231219095158
2479,279.292187532263,232.608681314704,-0.926936902602117,0.375217241867152
2480,279.778590727694,233.106840800461,-0.927909561110518,0.372805373351411
2481,280.276308967373,233.606354402556,-0.928404464923385,0.371571190366428
2482,280.778717573726,234.121124476672,-0.928718872894014,0.370784647916378
2483,281.262512426527,234.633940251288,-0.928796057249493,0.370591262765053
2484,281.750920566938,235.14066490897,-0.928827843719371,0.370511587850669
2485,282.243573300783,235.63954060123,-0.928884222475992,0.370370221852637
2486,282.742009821129,236.151091679769,-0.928869898964975,0.370406143033289
2487,283.234353609576,236.667829650726,-0.928931919290134,0.370250576399211
2488,283.718627212326,237.176068637296,-0.928835383059609,0.370492687075615
2489,284.215438016823,237.677560647849,-0.928825270090873,0.370518039561661
2490,284.711771844431,238.176698349722,-0.928757256684047,0.370688492074845
2491,285.201818567012,238.67236095196,-0.927926559930874,0.372763060636182
2492,285.706867615148,239.165706514566,-0.925671540089077,0.378328164255738
2493,286.19998164242,239.685908387442,-0.923620038566807,0.383309306380435
2494,286.677730880841,240.225542777109,-0.922747052532064,0.385406119623687
2495,287.16665260777,240.752206361699,-0.922505382955995,0.385984220425154
2496,287.647748809786,241.254713090988,-0.922441152751677,0.386137695272241
2497,288.099325460032,241.751072678941,-0.922083281227095,0.386991501820743
2498,288.54505678003,242.233814724158,-0.920170835834639,0.391517091426904
2499,288.978179343988,242.700935909286,-0.91762752357407,0.397441477426955
2500,289.387399096019,243.175940240061,-0.91484624217027,0.403802368971426
2501,289.785891332886,243.657300936243,-0.91228539085628,0.409555082534944
2502,290.196214177818,244.141375126931,-0.910120431031841,0.414343819814435
2503,290.597655598138,244.64171913599,-0.908241088725933,0.418447278339734
2504,290.99806644315,245.152336290738,-0.906768561509982,0.421628718017545
2505,291.400582167965,245.665705810788,-0.905903878425859,0.423483368094882
2506,291.824843337097,246.203743547894,-0.904938300310945,0.425542797648296
2507,292.201994856654,246.695290716957,-0.904501015963229,0.42647146694883
2508,292.577436028166,247.184803327872,-0.9027371426324,0.43019257468242
2509,292.945509718081,247.657976513111,-0.900659015312316,0.434526567814501
2510,293.294175396185,248.137651163857,-0.898714257479645,0.438534700340589
2511,293.634503578482,248.61165067972,-0.897989432100401,0.440017022211641
2512,293.974575331172,249.087247503577,-0.897884223148994,0.440231668352162
2513,294.320694640935,249.576359473044,-0.897901240100288,0.44019695935611
2514,294.671144103759,250.071373483228,-0.897846609751821,0.440308375297542
2515,295.032225600841,250.537166908474,-0.897850627738329,0.440300182000744
2516,295.414356438902,251.068634309525,-0.897587637895641,0.440836060567785
2517,295.759804720295,251.557255974245,-0.89791479183447,0.44016931583751
2518,296.103386415305,252.040321236097,-0.897960887245926,0.440075271943912
2519,296.435204648161,252.507921285996,-0.89805815421088,0.439876745981585
2520,296.752674244653,252.95159133766,-0.898089320621512,0.439813110520357
2521,297.060077167464,253.381416964755,-0.898355287236594,0.439269595913553
2522,297.360513910212,253.805680813685,-0.900049225987009,0.435788240777773
2523,297.657439935429,254.216261234416,-0.902914449002005,0.429820308714475
2524,297.947602534429,254.601135184919,-0.907091133370838,0.420934289123623
2525,298.212554342651,254.967126370594,-0.912203597445526,0.409737228974181
2526,298.486389918645,255.305621193301,-0.917575952099952,0.397560526370346
2527,298.754732115284,255.600057902134,-0.922583248530156,0.385798068335683
2528,299.013990476277,255.883454284573,-0.926795731119115,0.37556580352767
2529,299.273576796243,256.155176438913,-0.930142253852277,0.367199383984513
2530,299.572928807038,256.390648703552,-0.933617712352564,0.358270801463872
2531,299.847281900525,256.648452364081,-0.937896913294161,0.346914081630142
2532,300.118010657627,256.916176013465,-0.943055220006053,0.332636215736252
2533,300.402817949957,257.17272018048,-0.948997144855361,0.315284663528647
2534,300.706156737148,257.428698066497,-0.955290219296307,0.295669742984997
2535,301.021727725367,257.664760071916,-0.961363843021139,0.275280877162994
2536,301.355141621499,257.903670203195,-0.967118945287187,0.254324488924287
2537,301.699237004253,258.137940897214,-0.972362540857759,0.233476099711819
2538,302.055329963569,258.345139799962,-0.97712385452855,0.212671043894719
2539,302.420210416846,258.533237270461,-0.981445665953182,0.191740462035833
2540,302.80111961311,258.691407236268,-0.98533526998955,0.170629439765304
2541,303.18436217337,258.839310528939,-0.988848506698138,0.148924916655548
2542,303.567497278453,258.987260820364,-0.991880050986637,0.127176902206124
2543,303.952856850743,259.130107066593,-0.99449972290759,0.104739205347025
2544,304.359991174935,259.241353708961,-0.996610046474811,0.082270379028388
2545,304.778254665282,259.33303191122,-0.998224350394928,0.05956631832356
2546,305.206655355697,259.397395359465,-0.999335889682855,0.036438710072899
2547,305.625345343227,259.444152539778,-0.999908432548131,0.013532424732459
2548,306.065070445878,259.475200372214,0.999951849189289,0.009813220822997
2549,306.501799362256,259.491238532629,0.999467119527086,0.032641644937559
2550,306.944723176917,259.48891201231,0.998442567066313,0.055789248695712
2551,307.38403538413,259.459359273109,0.996909768094038,0.0785551671037
2552,307.827829279304,259.414502699251,0.994810954263394,0.101740676612436
2553,308.260100819491,259.358694967357,0.992176024907206,0.124846848575904
2554,308.688657496964,259.270466259648,0.988964529925464,0.14815248411453
2555,309.128016968815,259.16798849576,0.98517310198723,0.171563280222952
